ISO-10303-21;
HEADER;
/* Generated by software containing ST-Developer
 * from STEP Tools, Inc. (www.steptools.com) 
 */

FILE_DESCRIPTION(
/* description */ ('KiCad electronic assembly'),
/* implementation_level */ '2;1');

FILE_NAME(
/* name */ 'Bottom.step',
/* time_stamp */ '2026-08-04T20:19:01-04:00',
/* author */ (''),
/* organization */ (''),
/* preprocessor_version */ 'ST-DEVELOPER v20.1',
/* originating_system */ 'Autodesk Translation Framework v15.8.0.0',
/* authorisation */ '');

FILE_SCHEMA (('AUTOMOTIVE_DESIGN { 1 0 10303 214 3 1 1 }'));
ENDSEC;

DATA;
#10=MECHANICAL_DESIGN_GEOMETRIC_PRESENTATION_REPRESENTATION('',(#21),#2305);
#11=ITEM_DEFINED_TRANSFORMATION($,$,#1423,#1518);
#12=ITEM_DEFINED_TRANSFORMATION($,$,#1422,#1519);
#13=(
REPRESENTATION_RELATIONSHIP($,$,#2320,#2319)
REPRESENTATION_RELATIONSHIP_WITH_TRANSFORMATION(#11)
SHAPE_REPRESENTATION_RELATIONSHIP()
);
#14=(
REPRESENTATION_RELATIONSHIP($,$,#2319,#2318)
REPRESENTATION_RELATIONSHIP_WITH_TRANSFORMATION(#12)
SHAPE_REPRESENTATION_RELATIONSHIP()
);
#15=CONTEXT_DEPENDENT_SHAPE_REPRESENTATION(#13,#2316);
#16=CONTEXT_DEPENDENT_SHAPE_REPRESENTATION(#14,#2317);
#17=NEXT_ASSEMBLY_USAGE_OCCURRENCE('Bottom:1','Bottom:1','Bottom:1',#2323,
#2324,'Bottom:1');
#18=NEXT_ASSEMBLY_USAGE_OCCURRENCE('PCB_Related_PCB:1',
'PCB_Related_PCB:1','PCB_Related_PCB:1',#2322,#2323,'PCB_Related_PCB:1');
#19=SHAPE_REPRESENTATION_RELATIONSHIP('SRR','None',#2320,#20);
#20=ADVANCED_BREP_SHAPE_REPRESENTATION('',(#22),#2304);
#21=STYLED_ITEM('',(#2337),#22);
#22=MANIFOLD_SOLID_BREP('Bottom',#1408);
#23=CYLINDRICAL_SURFACE('',#1463,2.99999999999998);
#24=CYLINDRICAL_SURFACE('',#1467,3.00000000000002);
#25=CYLINDRICAL_SURFACE('',#1470,3.00000000000002);
#26=CYLINDRICAL_SURFACE('',#1480,1.49999999999998);
#27=CYLINDRICAL_SURFACE('',#1484,1.50000000000002);
#28=CYLINDRICAL_SURFACE('',#1487,1.50000000000002);
#29=CYLINDRICAL_SURFACE('',#1502,1.26999440253712);
#30=CYLINDRICAL_SURFACE('',#1505,1.26627946977162);
#31=CYLINDRICAL_SURFACE('',#1507,1.26627946977162);
#32=CYLINDRICAL_SURFACE('',#1510,1.27001770132172);
#33=CYLINDRICAL_SURFACE('',#1514,3.00000000000002);
#34=CYLINDRICAL_SURFACE('',#1517,1.50000000000002);
#35=FACE_BOUND('',#161,.T.);
#36=FACE_BOUND('',#171,.T.);
#37=FACE_BOUND('',#185,.T.);
#38=CIRCLE('',#1453,3.00000000000002);
#39=CIRCLE('',#1454,3.00000000000002);
#40=CIRCLE('',#1455,3.00000000000002);
#41=CIRCLE('',#1456,2.99999999999997);
#42=CIRCLE('',#1459,1.50000000000002);
#43=CIRCLE('',#1460,1.50000000000002);
#44=CIRCLE('',#1461,1.50000000000002);
#45=CIRCLE('',#1462,1.49999999999998);
#46=CIRCLE('',#1464,2.99999999999999);
#47=CIRCLE('',#1468,3.00000000000002);
#48=CIRCLE('',#1471,3.00000000000002);
#49=CIRCLE('',#1472,3.00000000000002);
#50=CIRCLE('',#1473,3.00000000000002);
#51=CIRCLE('',#1475,1.26627946977162);
#52=CIRCLE('',#1476,1.27001770132172);
#53=CIRCLE('',#1477,1.26999440253712);
#54=CIRCLE('',#1478,1.26627946977162);
#55=CIRCLE('',#1481,1.49999999999998);
#56=CIRCLE('',#1485,1.50000000000002);
#57=CIRCLE('',#1488,1.50000000000002);
#58=CIRCLE('',#1495,1.26627946977162);
#59=CIRCLE('',#1496,1.26999440253712);
#60=CIRCLE('',#1497,1.27001770132172);
#61=CIRCLE('',#1498,1.26627946977162);
#62=CIRCLE('',#1513,3.00000000000002);
#63=CIRCLE('',#1516,1.50000000000002);
#64=FACE_OUTER_BOUND('',#132,.T.);
#65=FACE_OUTER_BOUND('',#133,.T.);
#66=FACE_OUTER_BOUND('',#134,.T.);
#67=FACE_OUTER_BOUND('',#135,.T.);
#68=FACE_OUTER_BOUND('',#136,.T.);
#69=FACE_OUTER_BOUND('',#137,.T.);
#70=FACE_OUTER_BOUND('',#138,.T.);
#71=FACE_OUTER_BOUND('',#139,.T.);
#72=FACE_OUTER_BOUND('',#140,.T.);
#73=FACE_OUTER_BOUND('',#141,.T.);
#74=FACE_OUTER_BOUND('',#142,.T.);
#75=FACE_OUTER_BOUND('',#143,.T.);
#76=FACE_OUTER_BOUND('',#144,.T.);
#77=FACE_OUTER_BOUND('',#145,.T.);
#78=FACE_OUTER_BOUND('',#146,.T.);
#79=FACE_OUTER_BOUND('',#147,.T.);
#80=FACE_OUTER_BOUND('',#148,.T.);
#81=FACE_OUTER_BOUND('',#149,.T.);
#82=FACE_OUTER_BOUND('',#150,.T.);
#83=FACE_OUTER_BOUND('',#151,.T.);
#84=FACE_OUTER_BOUND('',#152,.T.);
#85=FACE_OUTER_BOUND('',#153,.T.);
#86=FACE_OUTER_BOUND('',#154,.T.);
#87=FACE_OUTER_BOUND('',#155,.T.);
#88=FACE_OUTER_BOUND('',#156,.T.);
#89=FACE_OUTER_BOUND('',#157,.T.);
#90=FACE_OUTER_BOUND('',#158,.T.);
#91=FACE_OUTER_BOUND('',#159,.T.);
#92=FACE_OUTER_BOUND('',#160,.T.);
#93=FACE_OUTER_BOUND('',#162,.T.);
#94=FACE_OUTER_BOUND('',#163,.T.);
#95=FACE_OUTER_BOUND('',#164,.T.);
#96=FACE_OUTER_BOUND('',#165,.T.);
#97=FACE_OUTER_BOUND('',#166,.T.);
#98=FACE_OUTER_BOUND('',#167,.T.);
#99=FACE_OUTER_BOUND('',#168,.T.);
#100=FACE_OUTER_BOUND('',#169,.T.);
#101=FACE_OUTER_BOUND('',#170,.T.);
#102=FACE_OUTER_BOUND('',#172,.T.);
#103=FACE_OUTER_BOUND('',#173,.T.);
#104=FACE_OUTER_BOUND('',#174,.T.);
#105=FACE_OUTER_BOUND('',#175,.T.);
#106=FACE_OUTER_BOUND('',#176,.T.);
#107=FACE_OUTER_BOUND('',#177,.T.);
#108=FACE_OUTER_BOUND('',#178,.T.);
#109=FACE_OUTER_BOUND('',#179,.T.);
#110=FACE_OUTER_BOUND('',#180,.T.);
#111=FACE_OUTER_BOUND('',#181,.T.);
#112=FACE_OUTER_BOUND('',#182,.T.);
#113=FACE_OUTER_BOUND('',#183,.T.);
#114=FACE_OUTER_BOUND('',#184,.T.);
#115=FACE_OUTER_BOUND('',#186,.T.);
#116=FACE_OUTER_BOUND('',#187,.T.);
#117=FACE_OUTER_BOUND('',#188,.T.);
#118=FACE_OUTER_BOUND('',#189,.T.);
#119=FACE_OUTER_BOUND('',#190,.T.);
#120=FACE_OUTER_BOUND('',#191,.T.);
#121=FACE_OUTER_BOUND('',#192,.T.);
#122=FACE_OUTER_BOUND('',#193,.T.);
#123=FACE_OUTER_BOUND('',#194,.T.);
#124=FACE_OUTER_BOUND('',#195,.T.);
#125=FACE_OUTER_BOUND('',#196,.T.);
#126=FACE_OUTER_BOUND('',#197,.T.);
#127=FACE_OUTER_BOUND('',#198,.T.);
#128=FACE_OUTER_BOUND('',#199,.T.);
#129=FACE_OUTER_BOUND('',#200,.T.);
#130=FACE_OUTER_BOUND('',#201,.T.);
#131=FACE_OUTER_BOUND('',#202,.T.);
#132=EDGE_LOOP('',(#884,#885,#886,#887));
#133=EDGE_LOOP('',(#888,#889,#890,#891,#892,#893));
#134=EDGE_LOOP('',(#894,#895,#896,#897));
#135=EDGE_LOOP('',(#898,#899,#900,#901));
#136=EDGE_LOOP('',(#902,#903,#904,#905,#906,#907,#908,#909));
#137=EDGE_LOOP('',(#910,#911,#912,#913,#914,#915));
#138=EDGE_LOOP('',(#916,#917,#918,#919,#920,#921,#922,#923));
#139=EDGE_LOOP('',(#924,#925,#926,#927));
#140=EDGE_LOOP('',(#928,#929,#930,#931));
#141=EDGE_LOOP('',(#932,#933,#934,#935));
#142=EDGE_LOOP('',(#936,#937,#938,#939));
#143=EDGE_LOOP('',(#940,#941,#942,#943,#944));
#144=EDGE_LOOP('',(#945,#946,#947,#948));
#145=EDGE_LOOP('',(#949,#950,#951,#952));
#146=EDGE_LOOP('',(#953,#954,#955,#956));
#147=EDGE_LOOP('',(#957,#958,#959,#960));
#148=EDGE_LOOP('',(#961,#962,#963,#964,#965,#966));
#149=EDGE_LOOP('',(#967,#968,#969,#970));
#150=EDGE_LOOP('',(#971,#972,#973,#974));
#151=EDGE_LOOP('',(#975,#976,#977,#978));
#152=EDGE_LOOP('',(#979,#980,#981,#982));
#153=EDGE_LOOP('',(#983,#984,#985,#986));
#154=EDGE_LOOP('',(#987,#988,#989,#990));
#155=EDGE_LOOP('',(#991,#992,#993,#994));
#156=EDGE_LOOP('',(#995,#996,#997,#998));
#157=EDGE_LOOP('',(#999,#1000,#1001,#1002));
#158=EDGE_LOOP('',(#1003,#1004,#1005,#1006));
#159=EDGE_LOOP('',(#1007,#1008,#1009,#1010,#1011,#1012));
#160=EDGE_LOOP('',(#1013,#1014,#1015,#1016,#1017,#1018,#1019,#1020,#1021,
#1022,#1023,#1024,#1025,#1026,#1027,#1028,#1029,#1030,#1031,#1032,#1033));
#161=EDGE_LOOP('',(#1034,#1035,#1036,#1037));
#162=EDGE_LOOP('',(#1038,#1039,#1040,#1041,#1042,#1043,#1044,#1045,#1046,
#1047,#1048,#1049,#1050,#1051,#1052,#1053,#1054,#1055,#1056,#1057));
#163=EDGE_LOOP('',(#1058,#1059,#1060,#1061,#1062,#1063,#1064,#1065,#1066,
#1067,#1068,#1069,#1070,#1071,#1072,#1073,#1074,#1075,#1076,#1077,#1078));
#164=EDGE_LOOP('',(#1079,#1080,#1081,#1082));
#165=EDGE_LOOP('',(#1083,#1084,#1085,#1086));
#166=EDGE_LOOP('',(#1087,#1088,#1089,#1090));
#167=EDGE_LOOP('',(#1091,#1092,#1093,#1094));
#168=EDGE_LOOP('',(#1095,#1096,#1097,#1098));
#169=EDGE_LOOP('',(#1099,#1100,#1101,#1102,#1103,#1104,#1105,#1106));
#170=EDGE_LOOP('',(#1107,#1108,#1109,#1110));
#171=EDGE_LOOP('',(#1111,#1112,#1113,#1114,#1115,#1116,#1117,#1118,#1119,
#1120));
#172=EDGE_LOOP('',(#1121,#1122,#1123,#1124));
#173=EDGE_LOOP('',(#1125,#1126,#1127,#1128));
#174=EDGE_LOOP('',(#1129,#1130,#1131,#1132));
#175=EDGE_LOOP('',(#1133,#1134,#1135,#1136));
#176=EDGE_LOOP('',(#1137,#1138,#1139,#1140));
#177=EDGE_LOOP('',(#1141,#1142,#1143,#1144));
#178=EDGE_LOOP('',(#1145,#1146,#1147,#1148));
#179=EDGE_LOOP('',(#1149,#1150,#1151));
#180=EDGE_LOOP('',(#1152,#1153,#1154,#1155));
#181=EDGE_LOOP('',(#1156,#1157,#1158,#1159));
#182=EDGE_LOOP('',(#1160,#1161,#1162,#1163,#1164,#1165,#1166,#1167));
#183=EDGE_LOOP('',(#1168,#1169,#1170,#1171));
#184=EDGE_LOOP('',(#1172,#1173,#1174,#1175,#1176,#1177));
#185=EDGE_LOOP('',(#1178,#1179,#1180,#1181,#1182,#1183,#1184,#1185,#1186,
#1187));
#186=EDGE_LOOP('',(#1188,#1189,#1190,#1191,#1192,#1193,#1194));
#187=EDGE_LOOP('',(#1195,#1196,#1197,#1198));
#188=EDGE_LOOP('',(#1199,#1200,#1201,#1202));
#189=EDGE_LOOP('',(#1203,#1204,#1205,#1206));
#190=EDGE_LOOP('',(#1207,#1208,#1209,#1210));
#191=EDGE_LOOP('',(#1211,#1212,#1213,#1214));
#192=EDGE_LOOP('',(#1215,#1216,#1217,#1218));
#193=EDGE_LOOP('',(#1219,#1220,#1221,#1222));
#194=EDGE_LOOP('',(#1223,#1224,#1225,#1226));
#195=EDGE_LOOP('',(#1227,#1228,#1229,#1230));
#196=EDGE_LOOP('',(#1231,#1232,#1233,#1234));
#197=EDGE_LOOP('',(#1235,#1236,#1237,#1238));
#198=EDGE_LOOP('',(#1239,#1240,#1241,#1242));
#199=EDGE_LOOP('',(#1243,#1244,#1245,#1246,#1247,#1248,#1249,#1250,#1251,
#1252,#1253,#1254));
#200=EDGE_LOOP('',(#1255,#1256,#1257,#1258));
#201=EDGE_LOOP('',(#1259,#1260,#1261,#1262,#1263,#1264,#1265,#1266,#1267,
#1268,#1269,#1270,#1271,#1272,#1273,#1274,#1275,#1276,#1277,#1278,#1279));
#202=EDGE_LOOP('',(#1280,#1281,#1282,#1283));
#203=LINE('',#1898,#377);
#204=LINE('',#1900,#378);
#205=LINE('',#1902,#379);
#206=LINE('',#1903,#380);
#207=LINE('',#1906,#381);
#208=LINE('',#1908,#382);
#209=LINE('',#1910,#383);
#210=LINE('',#1912,#384);
#211=LINE('',#1913,#385);
#212=LINE('',#1916,#386);
#213=LINE('',#1918,#387);
#214=LINE('',#1919,#388);
#215=LINE('',#1922,#389);
#216=LINE('',#1923,#390);
#217=LINE('',#1926,#391);
#218=LINE('',#1928,#392);
#219=LINE('',#1930,#393);
#220=LINE('',#1932,#394);
#221=LINE('',#1933,#395);
#222=LINE('',#1936,#396);
#223=LINE('',#1938,#397);
#224=LINE('',#1940,#398);
#225=LINE('',#1941,#399);
#226=LINE('',#1944,#400);
#227=LINE('',#1946,#401);
#228=LINE('',#1948,#402);
#229=LINE('',#1950,#403);
#230=LINE('',#1951,#404);
#231=LINE('',#1954,#405);
#232=LINE('',#1956,#406);
#233=LINE('',#1957,#407);
#234=LINE('',#1961,#408);
#235=LINE('',#1963,#409);
#236=LINE('',#1965,#410);
#237=LINE('',#1966,#411);
#238=LINE('',#1968,#412);
#239=LINE('',#1971,#413);
#240=LINE('',#1973,#414);
#241=LINE('',#1974,#415);
#242=LINE('',#1977,#416);
#243=LINE('',#1978,#417);
#244=LINE('',#1981,#418);
#245=LINE('',#1983,#419);
#246=LINE('',#1984,#420);
#247=LINE('',#1987,#421);
#248=LINE('',#1989,#422);
#249=LINE('',#1990,#423);
#250=LINE('',#1994,#424);
#251=LINE('',#1996,#425);
#252=LINE('',#1998,#426);
#253=LINE('',#1999,#427);
#254=LINE('',#2001,#428);
#255=LINE('',#2002,#429);
#256=LINE('',#2004,#430);
#257=LINE('',#2008,#431);
#258=LINE('',#2010,#432);
#259=LINE('',#2012,#433);
#260=LINE('',#2013,#434);
#261=LINE('',#2017,#435);
#262=LINE('',#2019,#436);
#263=LINE('',#2021,#437);
#264=LINE('',#2022,#438);
#265=LINE('',#2025,#439);
#266=LINE('',#2027,#440);
#267=LINE('',#2028,#441);
#268=LINE('',#2031,#442);
#269=LINE('',#2033,#443);
#270=LINE('',#2034,#444);
#271=LINE('',#2037,#445);
#272=LINE('',#2039,#446);
#273=LINE('',#2040,#447);
#274=LINE('',#2043,#448);
#275=LINE('',#2045,#449);
#276=LINE('',#2046,#450);
#277=LINE('',#2049,#451);
#278=LINE('',#2051,#452);
#279=LINE('',#2052,#453);
#280=LINE('',#2054,#454);
#281=LINE('',#2055,#455);
#282=LINE('',#2058,#456);
#283=LINE('',#2060,#457);
#284=LINE('',#2061,#458);
#285=LINE('',#2064,#459);
#286=LINE('',#2066,#460);
#287=LINE('',#2067,#461);
#288=LINE('',#2069,#462);
#289=LINE('',#2072,#463);
#290=LINE('',#2074,#464);
#291=LINE('',#2078,#465);
#292=LINE('',#2082,#466);
#293=LINE('',#2086,#467);
#294=LINE('',#2088,#468);
#295=LINE('',#2091,#469);
#296=LINE('',#2093,#470);
#297=LINE('',#2095,#471);
#298=LINE('',#2096,#472);
#299=LINE('',#2098,#473);
#300=LINE('',#2100,#474);
#301=LINE('',#2102,#475);
#302=LINE('',#2103,#476);
#303=LINE('',#2105,#477);
#304=LINE('',#2107,#478);
#305=LINE('',#2108,#479);
#306=LINE('',#2110,#480);
#307=LINE('',#2112,#481);
#308=LINE('',#2114,#482);
#309=LINE('',#2115,#483);
#310=LINE('',#2120,#484);
#311=LINE('',#2124,#485);
#312=LINE('',#2128,#486);
#313=LINE('',#2130,#487);
#314=LINE('',#2134,#488);
#315=LINE('',#2138,#489);
#316=LINE('',#2139,#490);
#317=LINE('',#2142,#491);
#318=LINE('',#2143,#492);
#319=LINE('',#2146,#493);
#320=LINE('',#2150,#494);
#321=LINE('',#2151,#495);
#322=LINE('',#2154,#496);
#323=LINE('',#2158,#497);
#324=LINE('',#2162,#498);
#325=LINE('',#2166,#499);
#326=LINE('',#2167,#500);
#327=LINE('',#2170,#501);
#328=LINE('',#2174,#502);
#329=LINE('',#2176,#503);
#330=LINE('',#2180,#504);
#331=LINE('',#2184,#505);
#332=LINE('',#2186,#506);
#333=LINE('',#2190,#507);
#334=LINE('',#2192,#508);
#335=LINE('',#2193,#509);
#336=LINE('',#2196,#510);
#337=LINE('',#2200,#511);
#338=LINE('',#2201,#512);
#339=LINE('',#2204,#513);
#340=LINE('',#2205,#514);
#341=LINE('',#2208,#515);
#342=LINE('',#2212,#516);
#343=LINE('',#2213,#517);
#344=LINE('',#2218,#518);
#345=LINE('',#2219,#519);
#346=LINE('',#2222,#520);
#347=LINE('',#2223,#521);
#348=LINE('',#2225,#522);
#349=LINE('',#2228,#523);
#350=LINE('',#2230,#524);
#351=LINE('',#2232,#525);
#352=LINE('',#2233,#526);
#353=LINE('',#2236,#527);
#354=LINE('',#2238,#528);
#355=LINE('',#2239,#529);
#356=LINE('',#2241,#530);
#357=LINE('',#2242,#531);
#358=LINE('',#2245,#532);
#359=LINE('',#2249,#533);
#360=LINE('',#2251,#534);
#361=LINE('',#2255,#535);
#362=LINE('',#2259,#536);
#363=LINE('',#2261,#537);
#364=LINE('',#2265,#538);
#365=LINE('',#2266,#539);
#366=LINE('',#2268,#540);
#367=LINE('',#2271,#541);
#368=LINE('',#2272,#542);
#369=LINE('',#2274,#543);
#370=LINE('',#2276,#544);
#371=LINE('',#2278,#545);
#372=LINE('',#2280,#546);
#373=LINE('',#2282,#547);
#374=LINE('',#2284,#548);
#375=LINE('',#2286,#549);
#376=LINE('',#2288,#550);
#377=VECTOR('',#1528,10.);
#378=VECTOR('',#1529,10.);
#379=VECTOR('',#1530,10.);
#380=VECTOR('',#1531,10.);
#381=VECTOR('',#1534,10.);
#382=VECTOR('',#1535,10.);
#383=VECTOR('',#1536,10.);
#384=VECTOR('',#1537,10.);
#385=VECTOR('',#1538,10.);
#386=VECTOR('',#1541,10.);
#387=VECTOR('',#1542,10.);
#388=VECTOR('',#1543,10.);
#389=VECTOR('',#1546,10.);
#390=VECTOR('',#1547,10.);
#391=VECTOR('',#1550,10.);
#392=VECTOR('',#1551,10.);
#393=VECTOR('',#1552,10.);
#394=VECTOR('',#1553,10.);
#395=VECTOR('',#1554,10.);
#396=VECTOR('',#1557,10.);
#397=VECTOR('',#1558,10.);
#398=VECTOR('',#1559,10.);
#399=VECTOR('',#1560,10.);
#400=VECTOR('',#1563,10.);
#401=VECTOR('',#1564,10.);
#402=VECTOR('',#1565,10.);
#403=VECTOR('',#1566,10.);
#404=VECTOR('',#1567,10.);
#405=VECTOR('',#1570,10.);
#406=VECTOR('',#1571,10.);
#407=VECTOR('',#1572,10.);
#408=VECTOR('',#1575,10.);
#409=VECTOR('',#1576,10.);
#410=VECTOR('',#1577,10.);
#411=VECTOR('',#1578,10.);
#412=VECTOR('',#1581,10.);
#413=VECTOR('',#1584,10.);
#414=VECTOR('',#1585,10.);
#415=VECTOR('',#1586,10.);
#416=VECTOR('',#1589,10.);
#417=VECTOR('',#1590,10.);
#418=VECTOR('',#1593,10.);
#419=VECTOR('',#1594,10.);
#420=VECTOR('',#1595,10.);
#421=VECTOR('',#1598,10.);
#422=VECTOR('',#1599,10.);
#423=VECTOR('',#1600,10.);
#424=VECTOR('',#1603,10.);
#425=VECTOR('',#1604,10.);
#426=VECTOR('',#1605,10.);
#427=VECTOR('',#1606,10.);
#428=VECTOR('',#1609,10.);
#429=VECTOR('',#1610,10.);
#430=VECTOR('',#1613,10.);
#431=VECTOR('',#1616,10.);
#432=VECTOR('',#1617,10.);
#433=VECTOR('',#1618,10.);
#434=VECTOR('',#1619,10.);
#435=VECTOR('',#1622,10.);
#436=VECTOR('',#1623,10.);
#437=VECTOR('',#1624,10.);
#438=VECTOR('',#1625,10.);
#439=VECTOR('',#1628,10.);
#440=VECTOR('',#1629,10.);
#441=VECTOR('',#1630,10.);
#442=VECTOR('',#1633,10.);
#443=VECTOR('',#1634,10.);
#444=VECTOR('',#1635,10.);
#445=VECTOR('',#1638,10.);
#446=VECTOR('',#1639,10.);
#447=VECTOR('',#1640,10.);
#448=VECTOR('',#1643,10.);
#449=VECTOR('',#1644,10.);
#450=VECTOR('',#1645,10.);
#451=VECTOR('',#1648,10.);
#452=VECTOR('',#1649,10.);
#453=VECTOR('',#1650,10.);
#454=VECTOR('',#1653,10.);
#455=VECTOR('',#1654,10.);
#456=VECTOR('',#1657,10.);
#457=VECTOR('',#1658,10.);
#458=VECTOR('',#1659,10.);
#459=VECTOR('',#1662,10.);
#460=VECTOR('',#1663,10.);
#461=VECTOR('',#1664,10.);
#462=VECTOR('',#1667,10.);
#463=VECTOR('',#1670,10.);
#464=VECTOR('',#1671,10.);
#465=VECTOR('',#1674,10.);
#466=VECTOR('',#1677,10.);
#467=VECTOR('',#1680,10.);
#468=VECTOR('',#1681,10.);
#469=VECTOR('',#1684,10.);
#470=VECTOR('',#1685,10.);
#471=VECTOR('',#1686,10.);
#472=VECTOR('',#1687,10.);
#473=VECTOR('',#1690,10.);
#474=VECTOR('',#1691,10.);
#475=VECTOR('',#1692,10.);
#476=VECTOR('',#1693,10.);
#477=VECTOR('',#1694,10.);
#478=VECTOR('',#1695,10.);
#479=VECTOR('',#1696,10.);
#480=VECTOR('',#1697,10.);
#481=VECTOR('',#1698,10.);
#482=VECTOR('',#1699,10.);
#483=VECTOR('',#1700,10.);
#484=VECTOR('',#1705,10.);
#485=VECTOR('',#1708,10.);
#486=VECTOR('',#1711,10.);
#487=VECTOR('',#1712,10.);
#488=VECTOR('',#1717,10.);
#489=VECTOR('',#1722,10.);
#490=VECTOR('',#1723,10.);
#491=VECTOR('',#1726,10.);
#492=VECTOR('',#1727,10.);
#493=VECTOR('',#1730,10.);
#494=VECTOR('',#1735,10.);
#495=VECTOR('',#1736,10.);
#496=VECTOR('',#1739,10.);
#497=VECTOR('',#1742,10.);
#498=VECTOR('',#1745,10.);
#499=VECTOR('',#1750,10.);
#500=VECTOR('',#1751,10.);
#501=VECTOR('',#1752,10.);
#502=VECTOR('',#1755,10.);
#503=VECTOR('',#1756,10.);
#504=VECTOR('',#1759,10.);
#505=VECTOR('',#1762,10.);
#506=VECTOR('',#1763,10.);
#507=VECTOR('',#1768,10.);
#508=VECTOR('',#1769,10.);
#509=VECTOR('',#1770,10.);
#510=VECTOR('',#1773,10.);
#511=VECTOR('',#1778,10.);
#512=VECTOR('',#1779,10.);
#513=VECTOR('',#1782,10.);
#514=VECTOR('',#1783,10.);
#515=VECTOR('',#1786,10.);
#516=VECTOR('',#1791,10.);
#517=VECTOR('',#1792,10.);
#518=VECTOR('',#1799,10.);
#519=VECTOR('',#1800,10.);
#520=VECTOR('',#1803,10.);
#521=VECTOR('',#1804,10.);
#522=VECTOR('',#1807,10.);
#523=VECTOR('',#1810,10.);
#524=VECTOR('',#1811,10.);
#525=VECTOR('',#1812,10.);
#526=VECTOR('',#1813,10.);
#527=VECTOR('',#1816,10.);
#528=VECTOR('',#1817,10.);
#529=VECTOR('',#1818,10.);
#530=VECTOR('',#1821,10.);
#531=VECTOR('',#1822,10.);
#532=VECTOR('',#1823,10.);
#533=VECTOR('',#1826,10.);
#534=VECTOR('',#1827,10.);
#535=VECTOR('',#1830,10.);
#536=VECTOR('',#1833,10.);
#537=VECTOR('',#1834,10.);
#538=VECTOR('',#1839,10.);
#539=VECTOR('',#1840,10.);
#540=VECTOR('',#1843,10.);
#541=VECTOR('',#1848,10.);
#542=VECTOR('',#1849,10.);
#543=VECTOR('',#1852,10.);
#544=VECTOR('',#1855,10.);
#545=VECTOR('',#1858,10.);
#546=VECTOR('',#1861,10.);
#547=VECTOR('',#1864,10.);
#548=VECTOR('',#1867,10.);
#549=VECTOR('',#1870,10.);
#550=VECTOR('',#1873,10.);
#551=VERTEX_POINT('',#1896);
#552=VERTEX_POINT('',#1897);
#553=VERTEX_POINT('',#1899);
#554=VERTEX_POINT('',#1901);
#555=VERTEX_POINT('',#1905);
#556=VERTEX_POINT('',#1907);
#557=VERTEX_POINT('',#1909);
#558=VERTEX_POINT('',#1911);
#559=VERTEX_POINT('',#1915);
#560=VERTEX_POINT('',#1917);
#561=VERTEX_POINT('',#1921);
#562=VERTEX_POINT('',#1925);
#563=VERTEX_POINT('',#1927);
#564=VERTEX_POINT('',#1929);
#565=VERTEX_POINT('',#1931);
#566=VERTEX_POINT('',#1935);
#567=VERTEX_POINT('',#1937);
#568=VERTEX_POINT('',#1939);
#569=VERTEX_POINT('',#1943);
#570=VERTEX_POINT('',#1945);
#571=VERTEX_POINT('',#1947);
#572=VERTEX_POINT('',#1949);
#573=VERTEX_POINT('',#1953);
#574=VERTEX_POINT('',#1955);
#575=VERTEX_POINT('',#1959);
#576=VERTEX_POINT('',#1960);
#577=VERTEX_POINT('',#1962);
#578=VERTEX_POINT('',#1964);
#579=VERTEX_POINT('',#1970);
#580=VERTEX_POINT('',#1972);
#581=VERTEX_POINT('',#1976);
#582=VERTEX_POINT('',#1980);
#583=VERTEX_POINT('',#1982);
#584=VERTEX_POINT('',#1986);
#585=VERTEX_POINT('',#1988);
#586=VERTEX_POINT('',#1992);
#587=VERTEX_POINT('',#1993);
#588=VERTEX_POINT('',#1995);
#589=VERTEX_POINT('',#1997);
#590=VERTEX_POINT('',#2006);
#591=VERTEX_POINT('',#2007);
#592=VERTEX_POINT('',#2009);
#593=VERTEX_POINT('',#2011);
#594=VERTEX_POINT('',#2015);
#595=VERTEX_POINT('',#2016);
#596=VERTEX_POINT('',#2018);
#597=VERTEX_POINT('',#2020);
#598=VERTEX_POINT('',#2024);
#599=VERTEX_POINT('',#2026);
#600=VERTEX_POINT('',#2030);
#601=VERTEX_POINT('',#2032);
#602=VERTEX_POINT('',#2036);
#603=VERTEX_POINT('',#2038);
#604=VERTEX_POINT('',#2042);
#605=VERTEX_POINT('',#2044);
#606=VERTEX_POINT('',#2048);
#607=VERTEX_POINT('',#2050);
#608=VERTEX_POINT('',#2057);
#609=VERTEX_POINT('',#2059);
#610=VERTEX_POINT('',#2063);
#611=VERTEX_POINT('',#2065);
#612=VERTEX_POINT('',#2071);
#613=VERTEX_POINT('',#2073);
#614=VERTEX_POINT('',#2075);
#615=VERTEX_POINT('',#2077);
#616=VERTEX_POINT('',#2079);
#617=VERTEX_POINT('',#2081);
#618=VERTEX_POINT('',#2083);
#619=VERTEX_POINT('',#2085);
#620=VERTEX_POINT('',#2087);
#621=VERTEX_POINT('',#2089);
#622=VERTEX_POINT('',#2092);
#623=VERTEX_POINT('',#2094);
#624=VERTEX_POINT('',#2099);
#625=VERTEX_POINT('',#2101);
#626=VERTEX_POINT('',#2104);
#627=VERTEX_POINT('',#2106);
#628=VERTEX_POINT('',#2109);
#629=VERTEX_POINT('',#2111);
#630=VERTEX_POINT('',#2113);
#631=VERTEX_POINT('',#2117);
#632=VERTEX_POINT('',#2119);
#633=VERTEX_POINT('',#2121);
#634=VERTEX_POINT('',#2123);
#635=VERTEX_POINT('',#2125);
#636=VERTEX_POINT('',#2127);
#637=VERTEX_POINT('',#2129);
#638=VERTEX_POINT('',#2133);
#639=VERTEX_POINT('',#2137);
#640=VERTEX_POINT('',#2141);
#641=VERTEX_POINT('',#2145);
#642=VERTEX_POINT('',#2149);
#643=VERTEX_POINT('',#2153);
#644=VERTEX_POINT('',#2155);
#645=VERTEX_POINT('',#2157);
#646=VERTEX_POINT('',#2159);
#647=VERTEX_POINT('',#2161);
#648=VERTEX_POINT('',#2165);
#649=VERTEX_POINT('',#2168);
#650=VERTEX_POINT('',#2169);
#651=VERTEX_POINT('',#2171);
#652=VERTEX_POINT('',#2173);
#653=VERTEX_POINT('',#2175);
#654=VERTEX_POINT('',#2177);
#655=VERTEX_POINT('',#2179);
#656=VERTEX_POINT('',#2181);
#657=VERTEX_POINT('',#2183);
#658=VERTEX_POINT('',#2185);
#659=VERTEX_POINT('',#2189);
#660=VERTEX_POINT('',#2191);
#661=VERTEX_POINT('',#2195);
#662=VERTEX_POINT('',#2199);
#663=VERTEX_POINT('',#2203);
#664=VERTEX_POINT('',#2207);
#665=VERTEX_POINT('',#2211);
#666=VERTEX_POINT('',#2217);
#667=VERTEX_POINT('',#2221);
#668=VERTEX_POINT('',#2227);
#669=VERTEX_POINT('',#2229);
#670=VERTEX_POINT('',#2231);
#671=VERTEX_POINT('',#2235);
#672=VERTEX_POINT('',#2237);
#673=VERTEX_POINT('',#2243);
#674=VERTEX_POINT('',#2244);
#675=VERTEX_POINT('',#2246);
#676=VERTEX_POINT('',#2248);
#677=VERTEX_POINT('',#2250);
#678=VERTEX_POINT('',#2252);
#679=VERTEX_POINT('',#2254);
#680=VERTEX_POINT('',#2256);
#681=VERTEX_POINT('',#2258);
#682=VERTEX_POINT('',#2260);
#683=VERTEX_POINT('',#2264);
#684=EDGE_CURVE('',#551,#552,#203,.T.);
#685=EDGE_CURVE('',#553,#551,#204,.T.);
#686=EDGE_CURVE('',#554,#553,#205,.T.);
#687=EDGE_CURVE('',#554,#552,#206,.T.);
#688=EDGE_CURVE('',#552,#555,#207,.T.);
#689=EDGE_CURVE('',#556,#554,#208,.T.);
#690=EDGE_CURVE('',#556,#557,#209,.T.);
#691=EDGE_CURVE('',#557,#558,#210,.T.);
#692=EDGE_CURVE('',#555,#558,#211,.T.);
#693=EDGE_CURVE('',#559,#556,#212,.T.);
#694=EDGE_CURVE('',#560,#559,#213,.T.);
#695=EDGE_CURVE('',#560,#557,#214,.T.);
#696=EDGE_CURVE('',#558,#561,#215,.T.);
#697=EDGE_CURVE('',#561,#560,#216,.T.);
#698=EDGE_CURVE('',#553,#562,#217,.T.);
#699=EDGE_CURVE('',#562,#563,#218,.T.);
#700=EDGE_CURVE('',#563,#564,#219,.T.);
#701=EDGE_CURVE('',#564,#565,#220,.T.);
#702=EDGE_CURVE('',#565,#559,#221,.T.);
#703=EDGE_CURVE('',#566,#551,#222,.T.);
#704=EDGE_CURVE('',#566,#567,#223,.T.);
#705=EDGE_CURVE('',#567,#568,#224,.T.);
#706=EDGE_CURVE('',#568,#562,#225,.T.);
#707=EDGE_CURVE('',#555,#569,#226,.T.);
#708=EDGE_CURVE('',#570,#569,#227,.T.);
#709=EDGE_CURVE('',#571,#570,#228,.T.);
#710=EDGE_CURVE('',#572,#571,#229,.T.);
#711=EDGE_CURVE('',#572,#566,#230,.T.);
#712=EDGE_CURVE('',#573,#567,#231,.T.);
#713=EDGE_CURVE('',#574,#573,#232,.T.);
#714=EDGE_CURVE('',#574,#568,#233,.T.);
#715=EDGE_CURVE('',#575,#576,#234,.T.);
#716=EDGE_CURVE('',#575,#577,#235,.T.);
#717=EDGE_CURVE('',#577,#578,#236,.T.);
#718=EDGE_CURVE('',#576,#578,#237,.T.);
#719=EDGE_CURVE('',#563,#574,#238,.T.);
#720=EDGE_CURVE('',#579,#575,#239,.T.);
#721=EDGE_CURVE('',#580,#579,#240,.T.);
#722=EDGE_CURVE('',#580,#577,#241,.T.);
#723=EDGE_CURVE('',#581,#572,#242,.T.);
#724=EDGE_CURVE('',#573,#581,#243,.T.);
#725=EDGE_CURVE('',#582,#572,#244,.T.);
#726=EDGE_CURVE('',#583,#582,#245,.T.);
#727=EDGE_CURVE('',#581,#583,#246,.T.);
#728=EDGE_CURVE('',#576,#584,#247,.T.);
#729=EDGE_CURVE('',#578,#585,#248,.T.);
#730=EDGE_CURVE('',#584,#585,#249,.T.);
#731=EDGE_CURVE('',#586,#587,#250,.T.);
#732=EDGE_CURVE('',#586,#588,#251,.T.);
#733=EDGE_CURVE('',#588,#589,#252,.T.);
#734=EDGE_CURVE('',#587,#589,#253,.T.);
#735=EDGE_CURVE('',#584,#586,#254,.T.);
#736=EDGE_CURVE('',#585,#588,#255,.T.);
#737=EDGE_CURVE('',#589,#580,#256,.T.);
#738=EDGE_CURVE('',#590,#591,#257,.T.);
#739=EDGE_CURVE('',#592,#590,#258,.T.);
#740=EDGE_CURVE('',#593,#592,#259,.T.);
#741=EDGE_CURVE('',#591,#593,#260,.T.);
#742=EDGE_CURVE('',#594,#595,#261,.T.);
#743=EDGE_CURVE('',#596,#594,#262,.T.);
#744=EDGE_CURVE('',#596,#597,#263,.T.);
#745=EDGE_CURVE('',#595,#597,#264,.T.);
#746=EDGE_CURVE('',#598,#590,#265,.T.);
#747=EDGE_CURVE('',#599,#598,#266,.T.);
#748=EDGE_CURVE('',#592,#599,#267,.T.);
#749=EDGE_CURVE('',#595,#600,#268,.T.);
#750=EDGE_CURVE('',#597,#601,#269,.T.);
#751=EDGE_CURVE('',#600,#601,#270,.T.);
#752=EDGE_CURVE('',#602,#598,#271,.T.);
#753=EDGE_CURVE('',#603,#602,#272,.T.);
#754=EDGE_CURVE('',#599,#603,#273,.T.);
#755=EDGE_CURVE('',#600,#604,#274,.T.);
#756=EDGE_CURVE('',#601,#605,#275,.T.);
#757=EDGE_CURVE('',#604,#605,#276,.T.);
#758=EDGE_CURVE('',#565,#606,#277,.T.);
#759=EDGE_CURVE('',#607,#564,#278,.T.);
#760=EDGE_CURVE('',#607,#606,#279,.T.);
#761=EDGE_CURVE('',#606,#602,#280,.T.);
#762=EDGE_CURVE('',#603,#607,#281,.T.);
#763=EDGE_CURVE('',#604,#608,#282,.T.);
#764=EDGE_CURVE('',#605,#609,#283,.T.);
#765=EDGE_CURVE('',#608,#609,#284,.T.);
#766=EDGE_CURVE('',#608,#610,#285,.T.);
#767=EDGE_CURVE('',#609,#611,#286,.T.);
#768=EDGE_CURVE('',#610,#611,#287,.T.);
#769=EDGE_CURVE('',#611,#596,#288,.T.);
#770=EDGE_CURVE('',#583,#612,#289,.T.);
#771=EDGE_CURVE('',#613,#612,#290,.T.);
#772=EDGE_CURVE('',#613,#614,#38,.T.);
#773=EDGE_CURVE('',#614,#615,#291,.T.);
#774=EDGE_CURVE('',#615,#616,#39,.T.);
#775=EDGE_CURVE('',#616,#617,#292,.T.);
#776=EDGE_CURVE('',#617,#618,#40,.T.);
#777=EDGE_CURVE('',#618,#619,#293,.T.);
#778=EDGE_CURVE('',#619,#620,#294,.T.);
#779=EDGE_CURVE('',#620,#621,#41,.T.);
#780=EDGE_CURVE('',#593,#621,#295,.T.);
#781=EDGE_CURVE('',#569,#622,#296,.T.);
#782=EDGE_CURVE('',#622,#623,#297,.T.);
#783=EDGE_CURVE('',#623,#570,#298,.T.);
#784=EDGE_CURVE('',#579,#610,#299,.T.);
#785=EDGE_CURVE('',#594,#624,#300,.T.);
#786=EDGE_CURVE('',#624,#625,#301,.T.);
#787=EDGE_CURVE('',#625,#591,#302,.T.);
#788=EDGE_CURVE('',#621,#626,#303,.T.);
#789=EDGE_CURVE('',#626,#627,#304,.T.);
#790=EDGE_CURVE('',#627,#613,#305,.T.);
#791=EDGE_CURVE('',#612,#628,#306,.T.);
#792=EDGE_CURVE('',#628,#629,#307,.T.);
#793=EDGE_CURVE('',#629,#630,#308,.T.);
#794=EDGE_CURVE('',#630,#587,#309,.T.);
#795=EDGE_CURVE('',#630,#631,#42,.T.);
#796=EDGE_CURVE('',#631,#632,#310,.T.);
#797=EDGE_CURVE('',#632,#633,#43,.T.);
#798=EDGE_CURVE('',#633,#634,#311,.T.);
#799=EDGE_CURVE('',#634,#635,#44,.T.);
#800=EDGE_CURVE('',#635,#636,#312,.T.);
#801=EDGE_CURVE('',#636,#637,#313,.T.);
#802=EDGE_CURVE('',#637,#624,#45,.T.);
#803=EDGE_CURVE('',#638,#620,#314,.T.);
#804=EDGE_CURVE('',#626,#638,#46,.T.);
#805=EDGE_CURVE('',#639,#619,#315,.T.);
#806=EDGE_CURVE('',#638,#639,#316,.T.);
#807=EDGE_CURVE('',#640,#618,#317,.T.);
#808=EDGE_CURVE('',#639,#640,#318,.T.);
#809=EDGE_CURVE('',#641,#617,#319,.T.);
#810=EDGE_CURVE('',#640,#641,#47,.T.);
#811=EDGE_CURVE('',#642,#616,#320,.T.);
#812=EDGE_CURVE('',#641,#642,#321,.T.);
#813=EDGE_CURVE('',#643,#615,#322,.T.);
#814=EDGE_CURVE('',#644,#643,#48,.T.);
#815=EDGE_CURVE('',#645,#644,#323,.T.);
#816=EDGE_CURVE('',#646,#645,#49,.T.);
#817=EDGE_CURVE('',#646,#647,#324,.T.);
#818=EDGE_CURVE('',#642,#647,#50,.T.);
#819=EDGE_CURVE('',#648,#614,#325,.T.);
#820=EDGE_CURVE('',#643,#648,#326,.T.);
#821=EDGE_CURVE('',#649,#650,#327,.T.);
#822=EDGE_CURVE('',#650,#651,#51,.T.);
#823=EDGE_CURVE('',#651,#652,#328,.T.);
#824=EDGE_CURVE('',#652,#653,#329,.T.);
#825=EDGE_CURVE('',#653,#654,#52,.T.);
#826=EDGE_CURVE('',#654,#655,#330,.T.);
#827=EDGE_CURVE('',#655,#656,#53,.T.);
#828=EDGE_CURVE('',#656,#657,#331,.T.);
#829=EDGE_CURVE('',#657,#658,#332,.T.);
#830=EDGE_CURVE('',#658,#649,#54,.T.);
#831=EDGE_CURVE('',#631,#659,#333,.T.);
#832=EDGE_CURVE('',#660,#659,#334,.T.);
#833=EDGE_CURVE('',#632,#660,#335,.T.);
#834=EDGE_CURVE('',#637,#661,#336,.T.);
#835=EDGE_CURVE('',#625,#661,#55,.T.);
#836=EDGE_CURVE('',#636,#662,#337,.T.);
#837=EDGE_CURVE('',#661,#662,#338,.T.);
#838=EDGE_CURVE('',#635,#663,#339,.T.);
#839=EDGE_CURVE('',#662,#663,#340,.T.);
#840=EDGE_CURVE('',#634,#664,#341,.T.);
#841=EDGE_CURVE('',#663,#664,#56,.T.);
#842=EDGE_CURVE('',#633,#665,#342,.T.);
#843=EDGE_CURVE('',#664,#665,#343,.T.);
#844=EDGE_CURVE('',#665,#660,#57,.T.);
#845=EDGE_CURVE('',#645,#666,#344,.T.);
#846=EDGE_CURVE('',#666,#646,#345,.T.);
#847=EDGE_CURVE('',#666,#667,#346,.T.);
#848=EDGE_CURVE('',#647,#667,#347,.T.);
#849=EDGE_CURVE('',#667,#644,#348,.T.);
#850=EDGE_CURVE('',#561,#668,#349,.T.);
#851=EDGE_CURVE('',#668,#669,#350,.T.);
#852=EDGE_CURVE('',#670,#669,#351,.T.);
#853=EDGE_CURVE('',#622,#670,#352,.T.);
#854=EDGE_CURVE('',#668,#671,#353,.T.);
#855=EDGE_CURVE('',#671,#672,#354,.T.);
#856=EDGE_CURVE('',#669,#672,#355,.T.);
#857=EDGE_CURVE('',#671,#628,#356,.T.);
#858=EDGE_CURVE('',#672,#582,#357,.T.);
#859=EDGE_CURVE('',#673,#674,#358,.T.);
#860=EDGE_CURVE('',#674,#675,#58,.T.);
#861=EDGE_CURVE('',#675,#676,#359,.T.);
#862=EDGE_CURVE('',#676,#677,#360,.T.);
#863=EDGE_CURVE('',#677,#678,#59,.T.);
#864=EDGE_CURVE('',#678,#679,#361,.T.);
#865=EDGE_CURVE('',#679,#680,#60,.T.);
#866=EDGE_CURVE('',#680,#681,#362,.T.);
#867=EDGE_CURVE('',#681,#682,#363,.T.);
#868=EDGE_CURVE('',#682,#673,#61,.T.);
#869=EDGE_CURVE('',#571,#683,#364,.T.);
#870=EDGE_CURVE('',#683,#670,#365,.T.);
#871=EDGE_CURVE('',#683,#623,#366,.T.);
#872=EDGE_CURVE('',#656,#677,#367,.T.);
#873=EDGE_CURVE('',#655,#678,#368,.T.);
#874=EDGE_CURVE('',#657,#676,#369,.T.);
#875=EDGE_CURVE('',#658,#675,#370,.T.);
#876=EDGE_CURVE('',#649,#674,#371,.T.);
#877=EDGE_CURVE('',#650,#673,#372,.T.);
#878=EDGE_CURVE('',#651,#682,#373,.T.);
#879=EDGE_CURVE('',#652,#681,#374,.T.);
#880=EDGE_CURVE('',#653,#680,#375,.T.);
#881=EDGE_CURVE('',#654,#679,#376,.T.);
#882=EDGE_CURVE('',#648,#627,#62,.T.);
#883=EDGE_CURVE('',#659,#629,#63,.T.);
#884=ORIENTED_EDGE('',*,*,#684,.F.);
#885=ORIENTED_EDGE('',*,*,#685,.F.);
#886=ORIENTED_EDGE('',*,*,#686,.F.);
#887=ORIENTED_EDGE('',*,*,#687,.T.);
#888=ORIENTED_EDGE('',*,*,#688,.F.);
#889=ORIENTED_EDGE('',*,*,#687,.F.);
#890=ORIENTED_EDGE('',*,*,#689,.F.);
#891=ORIENTED_EDGE('',*,*,#690,.T.);
#892=ORIENTED_EDGE('',*,*,#691,.T.);
#893=ORIENTED_EDGE('',*,*,#692,.F.);
#894=ORIENTED_EDGE('',*,*,#693,.F.);
#895=ORIENTED_EDGE('',*,*,#694,.F.);
#896=ORIENTED_EDGE('',*,*,#695,.T.);
#897=ORIENTED_EDGE('',*,*,#690,.F.);
#898=ORIENTED_EDGE('',*,*,#696,.F.);
#899=ORIENTED_EDGE('',*,*,#691,.F.);
#900=ORIENTED_EDGE('',*,*,#695,.F.);
#901=ORIENTED_EDGE('',*,*,#697,.F.);
#902=ORIENTED_EDGE('',*,*,#693,.T.);
#903=ORIENTED_EDGE('',*,*,#689,.T.);
#904=ORIENTED_EDGE('',*,*,#686,.T.);
#905=ORIENTED_EDGE('',*,*,#698,.T.);
#906=ORIENTED_EDGE('',*,*,#699,.T.);
#907=ORIENTED_EDGE('',*,*,#700,.T.);
#908=ORIENTED_EDGE('',*,*,#701,.T.);
#909=ORIENTED_EDGE('',*,*,#702,.T.);
#910=ORIENTED_EDGE('',*,*,#685,.T.);
#911=ORIENTED_EDGE('',*,*,#703,.F.);
#912=ORIENTED_EDGE('',*,*,#704,.T.);
#913=ORIENTED_EDGE('',*,*,#705,.T.);
#914=ORIENTED_EDGE('',*,*,#706,.T.);
#915=ORIENTED_EDGE('',*,*,#698,.F.);
#916=ORIENTED_EDGE('',*,*,#684,.T.);
#917=ORIENTED_EDGE('',*,*,#688,.T.);
#918=ORIENTED_EDGE('',*,*,#707,.T.);
#919=ORIENTED_EDGE('',*,*,#708,.F.);
#920=ORIENTED_EDGE('',*,*,#709,.F.);
#921=ORIENTED_EDGE('',*,*,#710,.F.);
#922=ORIENTED_EDGE('',*,*,#711,.T.);
#923=ORIENTED_EDGE('',*,*,#703,.T.);
#924=ORIENTED_EDGE('',*,*,#705,.F.);
#925=ORIENTED_EDGE('',*,*,#712,.F.);
#926=ORIENTED_EDGE('',*,*,#713,.F.);
#927=ORIENTED_EDGE('',*,*,#714,.T.);
#928=ORIENTED_EDGE('',*,*,#715,.F.);
#929=ORIENTED_EDGE('',*,*,#716,.T.);
#930=ORIENTED_EDGE('',*,*,#717,.T.);
#931=ORIENTED_EDGE('',*,*,#718,.F.);
#932=ORIENTED_EDGE('',*,*,#706,.F.);
#933=ORIENTED_EDGE('',*,*,#714,.F.);
#934=ORIENTED_EDGE('',*,*,#719,.F.);
#935=ORIENTED_EDGE('',*,*,#699,.F.);
#936=ORIENTED_EDGE('',*,*,#720,.F.);
#937=ORIENTED_EDGE('',*,*,#721,.F.);
#938=ORIENTED_EDGE('',*,*,#722,.T.);
#939=ORIENTED_EDGE('',*,*,#716,.F.);
#940=ORIENTED_EDGE('',*,*,#704,.F.);
#941=ORIENTED_EDGE('',*,*,#711,.F.);
#942=ORIENTED_EDGE('',*,*,#723,.F.);
#943=ORIENTED_EDGE('',*,*,#724,.F.);
#944=ORIENTED_EDGE('',*,*,#712,.T.);
#945=ORIENTED_EDGE('',*,*,#725,.F.);
#946=ORIENTED_EDGE('',*,*,#726,.F.);
#947=ORIENTED_EDGE('',*,*,#727,.F.);
#948=ORIENTED_EDGE('',*,*,#723,.T.);
#949=ORIENTED_EDGE('',*,*,#728,.F.);
#950=ORIENTED_EDGE('',*,*,#718,.T.);
#951=ORIENTED_EDGE('',*,*,#729,.T.);
#952=ORIENTED_EDGE('',*,*,#730,.F.);
#953=ORIENTED_EDGE('',*,*,#731,.F.);
#954=ORIENTED_EDGE('',*,*,#732,.T.);
#955=ORIENTED_EDGE('',*,*,#733,.T.);
#956=ORIENTED_EDGE('',*,*,#734,.F.);
#957=ORIENTED_EDGE('',*,*,#735,.F.);
#958=ORIENTED_EDGE('',*,*,#730,.T.);
#959=ORIENTED_EDGE('',*,*,#736,.T.);
#960=ORIENTED_EDGE('',*,*,#732,.F.);
#961=ORIENTED_EDGE('',*,*,#736,.F.);
#962=ORIENTED_EDGE('',*,*,#729,.F.);
#963=ORIENTED_EDGE('',*,*,#717,.F.);
#964=ORIENTED_EDGE('',*,*,#722,.F.);
#965=ORIENTED_EDGE('',*,*,#737,.F.);
#966=ORIENTED_EDGE('',*,*,#733,.F.);
#967=ORIENTED_EDGE('',*,*,#738,.F.);
#968=ORIENTED_EDGE('',*,*,#739,.F.);
#969=ORIENTED_EDGE('',*,*,#740,.F.);
#970=ORIENTED_EDGE('',*,*,#741,.F.);
#971=ORIENTED_EDGE('',*,*,#742,.F.);
#972=ORIENTED_EDGE('',*,*,#743,.F.);
#973=ORIENTED_EDGE('',*,*,#744,.T.);
#974=ORIENTED_EDGE('',*,*,#745,.F.);
#975=ORIENTED_EDGE('',*,*,#746,.F.);
#976=ORIENTED_EDGE('',*,*,#747,.F.);
#977=ORIENTED_EDGE('',*,*,#748,.F.);
#978=ORIENTED_EDGE('',*,*,#739,.T.);
#979=ORIENTED_EDGE('',*,*,#749,.F.);
#980=ORIENTED_EDGE('',*,*,#745,.T.);
#981=ORIENTED_EDGE('',*,*,#750,.T.);
#982=ORIENTED_EDGE('',*,*,#751,.F.);
#983=ORIENTED_EDGE('',*,*,#752,.F.);
#984=ORIENTED_EDGE('',*,*,#753,.F.);
#985=ORIENTED_EDGE('',*,*,#754,.F.);
#986=ORIENTED_EDGE('',*,*,#747,.T.);
#987=ORIENTED_EDGE('',*,*,#755,.F.);
#988=ORIENTED_EDGE('',*,*,#751,.T.);
#989=ORIENTED_EDGE('',*,*,#756,.T.);
#990=ORIENTED_EDGE('',*,*,#757,.F.);
#991=ORIENTED_EDGE('',*,*,#758,.F.);
#992=ORIENTED_EDGE('',*,*,#701,.F.);
#993=ORIENTED_EDGE('',*,*,#759,.F.);
#994=ORIENTED_EDGE('',*,*,#760,.T.);
#995=ORIENTED_EDGE('',*,*,#761,.F.);
#996=ORIENTED_EDGE('',*,*,#760,.F.);
#997=ORIENTED_EDGE('',*,*,#762,.F.);
#998=ORIENTED_EDGE('',*,*,#753,.T.);
#999=ORIENTED_EDGE('',*,*,#763,.F.);
#1000=ORIENTED_EDGE('',*,*,#757,.T.);
#1001=ORIENTED_EDGE('',*,*,#764,.T.);
#1002=ORIENTED_EDGE('',*,*,#765,.F.);
#1003=ORIENTED_EDGE('',*,*,#766,.F.);
#1004=ORIENTED_EDGE('',*,*,#765,.T.);
#1005=ORIENTED_EDGE('',*,*,#767,.T.);
#1006=ORIENTED_EDGE('',*,*,#768,.F.);
#1007=ORIENTED_EDGE('',*,*,#767,.F.);
#1008=ORIENTED_EDGE('',*,*,#764,.F.);
#1009=ORIENTED_EDGE('',*,*,#756,.F.);
#1010=ORIENTED_EDGE('',*,*,#750,.F.);
#1011=ORIENTED_EDGE('',*,*,#744,.F.);
#1012=ORIENTED_EDGE('',*,*,#769,.F.);
#1013=ORIENTED_EDGE('',*,*,#719,.T.);
#1014=ORIENTED_EDGE('',*,*,#713,.T.);
#1015=ORIENTED_EDGE('',*,*,#724,.T.);
#1016=ORIENTED_EDGE('',*,*,#727,.T.);
#1017=ORIENTED_EDGE('',*,*,#770,.T.);
#1018=ORIENTED_EDGE('',*,*,#771,.F.);
#1019=ORIENTED_EDGE('',*,*,#772,.T.);
#1020=ORIENTED_EDGE('',*,*,#773,.T.);
#1021=ORIENTED_EDGE('',*,*,#774,.T.);
#1022=ORIENTED_EDGE('',*,*,#775,.T.);
#1023=ORIENTED_EDGE('',*,*,#776,.T.);
#1024=ORIENTED_EDGE('',*,*,#777,.T.);
#1025=ORIENTED_EDGE('',*,*,#778,.T.);
#1026=ORIENTED_EDGE('',*,*,#779,.T.);
#1027=ORIENTED_EDGE('',*,*,#780,.F.);
#1028=ORIENTED_EDGE('',*,*,#740,.T.);
#1029=ORIENTED_EDGE('',*,*,#748,.T.);
#1030=ORIENTED_EDGE('',*,*,#754,.T.);
#1031=ORIENTED_EDGE('',*,*,#762,.T.);
#1032=ORIENTED_EDGE('',*,*,#759,.T.);
#1033=ORIENTED_EDGE('',*,*,#700,.F.);
#1034=ORIENTED_EDGE('',*,*,#708,.T.);
#1035=ORIENTED_EDGE('',*,*,#781,.T.);
#1036=ORIENTED_EDGE('',*,*,#782,.T.);
#1037=ORIENTED_EDGE('',*,*,#783,.T.);
#1038=ORIENTED_EDGE('',*,*,#734,.T.);
#1039=ORIENTED_EDGE('',*,*,#737,.T.);
#1040=ORIENTED_EDGE('',*,*,#721,.T.);
#1041=ORIENTED_EDGE('',*,*,#784,.T.);
#1042=ORIENTED_EDGE('',*,*,#768,.T.);
#1043=ORIENTED_EDGE('',*,*,#769,.T.);
#1044=ORIENTED_EDGE('',*,*,#743,.T.);
#1045=ORIENTED_EDGE('',*,*,#785,.T.);
#1046=ORIENTED_EDGE('',*,*,#786,.T.);
#1047=ORIENTED_EDGE('',*,*,#787,.T.);
#1048=ORIENTED_EDGE('',*,*,#741,.T.);
#1049=ORIENTED_EDGE('',*,*,#780,.T.);
#1050=ORIENTED_EDGE('',*,*,#788,.T.);
#1051=ORIENTED_EDGE('',*,*,#789,.T.);
#1052=ORIENTED_EDGE('',*,*,#790,.T.);
#1053=ORIENTED_EDGE('',*,*,#771,.T.);
#1054=ORIENTED_EDGE('',*,*,#791,.T.);
#1055=ORIENTED_EDGE('',*,*,#792,.T.);
#1056=ORIENTED_EDGE('',*,*,#793,.T.);
#1057=ORIENTED_EDGE('',*,*,#794,.T.);
#1058=ORIENTED_EDGE('',*,*,#731,.T.);
#1059=ORIENTED_EDGE('',*,*,#794,.F.);
#1060=ORIENTED_EDGE('',*,*,#795,.T.);
#1061=ORIENTED_EDGE('',*,*,#796,.T.);
#1062=ORIENTED_EDGE('',*,*,#797,.T.);
#1063=ORIENTED_EDGE('',*,*,#798,.T.);
#1064=ORIENTED_EDGE('',*,*,#799,.T.);
#1065=ORIENTED_EDGE('',*,*,#800,.T.);
#1066=ORIENTED_EDGE('',*,*,#801,.T.);
#1067=ORIENTED_EDGE('',*,*,#802,.T.);
#1068=ORIENTED_EDGE('',*,*,#785,.F.);
#1069=ORIENTED_EDGE('',*,*,#742,.T.);
#1070=ORIENTED_EDGE('',*,*,#749,.T.);
#1071=ORIENTED_EDGE('',*,*,#755,.T.);
#1072=ORIENTED_EDGE('',*,*,#763,.T.);
#1073=ORIENTED_EDGE('',*,*,#766,.T.);
#1074=ORIENTED_EDGE('',*,*,#784,.F.);
#1075=ORIENTED_EDGE('',*,*,#720,.T.);
#1076=ORIENTED_EDGE('',*,*,#715,.T.);
#1077=ORIENTED_EDGE('',*,*,#728,.T.);
#1078=ORIENTED_EDGE('',*,*,#735,.T.);
#1079=ORIENTED_EDGE('',*,*,#788,.F.);
#1080=ORIENTED_EDGE('',*,*,#779,.F.);
#1081=ORIENTED_EDGE('',*,*,#803,.F.);
#1082=ORIENTED_EDGE('',*,*,#804,.F.);
#1083=ORIENTED_EDGE('',*,*,#805,.F.);
#1084=ORIENTED_EDGE('',*,*,#806,.F.);
#1085=ORIENTED_EDGE('',*,*,#803,.T.);
#1086=ORIENTED_EDGE('',*,*,#778,.F.);
#1087=ORIENTED_EDGE('',*,*,#807,.F.);
#1088=ORIENTED_EDGE('',*,*,#808,.F.);
#1089=ORIENTED_EDGE('',*,*,#805,.T.);
#1090=ORIENTED_EDGE('',*,*,#777,.F.);
#1091=ORIENTED_EDGE('',*,*,#809,.F.);
#1092=ORIENTED_EDGE('',*,*,#810,.F.);
#1093=ORIENTED_EDGE('',*,*,#807,.T.);
#1094=ORIENTED_EDGE('',*,*,#776,.F.);
#1095=ORIENTED_EDGE('',*,*,#811,.F.);
#1096=ORIENTED_EDGE('',*,*,#812,.F.);
#1097=ORIENTED_EDGE('',*,*,#809,.T.);
#1098=ORIENTED_EDGE('',*,*,#775,.F.);
#1099=ORIENTED_EDGE('',*,*,#813,.F.);
#1100=ORIENTED_EDGE('',*,*,#814,.F.);
#1101=ORIENTED_EDGE('',*,*,#815,.F.);
#1102=ORIENTED_EDGE('',*,*,#816,.F.);
#1103=ORIENTED_EDGE('',*,*,#817,.T.);
#1104=ORIENTED_EDGE('',*,*,#818,.F.);
#1105=ORIENTED_EDGE('',*,*,#811,.T.);
#1106=ORIENTED_EDGE('',*,*,#774,.F.);
#1107=ORIENTED_EDGE('',*,*,#819,.F.);
#1108=ORIENTED_EDGE('',*,*,#820,.F.);
#1109=ORIENTED_EDGE('',*,*,#813,.T.);
#1110=ORIENTED_EDGE('',*,*,#773,.F.);
#1111=ORIENTED_EDGE('',*,*,#821,.T.);
#1112=ORIENTED_EDGE('',*,*,#822,.T.);
#1113=ORIENTED_EDGE('',*,*,#823,.T.);
#1114=ORIENTED_EDGE('',*,*,#824,.T.);
#1115=ORIENTED_EDGE('',*,*,#825,.T.);
#1116=ORIENTED_EDGE('',*,*,#826,.T.);
#1117=ORIENTED_EDGE('',*,*,#827,.T.);
#1118=ORIENTED_EDGE('',*,*,#828,.T.);
#1119=ORIENTED_EDGE('',*,*,#829,.T.);
#1120=ORIENTED_EDGE('',*,*,#830,.T.);
#1121=ORIENTED_EDGE('',*,*,#796,.F.);
#1122=ORIENTED_EDGE('',*,*,#831,.T.);
#1123=ORIENTED_EDGE('',*,*,#832,.F.);
#1124=ORIENTED_EDGE('',*,*,#833,.F.);
#1125=ORIENTED_EDGE('',*,*,#786,.F.);
#1126=ORIENTED_EDGE('',*,*,#802,.F.);
#1127=ORIENTED_EDGE('',*,*,#834,.T.);
#1128=ORIENTED_EDGE('',*,*,#835,.F.);
#1129=ORIENTED_EDGE('',*,*,#801,.F.);
#1130=ORIENTED_EDGE('',*,*,#836,.T.);
#1131=ORIENTED_EDGE('',*,*,#837,.F.);
#1132=ORIENTED_EDGE('',*,*,#834,.F.);
#1133=ORIENTED_EDGE('',*,*,#800,.F.);
#1134=ORIENTED_EDGE('',*,*,#838,.T.);
#1135=ORIENTED_EDGE('',*,*,#839,.F.);
#1136=ORIENTED_EDGE('',*,*,#836,.F.);
#1137=ORIENTED_EDGE('',*,*,#799,.F.);
#1138=ORIENTED_EDGE('',*,*,#840,.T.);
#1139=ORIENTED_EDGE('',*,*,#841,.F.);
#1140=ORIENTED_EDGE('',*,*,#838,.F.);
#1141=ORIENTED_EDGE('',*,*,#798,.F.);
#1142=ORIENTED_EDGE('',*,*,#842,.T.);
#1143=ORIENTED_EDGE('',*,*,#843,.F.);
#1144=ORIENTED_EDGE('',*,*,#840,.F.);
#1145=ORIENTED_EDGE('',*,*,#797,.F.);
#1146=ORIENTED_EDGE('',*,*,#833,.T.);
#1147=ORIENTED_EDGE('',*,*,#844,.F.);
#1148=ORIENTED_EDGE('',*,*,#842,.F.);
#1149=ORIENTED_EDGE('',*,*,#816,.T.);
#1150=ORIENTED_EDGE('',*,*,#845,.T.);
#1151=ORIENTED_EDGE('',*,*,#846,.T.);
#1152=ORIENTED_EDGE('',*,*,#846,.F.);
#1153=ORIENTED_EDGE('',*,*,#847,.T.);
#1154=ORIENTED_EDGE('',*,*,#848,.F.);
#1155=ORIENTED_EDGE('',*,*,#817,.F.);
#1156=ORIENTED_EDGE('',*,*,#845,.F.);
#1157=ORIENTED_EDGE('',*,*,#815,.T.);
#1158=ORIENTED_EDGE('',*,*,#849,.F.);
#1159=ORIENTED_EDGE('',*,*,#847,.F.);
#1160=ORIENTED_EDGE('',*,*,#696,.T.);
#1161=ORIENTED_EDGE('',*,*,#850,.T.);
#1162=ORIENTED_EDGE('',*,*,#851,.T.);
#1163=ORIENTED_EDGE('',*,*,#852,.F.);
#1164=ORIENTED_EDGE('',*,*,#853,.F.);
#1165=ORIENTED_EDGE('',*,*,#781,.F.);
#1166=ORIENTED_EDGE('',*,*,#707,.F.);
#1167=ORIENTED_EDGE('',*,*,#692,.T.);
#1168=ORIENTED_EDGE('',*,*,#854,.T.);
#1169=ORIENTED_EDGE('',*,*,#855,.T.);
#1170=ORIENTED_EDGE('',*,*,#856,.F.);
#1171=ORIENTED_EDGE('',*,*,#851,.F.);
#1172=ORIENTED_EDGE('',*,*,#857,.T.);
#1173=ORIENTED_EDGE('',*,*,#791,.F.);
#1174=ORIENTED_EDGE('',*,*,#770,.F.);
#1175=ORIENTED_EDGE('',*,*,#726,.T.);
#1176=ORIENTED_EDGE('',*,*,#858,.F.);
#1177=ORIENTED_EDGE('',*,*,#855,.F.);
#1178=ORIENTED_EDGE('',*,*,#859,.T.);
#1179=ORIENTED_EDGE('',*,*,#860,.T.);
#1180=ORIENTED_EDGE('',*,*,#861,.T.);
#1181=ORIENTED_EDGE('',*,*,#862,.T.);
#1182=ORIENTED_EDGE('',*,*,#863,.T.);
#1183=ORIENTED_EDGE('',*,*,#864,.T.);
#1184=ORIENTED_EDGE('',*,*,#865,.T.);
#1185=ORIENTED_EDGE('',*,*,#866,.T.);
#1186=ORIENTED_EDGE('',*,*,#867,.T.);
#1187=ORIENTED_EDGE('',*,*,#868,.T.);
#1188=ORIENTED_EDGE('',*,*,#725,.T.);
#1189=ORIENTED_EDGE('',*,*,#710,.T.);
#1190=ORIENTED_EDGE('',*,*,#869,.T.);
#1191=ORIENTED_EDGE('',*,*,#870,.T.);
#1192=ORIENTED_EDGE('',*,*,#852,.T.);
#1193=ORIENTED_EDGE('',*,*,#856,.T.);
#1194=ORIENTED_EDGE('',*,*,#858,.T.);
#1195=ORIENTED_EDGE('',*,*,#853,.T.);
#1196=ORIENTED_EDGE('',*,*,#870,.F.);
#1197=ORIENTED_EDGE('',*,*,#871,.T.);
#1198=ORIENTED_EDGE('',*,*,#782,.F.);
#1199=ORIENTED_EDGE('',*,*,#869,.F.);
#1200=ORIENTED_EDGE('',*,*,#709,.T.);
#1201=ORIENTED_EDGE('',*,*,#783,.F.);
#1202=ORIENTED_EDGE('',*,*,#871,.F.);
#1203=ORIENTED_EDGE('',*,*,#863,.F.);
#1204=ORIENTED_EDGE('',*,*,#872,.F.);
#1205=ORIENTED_EDGE('',*,*,#827,.F.);
#1206=ORIENTED_EDGE('',*,*,#873,.T.);
#1207=ORIENTED_EDGE('',*,*,#862,.F.);
#1208=ORIENTED_EDGE('',*,*,#874,.F.);
#1209=ORIENTED_EDGE('',*,*,#828,.F.);
#1210=ORIENTED_EDGE('',*,*,#872,.T.);
#1211=ORIENTED_EDGE('',*,*,#861,.F.);
#1212=ORIENTED_EDGE('',*,*,#875,.F.);
#1213=ORIENTED_EDGE('',*,*,#829,.F.);
#1214=ORIENTED_EDGE('',*,*,#874,.T.);
#1215=ORIENTED_EDGE('',*,*,#860,.F.);
#1216=ORIENTED_EDGE('',*,*,#876,.F.);
#1217=ORIENTED_EDGE('',*,*,#830,.F.);
#1218=ORIENTED_EDGE('',*,*,#875,.T.);
#1219=ORIENTED_EDGE('',*,*,#859,.F.);
#1220=ORIENTED_EDGE('',*,*,#877,.F.);
#1221=ORIENTED_EDGE('',*,*,#821,.F.);
#1222=ORIENTED_EDGE('',*,*,#876,.T.);
#1223=ORIENTED_EDGE('',*,*,#868,.F.);
#1224=ORIENTED_EDGE('',*,*,#878,.F.);
#1225=ORIENTED_EDGE('',*,*,#822,.F.);
#1226=ORIENTED_EDGE('',*,*,#877,.T.);
#1227=ORIENTED_EDGE('',*,*,#867,.F.);
#1228=ORIENTED_EDGE('',*,*,#879,.F.);
#1229=ORIENTED_EDGE('',*,*,#823,.F.);
#1230=ORIENTED_EDGE('',*,*,#878,.T.);
#1231=ORIENTED_EDGE('',*,*,#866,.F.);
#1232=ORIENTED_EDGE('',*,*,#880,.F.);
#1233=ORIENTED_EDGE('',*,*,#824,.F.);
#1234=ORIENTED_EDGE('',*,*,#879,.T.);
#1235=ORIENTED_EDGE('',*,*,#865,.F.);
#1236=ORIENTED_EDGE('',*,*,#881,.F.);
#1237=ORIENTED_EDGE('',*,*,#825,.F.);
#1238=ORIENTED_EDGE('',*,*,#880,.T.);
#1239=ORIENTED_EDGE('',*,*,#864,.F.);
#1240=ORIENTED_EDGE('',*,*,#873,.F.);
#1241=ORIENTED_EDGE('',*,*,#826,.F.);
#1242=ORIENTED_EDGE('',*,*,#881,.T.);
#1243=ORIENTED_EDGE('',*,*,#789,.F.);
#1244=ORIENTED_EDGE('',*,*,#804,.T.);
#1245=ORIENTED_EDGE('',*,*,#806,.T.);
#1246=ORIENTED_EDGE('',*,*,#808,.T.);
#1247=ORIENTED_EDGE('',*,*,#810,.T.);
#1248=ORIENTED_EDGE('',*,*,#812,.T.);
#1249=ORIENTED_EDGE('',*,*,#818,.T.);
#1250=ORIENTED_EDGE('',*,*,#848,.T.);
#1251=ORIENTED_EDGE('',*,*,#849,.T.);
#1252=ORIENTED_EDGE('',*,*,#814,.T.);
#1253=ORIENTED_EDGE('',*,*,#820,.T.);
#1254=ORIENTED_EDGE('',*,*,#882,.T.);
#1255=ORIENTED_EDGE('',*,*,#790,.F.);
#1256=ORIENTED_EDGE('',*,*,#882,.F.);
#1257=ORIENTED_EDGE('',*,*,#819,.T.);
#1258=ORIENTED_EDGE('',*,*,#772,.F.);
#1259=ORIENTED_EDGE('',*,*,#694,.T.);
#1260=ORIENTED_EDGE('',*,*,#702,.F.);
#1261=ORIENTED_EDGE('',*,*,#758,.T.);
#1262=ORIENTED_EDGE('',*,*,#761,.T.);
#1263=ORIENTED_EDGE('',*,*,#752,.T.);
#1264=ORIENTED_EDGE('',*,*,#746,.T.);
#1265=ORIENTED_EDGE('',*,*,#738,.T.);
#1266=ORIENTED_EDGE('',*,*,#787,.F.);
#1267=ORIENTED_EDGE('',*,*,#835,.T.);
#1268=ORIENTED_EDGE('',*,*,#837,.T.);
#1269=ORIENTED_EDGE('',*,*,#839,.T.);
#1270=ORIENTED_EDGE('',*,*,#841,.T.);
#1271=ORIENTED_EDGE('',*,*,#843,.T.);
#1272=ORIENTED_EDGE('',*,*,#844,.T.);
#1273=ORIENTED_EDGE('',*,*,#832,.T.);
#1274=ORIENTED_EDGE('',*,*,#883,.T.);
#1275=ORIENTED_EDGE('',*,*,#792,.F.);
#1276=ORIENTED_EDGE('',*,*,#857,.F.);
#1277=ORIENTED_EDGE('',*,*,#854,.F.);
#1278=ORIENTED_EDGE('',*,*,#850,.F.);
#1279=ORIENTED_EDGE('',*,*,#697,.T.);
#1280=ORIENTED_EDGE('',*,*,#793,.F.);
#1281=ORIENTED_EDGE('',*,*,#883,.F.);
#1282=ORIENTED_EDGE('',*,*,#831,.F.);
#1283=ORIENTED_EDGE('',*,*,#795,.F.);
#1284=PLANE('',#1424);
#1285=PLANE('',#1425);
#1286=PLANE('',#1426);
#1287=PLANE('',#1427);
#1288=PLANE('',#1428);
#1289=PLANE('',#1429);
#1290=PLANE('',#1430);
#1291=PLANE('',#1431);
#1292=PLANE('',#1432);
#1293=PLANE('',#1433);
#1294=PLANE('',#1434);
#1295=PLANE('',#1435);
#1296=PLANE('',#1436);
#1297=PLANE('',#1437);
#1298=PLANE('',#1438);
#1299=PLANE('',#1439);
#1300=PLANE('',#1440);
#1301=PLANE('',#1441);
#1302=PLANE('',#1442);
#1303=PLANE('',#1443);
#1304=PLANE('',#1444);
#1305=PLANE('',#1445);
#1306=PLANE('',#1446);
#1307=PLANE('',#1447);
#1308=PLANE('',#1448);
#1309=PLANE('',#1449);
#1310=PLANE('',#1450);
#1311=PLANE('',#1451);
#1312=PLANE('',#1452);
#1313=PLANE('',#1457);
#1314=PLANE('',#1458);
#1315=PLANE('',#1465);
#1316=PLANE('',#1466);
#1317=PLANE('',#1469);
#1318=PLANE('',#1474);
#1319=PLANE('',#1479);
#1320=PLANE('',#1482);
#1321=PLANE('',#1483);
#1322=PLANE('',#1486);
#1323=PLANE('',#1489);
#1324=PLANE('',#1490);
#1325=PLANE('',#1491);
#1326=PLANE('',#1492);
#1327=PLANE('',#1493);
#1328=PLANE('',#1494);
#1329=PLANE('',#1499);
#1330=PLANE('',#1500);
#1331=PLANE('',#1501);
#1332=PLANE('',#1503);
#1333=PLANE('',#1504);
#1334=PLANE('',#1506);
#1335=PLANE('',#1508);
#1336=PLANE('',#1509);
#1337=PLANE('',#1511);
#1338=PLANE('',#1512);
#1339=PLANE('',#1515);
#1340=ADVANCED_FACE('',(#64),#1284,.F.);
#1341=ADVANCED_FACE('',(#65),#1285,.F.);
#1342=ADVANCED_FACE('',(#66),#1286,.F.);
#1343=ADVANCED_FACE('',(#67),#1287,.F.);
#1344=ADVANCED_FACE('',(#68),#1288,.T.);
#1345=ADVANCED_FACE('',(#69),#1289,.F.);
#1346=ADVANCED_FACE('',(#70),#1290,.T.);
#1347=ADVANCED_FACE('',(#71),#1291,.F.);
#1348=ADVANCED_FACE('',(#72),#1292,.F.);
#1349=ADVANCED_FACE('',(#73),#1293,.F.);
#1350=ADVANCED_FACE('',(#74),#1294,.F.);
#1351=ADVANCED_FACE('',(#75),#1295,.F.);
#1352=ADVANCED_FACE('',(#76),#1296,.F.);
#1353=ADVANCED_FACE('',(#77),#1297,.F.);
#1354=ADVANCED_FACE('',(#78),#1298,.F.);
#1355=ADVANCED_FACE('',(#79),#1299,.F.);
#1356=ADVANCED_FACE('',(#80),#1300,.F.);
#1357=ADVANCED_FACE('',(#81),#1301,.F.);
#1358=ADVANCED_FACE('',(#82),#1302,.F.);
#1359=ADVANCED_FACE('',(#83),#1303,.F.);
#1360=ADVANCED_FACE('',(#84),#1304,.F.);
#1361=ADVANCED_FACE('',(#85),#1305,.F.);
#1362=ADVANCED_FACE('',(#86),#1306,.F.);
#1363=ADVANCED_FACE('',(#87),#1307,.F.);
#1364=ADVANCED_FACE('',(#88),#1308,.F.);
#1365=ADVANCED_FACE('',(#89),#1309,.F.);
#1366=ADVANCED_FACE('',(#90),#1310,.F.);
#1367=ADVANCED_FACE('',(#91),#1311,.F.);
#1368=ADVANCED_FACE('',(#92,#35),#1312,.T.);
#1369=ADVANCED_FACE('',(#93),#1313,.T.);
#1370=ADVANCED_FACE('',(#94),#1314,.T.);
#1371=ADVANCED_FACE('',(#95),#23,.T.);
#1372=ADVANCED_FACE('',(#96),#1315,.T.);
#1373=ADVANCED_FACE('',(#97),#1316,.T.);
#1374=ADVANCED_FACE('',(#98),#24,.T.);
#1375=ADVANCED_FACE('',(#99),#1317,.T.);
#1376=ADVANCED_FACE('',(#100),#25,.T.);
#1377=ADVANCED_FACE('',(#101,#36),#1318,.T.);
#1378=ADVANCED_FACE('',(#102),#1319,.T.);
#1379=ADVANCED_FACE('',(#103),#26,.F.);
#1380=ADVANCED_FACE('',(#104),#1320,.T.);
#1381=ADVANCED_FACE('',(#105),#1321,.T.);
#1382=ADVANCED_FACE('',(#106),#27,.F.);
#1383=ADVANCED_FACE('',(#107),#1322,.T.);
#1384=ADVANCED_FACE('',(#108),#28,.F.);
#1385=ADVANCED_FACE('',(#109),#1323,.F.);
#1386=ADVANCED_FACE('',(#110),#1324,.T.);
#1387=ADVANCED_FACE('',(#111),#1325,.T.);
#1388=ADVANCED_FACE('',(#112),#1326,.T.);
#1389=ADVANCED_FACE('',(#113),#1327,.T.);
#1390=ADVANCED_FACE('',(#114,#37),#1328,.T.);
#1391=ADVANCED_FACE('',(#115),#1329,.F.);
#1392=ADVANCED_FACE('',(#116),#1330,.T.);
#1393=ADVANCED_FACE('',(#117),#1331,.T.);
#1394=ADVANCED_FACE('',(#118),#29,.F.);
#1395=ADVANCED_FACE('',(#119),#1332,.F.);
#1396=ADVANCED_FACE('',(#120),#1333,.F.);
#1397=ADVANCED_FACE('',(#121),#30,.F.);
#1398=ADVANCED_FACE('',(#122),#1334,.F.);
#1399=ADVANCED_FACE('',(#123),#31,.F.);
#1400=ADVANCED_FACE('',(#124),#1335,.F.);
#1401=ADVANCED_FACE('',(#125),#1336,.F.);
#1402=ADVANCED_FACE('',(#126),#32,.F.);
#1403=ADVANCED_FACE('',(#127),#1337,.F.);
#1404=ADVANCED_FACE('',(#128),#1338,.T.);
#1405=ADVANCED_FACE('',(#129),#33,.T.);
#1406=ADVANCED_FACE('',(#130),#1339,.F.);
#1407=ADVANCED_FACE('',(#131),#34,.F.);
#1408=CLOSED_SHELL('',(#1340,#1341,#1342,#1343,#1344,#1345,#1346,#1347,
#1348,#1349,#1350,#1351,#1352,#1353,#1354,#1355,#1356,#1357,#1358,#1359,
#1360,#1361,#1362,#1363,#1364,#1365,#1366,#1367,#1368,#1369,#1370,#1371,
#1372,#1373,#1374,#1375,#1376,#1377,#1378,#1379,#1380,#1381,#1382,#1383,
#1384,#1385,#1386,#1387,#1388,#1389,#1390,#1391,#1392,#1393,#1394,#1395,
#1396,#1397,#1398,#1399,#1400,#1401,#1402,#1403,#1404,#1405,#1406,#1407));
#1409=DERIVED_UNIT_ELEMENT(#1411,1.);
#1410=DERIVED_UNIT_ELEMENT(#2307,-3.);
#1411=(
MASS_UNIT()
NAMED_UNIT(*)
SI_UNIT(.KILO.,.GRAM.)
);
#1412=DERIVED_UNIT((#1409,#1410));
#1413=MEASURE_REPRESENTATION_ITEM('density measure',
POSITIVE_RATIO_MEASURE(7850.),#1412);
#1414=PROPERTY_DEFINITION_REPRESENTATION(#1419,#1416);
#1415=PROPERTY_DEFINITION_REPRESENTATION(#1420,#1417);
#1416=REPRESENTATION('material name',(#1418),#2304);
#1417=REPRESENTATION('density',(#1413),#2304);
#1418=DESCRIPTIVE_REPRESENTATION_ITEM('Acier','Acier');
#1419=PROPERTY_DEFINITION('material property','material name',#2324);
#1420=PROPERTY_DEFINITION('material property','density of part',#2324);
#1421=AXIS2_PLACEMENT_3D('',#1892,#1520,#1521);
#1422=AXIS2_PLACEMENT_3D('',#1893,#1522,#1523);
#1423=AXIS2_PLACEMENT_3D('',#1894,#1524,#1525);
#1424=AXIS2_PLACEMENT_3D('',#1895,#1526,#1527);
#1425=AXIS2_PLACEMENT_3D('',#1904,#1532,#1533);
#1426=AXIS2_PLACEMENT_3D('',#1914,#1539,#1540);
#1427=AXIS2_PLACEMENT_3D('',#1920,#1544,#1545);
#1428=AXIS2_PLACEMENT_3D('',#1924,#1548,#1549);
#1429=AXIS2_PLACEMENT_3D('',#1934,#1555,#1556);
#1430=AXIS2_PLACEMENT_3D('',#1942,#1561,#1562);
#1431=AXIS2_PLACEMENT_3D('',#1952,#1568,#1569);
#1432=AXIS2_PLACEMENT_3D('',#1958,#1573,#1574);
#1433=AXIS2_PLACEMENT_3D('',#1967,#1579,#1580);
#1434=AXIS2_PLACEMENT_3D('',#1969,#1582,#1583);
#1435=AXIS2_PLACEMENT_3D('',#1975,#1587,#1588);
#1436=AXIS2_PLACEMENT_3D('',#1979,#1591,#1592);
#1437=AXIS2_PLACEMENT_3D('',#1985,#1596,#1597);
#1438=AXIS2_PLACEMENT_3D('',#1991,#1601,#1602);
#1439=AXIS2_PLACEMENT_3D('',#2000,#1607,#1608);
#1440=AXIS2_PLACEMENT_3D('',#2003,#1611,#1612);
#1441=AXIS2_PLACEMENT_3D('',#2005,#1614,#1615);
#1442=AXIS2_PLACEMENT_3D('',#2014,#1620,#1621);
#1443=AXIS2_PLACEMENT_3D('',#2023,#1626,#1627);
#1444=AXIS2_PLACEMENT_3D('',#2029,#1631,#1632);
#1445=AXIS2_PLACEMENT_3D('',#2035,#1636,#1637);
#1446=AXIS2_PLACEMENT_3D('',#2041,#1641,#1642);
#1447=AXIS2_PLACEMENT_3D('',#2047,#1646,#1647);
#1448=AXIS2_PLACEMENT_3D('',#2053,#1651,#1652);
#1449=AXIS2_PLACEMENT_3D('',#2056,#1655,#1656);
#1450=AXIS2_PLACEMENT_3D('',#2062,#1660,#1661);
#1451=AXIS2_PLACEMENT_3D('',#2068,#1665,#1666);
#1452=AXIS2_PLACEMENT_3D('',#2070,#1668,#1669);
#1453=AXIS2_PLACEMENT_3D('',#2076,#1672,#1673);
#1454=AXIS2_PLACEMENT_3D('',#2080,#1675,#1676);
#1455=AXIS2_PLACEMENT_3D('',#2084,#1678,#1679);
#1456=AXIS2_PLACEMENT_3D('',#2090,#1682,#1683);
#1457=AXIS2_PLACEMENT_3D('',#2097,#1688,#1689);
#1458=AXIS2_PLACEMENT_3D('',#2116,#1701,#1702);
#1459=AXIS2_PLACEMENT_3D('',#2118,#1703,#1704);
#1460=AXIS2_PLACEMENT_3D('',#2122,#1706,#1707);
#1461=AXIS2_PLACEMENT_3D('',#2126,#1709,#1710);
#1462=AXIS2_PLACEMENT_3D('',#2131,#1713,#1714);
#1463=AXIS2_PLACEMENT_3D('',#2132,#1715,#1716);
#1464=AXIS2_PLACEMENT_3D('',#2135,#1718,#1719);
#1465=AXIS2_PLACEMENT_3D('',#2136,#1720,#1721);
#1466=AXIS2_PLACEMENT_3D('',#2140,#1724,#1725);
#1467=AXIS2_PLACEMENT_3D('',#2144,#1728,#1729);
#1468=AXIS2_PLACEMENT_3D('',#2147,#1731,#1732);
#1469=AXIS2_PLACEMENT_3D('',#2148,#1733,#1734);
#1470=AXIS2_PLACEMENT_3D('',#2152,#1737,#1738);
#1471=AXIS2_PLACEMENT_3D('',#2156,#1740,#1741);
#1472=AXIS2_PLACEMENT_3D('',#2160,#1743,#1744);
#1473=AXIS2_PLACEMENT_3D('',#2163,#1746,#1747);
#1474=AXIS2_PLACEMENT_3D('',#2164,#1748,#1749);
#1475=AXIS2_PLACEMENT_3D('',#2172,#1753,#1754);
#1476=AXIS2_PLACEMENT_3D('',#2178,#1757,#1758);
#1477=AXIS2_PLACEMENT_3D('',#2182,#1760,#1761);
#1478=AXIS2_PLACEMENT_3D('',#2187,#1764,#1765);
#1479=AXIS2_PLACEMENT_3D('',#2188,#1766,#1767);
#1480=AXIS2_PLACEMENT_3D('',#2194,#1771,#1772);
#1481=AXIS2_PLACEMENT_3D('',#2197,#1774,#1775);
#1482=AXIS2_PLACEMENT_3D('',#2198,#1776,#1777);
#1483=AXIS2_PLACEMENT_3D('',#2202,#1780,#1781);
#1484=AXIS2_PLACEMENT_3D('',#2206,#1784,#1785);
#1485=AXIS2_PLACEMENT_3D('',#2209,#1787,#1788);
#1486=AXIS2_PLACEMENT_3D('',#2210,#1789,#1790);
#1487=AXIS2_PLACEMENT_3D('',#2214,#1793,#1794);
#1488=AXIS2_PLACEMENT_3D('',#2215,#1795,#1796);
#1489=AXIS2_PLACEMENT_3D('',#2216,#1797,#1798);
#1490=AXIS2_PLACEMENT_3D('',#2220,#1801,#1802);
#1491=AXIS2_PLACEMENT_3D('',#2224,#1805,#1806);
#1492=AXIS2_PLACEMENT_3D('',#2226,#1808,#1809);
#1493=AXIS2_PLACEMENT_3D('',#2234,#1814,#1815);
#1494=AXIS2_PLACEMENT_3D('',#2240,#1819,#1820);
#1495=AXIS2_PLACEMENT_3D('',#2247,#1824,#1825);
#1496=AXIS2_PLACEMENT_3D('',#2253,#1828,#1829);
#1497=AXIS2_PLACEMENT_3D('',#2257,#1831,#1832);
#1498=AXIS2_PLACEMENT_3D('',#2262,#1835,#1836);
#1499=AXIS2_PLACEMENT_3D('',#2263,#1837,#1838);
#1500=AXIS2_PLACEMENT_3D('',#2267,#1841,#1842);
#1501=AXIS2_PLACEMENT_3D('',#2269,#1844,#1845);
#1502=AXIS2_PLACEMENT_3D('',#2270,#1846,#1847);
#1503=AXIS2_PLACEMENT_3D('',#2273,#1850,#1851);
#1504=AXIS2_PLACEMENT_3D('',#2275,#1853,#1854);
#1505=AXIS2_PLACEMENT_3D('',#2277,#1856,#1857);
#1506=AXIS2_PLACEMENT_3D('',#2279,#1859,#1860);
#1507=AXIS2_PLACEMENT_3D('',#2281,#1862,#1863);
#1508=AXIS2_PLACEMENT_3D('',#2283,#1865,#1866);
#1509=AXIS2_PLACEMENT_3D('',#2285,#1868,#1869);
#1510=AXIS2_PLACEMENT_3D('',#2287,#1871,#1872);
#1511=AXIS2_PLACEMENT_3D('',#2289,#1874,#1875);
#1512=AXIS2_PLACEMENT_3D('',#2290,#1876,#1877);
#1513=AXIS2_PLACEMENT_3D('',#2291,#1878,#1879);
#1514=AXIS2_PLACEMENT_3D('',#2292,#1880,#1881);
#1515=AXIS2_PLACEMENT_3D('',#2293,#1882,#1883);
#1516=AXIS2_PLACEMENT_3D('',#2294,#1884,#1885);
#1517=AXIS2_PLACEMENT_3D('',#2295,#1886,#1887);
#1518=AXIS2_PLACEMENT_3D('',#2296,#1888,#1889);
#1519=AXIS2_PLACEMENT_3D('',#2297,#1890,#1891);
#1520=DIRECTION('axis',(0.,0.,1.));
#1521=DIRECTION('refdir',(1.,0.,0.));
#1522=DIRECTION('axis',(0.,0.,1.));
#1523=DIRECTION('refdir',(1.,0.,0.));
#1524=DIRECTION('axis',(0.,0.,1.));
#1525=DIRECTION('refdir',(1.,0.,0.));
#1526=DIRECTION('center_axis',(0.,1.,0.));
#1527=DIRECTION('ref_axis',(0.,0.,-1.));
#1528=DIRECTION('',(0.,0.,1.));
#1529=DIRECTION('',(-1.,0.,0.));
#1530=DIRECTION('',(0.,0.,-1.));
#1531=DIRECTION('',(-1.,0.,0.));
#1532=DIRECTION('center_axis',(0.,0.,1.));
#1533=DIRECTION('ref_axis',(0.,1.,0.));
#1534=DIRECTION('',(0.,-1.,0.));
#1535=DIRECTION('',(-4.17966311357681E-16,1.,0.));
#1536=DIRECTION('',(-1.,0.,0.));
#1537=DIRECTION('',(0.,1.,0.));
#1538=DIRECTION('',(-1.,0.,0.));
#1539=DIRECTION('center_axis',(0.,-1.,0.));
#1540=DIRECTION('ref_axis',(0.,0.,1.));
#1541=DIRECTION('',(0.,0.,1.));
#1542=DIRECTION('',(1.,0.,0.));
#1543=DIRECTION('',(0.,0.,1.));
#1544=DIRECTION('center_axis',(-1.,0.,0.));
#1545=DIRECTION('ref_axis',(0.,0.,1.));
#1546=DIRECTION('',(0.,0.,-1.));
#1547=DIRECTION('',(0.,-1.,0.));
#1548=DIRECTION('center_axis',(1.,4.17966311357681E-16,0.));
#1549=DIRECTION('ref_axis',(0.,0.,-1.));
#1550=DIRECTION('',(-4.17966311357681E-16,1.,0.));
#1551=DIRECTION('',(0.,0.,1.));
#1552=DIRECTION('',(4.17966311357681E-16,-1.,0.));
#1553=DIRECTION('',(0.,0.,-1.));
#1554=DIRECTION('',(-4.17966311357681E-16,1.,0.));
#1555=DIRECTION('center_axis',(0.,0.,1.));
#1556=DIRECTION('ref_axis',(-1.,0.,0.));
#1557=DIRECTION('',(0.,-1.,0.));
#1558=DIRECTION('',(1.,0.,0.));
#1559=DIRECTION('',(0.,1.,0.));
#1560=DIRECTION('',(1.,0.,0.));
#1561=DIRECTION('center_axis',(-1.,0.,0.));
#1562=DIRECTION('ref_axis',(0.,-1.,0.));
#1563=DIRECTION('',(0.,0.,1.));
#1564=DIRECTION('',(0.,-1.,0.));
#1565=DIRECTION('',(0.,0.,1.));
#1566=DIRECTION('',(0.,-1.,0.));
#1567=DIRECTION('',(0.,0.,-1.));
#1568=DIRECTION('center_axis',(1.,0.,0.));
#1569=DIRECTION('ref_axis',(0.,-1.,0.));
#1570=DIRECTION('',(0.,0.,-1.));
#1571=DIRECTION('',(0.,-1.,0.));
#1572=DIRECTION('',(0.,0.,-1.));
#1573=DIRECTION('center_axis',(1.,0.,0.));
#1574=DIRECTION('ref_axis',(0.,-1.,0.));
#1575=DIRECTION('',(0.,-1.,0.));
#1576=DIRECTION('',(0.,0.,-1.));
#1577=DIRECTION('',(0.,-1.,0.));
#1578=DIRECTION('',(0.,0.,-1.));
#1579=DIRECTION('center_axis',(0.,-1.,0.));
#1580=DIRECTION('ref_axis',(-1.,0.,0.));
#1581=DIRECTION('',(-1.,0.,0.));
#1582=DIRECTION('center_axis',(0.,-1.,0.));
#1583=DIRECTION('ref_axis',(-1.,0.,0.));
#1584=DIRECTION('',(-1.,0.,0.));
#1585=DIRECTION('',(0.,0.,1.));
#1586=DIRECTION('',(-1.,0.,0.));
#1587=DIRECTION('center_axis',(0.,-1.,0.));
#1588=DIRECTION('ref_axis',(-1.,0.,0.));
#1589=DIRECTION('',(0.,0.,-1.));
#1590=DIRECTION('',(-1.,0.,0.));
#1591=DIRECTION('center_axis',(-0.999999999999999,-5.12912878589409E-8,
0.));
#1592=DIRECTION('ref_axis',(-5.12912878589409E-8,0.999999999999999,5.70372952526395E-17));
#1593=DIRECTION('',(0.,-1.,0.));
#1594=DIRECTION('',(0.,0.,-1.));
#1595=DIRECTION('',(-5.12912878589409E-8,0.999999999999999,0.));
#1596=DIRECTION('center_axis',(0.,-1.,0.));
#1597=DIRECTION('ref_axis',(-1.,0.,0.));
#1598=DIRECTION('',(-1.,0.,0.));
#1599=DIRECTION('',(-1.,0.,0.));
#1600=DIRECTION('',(0.,0.,-1.));
#1601=DIRECTION('center_axis',(0.,1.,0.));
#1602=DIRECTION('ref_axis',(1.,0.,0.));
#1603=DIRECTION('',(1.,0.,0.));
#1604=DIRECTION('',(0.,0.,-1.));
#1605=DIRECTION('',(1.,0.,0.));
#1606=DIRECTION('',(0.,0.,-1.));
#1607=DIRECTION('center_axis',(-0.999999999999999,-5.12912878589409E-8,
0.));
#1608=DIRECTION('ref_axis',(-5.12912878589409E-8,0.999999999999999,5.70372952526395E-17));
#1609=DIRECTION('',(-5.12912878589409E-8,0.999999999999999,0.));
#1610=DIRECTION('',(-5.12912878589409E-8,0.999999999999999,5.70372952526395E-17));
#1611=DIRECTION('center_axis',(0.,0.,-1.));
#1612=DIRECTION('ref_axis',(-1.,0.,0.));
#1613=DIRECTION('',(4.17966311357681E-16,-1.,0.));
#1614=DIRECTION('center_axis',(0.,-1.,0.));
#1615=DIRECTION('ref_axis',(-1.,0.,0.));
#1616=DIRECTION('',(1.,0.,0.));
#1617=DIRECTION('',(0.,0.,-1.));
#1618=DIRECTION('',(-1.,0.,0.));
#1619=DIRECTION('',(0.,0.,1.));
#1620=DIRECTION('center_axis',(0.,-1.,0.));
#1621=DIRECTION('ref_axis',(-1.,0.,0.));
#1622=DIRECTION('',(-1.,0.,0.));
#1623=DIRECTION('',(0.,0.,1.));
#1624=DIRECTION('',(-1.,0.,0.));
#1625=DIRECTION('',(0.,0.,-1.));
#1626=DIRECTION('center_axis',(-0.999999999999023,1.39817989685855E-6,0.));
#1627=DIRECTION('ref_axis',(1.39817989685855E-6,0.999999999999023,0.));
#1628=DIRECTION('',(-1.39817989685855E-6,-0.999999999999023,0.));
#1629=DIRECTION('',(0.,0.,-1.));
#1630=DIRECTION('',(1.39817989685855E-6,0.999999999999023,0.));
#1631=DIRECTION('center_axis',(-0.999999999999023,1.39817989685855E-6,0.));
#1632=DIRECTION('ref_axis',(1.39817989685855E-6,0.999999999999023,0.));
#1633=DIRECTION('',(1.39817989685855E-6,0.999999999999023,0.));
#1634=DIRECTION('',(1.39817989685855E-6,0.999999999999022,0.));
#1635=DIRECTION('',(0.,0.,-1.));
#1636=DIRECTION('center_axis',(0.,1.,0.));
#1637=DIRECTION('ref_axis',(1.,0.,0.));
#1638=DIRECTION('',(-1.,0.,0.));
#1639=DIRECTION('',(0.,0.,-1.));
#1640=DIRECTION('',(1.,0.,0.));
#1641=DIRECTION('center_axis',(0.,1.,0.));
#1642=DIRECTION('ref_axis',(1.,0.,0.));
#1643=DIRECTION('',(1.,0.,0.));
#1644=DIRECTION('',(1.,0.,0.));
#1645=DIRECTION('',(0.,0.,-1.));
#1646=DIRECTION('center_axis',(0.,1.,0.));
#1647=DIRECTION('ref_axis',(1.,0.,0.));
#1648=DIRECTION('',(-1.,0.,0.));
#1649=DIRECTION('',(1.,0.,0.));
#1650=DIRECTION('',(0.,0.,-1.));
#1651=DIRECTION('center_axis',(1.,0.,0.));
#1652=DIRECTION('ref_axis',(0.,-1.,0.));
#1653=DIRECTION('',(0.,1.,0.));
#1654=DIRECTION('',(0.,-1.,0.));
#1655=DIRECTION('center_axis',(1.,0.,0.));
#1656=DIRECTION('ref_axis',(0.,-1.,0.));
#1657=DIRECTION('',(0.,-1.,0.));
#1658=DIRECTION('',(0.,-1.,0.));
#1659=DIRECTION('',(0.,0.,-1.));
#1660=DIRECTION('center_axis',(0.,1.,0.));
#1661=DIRECTION('ref_axis',(1.,0.,0.));
#1662=DIRECTION('',(1.,0.,0.));
#1663=DIRECTION('',(1.,0.,0.));
#1664=DIRECTION('',(0.,0.,-1.));
#1665=DIRECTION('center_axis',(0.,0.,-1.));
#1666=DIRECTION('ref_axis',(-1.,0.,0.));
#1667=DIRECTION('',(4.17966311357681E-16,-1.,0.));
#1668=DIRECTION('center_axis',(0.,0.,1.));
#1669=DIRECTION('ref_axis',(1.,0.,0.));
#1670=DIRECTION('',(1.,0.,0.));
#1671=DIRECTION('',(4.17966311357681E-16,-1.,0.));
#1672=DIRECTION('center_axis',(0.,0.,1.));
#1673=DIRECTION('ref_axis',(1.,5.92118946466745E-15,0.));
#1674=DIRECTION('',(-1.,-3.14617384765584E-17,0.));
#1675=DIRECTION('center_axis',(0.,0.,1.));
#1676=DIRECTION('ref_axis',(-2.96059473233373E-15,1.,0.));
#1677=DIRECTION('',(0.,-1.,0.));
#1678=DIRECTION('center_axis',(0.,0.,1.));
#1679=DIRECTION('ref_axis',(-1.,-8.88178419700118E-15,0.));
#1680=DIRECTION('',(1.,-1.2779545607196E-16,0.));
#1681=DIRECTION('',(0.999999999999936,-3.5863543648521E-7,0.));
#1682=DIRECTION('center_axis',(0.,0.,1.));
#1683=DIRECTION('ref_axis',(-3.58635373250615E-7,-0.999999999999936,0.));
#1684=DIRECTION('',(4.17966311357681E-16,-1.,0.));
#1685=DIRECTION('',(-1.,0.,0.));
#1686=DIRECTION('',(0.,1.,0.));
#1687=DIRECTION('',(1.,0.,0.));
#1688=DIRECTION('center_axis',(1.,4.17966311357681E-16,0.));
#1689=DIRECTION('ref_axis',(0.,0.,-1.));
#1690=DIRECTION('',(4.17966311357681E-16,-1.,0.));
#1691=DIRECTION('',(4.17966311357681E-16,-1.,0.));
#1692=DIRECTION('',(0.,0.,1.));
#1693=DIRECTION('',(-4.17966311357681E-16,1.,0.));
#1694=DIRECTION('',(0.,0.,-1.));
#1695=DIRECTION('',(-4.17966311357681E-16,1.,0.));
#1696=DIRECTION('',(0.,0.,1.));
#1697=DIRECTION('',(0.,0.,-1.));
#1698=DIRECTION('',(-4.17966311357681E-16,1.,0.));
#1699=DIRECTION('',(0.,0.,-1.));
#1700=DIRECTION('',(4.17966311357681E-16,-1.,0.));
#1701=DIRECTION('center_axis',(0.,0.,1.));
#1702=DIRECTION('ref_axis',(1.,0.,0.));
#1703=DIRECTION('center_axis',(0.,0.,1.));
#1704=DIRECTION('ref_axis',(1.,1.18423789293348E-14,0.));
#1705=DIRECTION('',(-1.,0.,0.));
#1706=DIRECTION('center_axis',(0.,0.,1.));
#1707=DIRECTION('ref_axis',(-5.92118946466742E-15,1.,0.));
#1708=DIRECTION('',(0.,-1.,0.));
#1709=DIRECTION('center_axis',(0.,0.,1.));
#1710=DIRECTION('ref_axis',(-1.,-1.77635683940023E-14,0.));
#1711=DIRECTION('',(1.,0.,0.));
#1712=DIRECTION('',(0.999999999999936,-3.58635364496001E-7,0.));
#1713=DIRECTION('center_axis',(0.,0.,1.));
#1714=DIRECTION('ref_axis',(-3.58635385092996E-7,-0.999999999999936,0.));
#1715=DIRECTION('center_axis',(0.,0.,-1.));
#1716=DIRECTION('ref_axis',(-3.58635373250614E-7,-0.999999999999936,0.));
#1717=DIRECTION('',(0.,0.,1.));
#1718=DIRECTION('center_axis',(0.,0.,-1.));
#1719=DIRECTION('ref_axis',(1.,1.1842378929335E-14,0.));
#1720=DIRECTION('center_axis',(-3.58635452992952E-7,-0.999999999999936,
0.));
#1721=DIRECTION('ref_axis',(-0.999999999999936,3.58635452992952E-7,0.));
#1722=DIRECTION('',(0.,0.,1.));
#1723=DIRECTION('',(-0.999999999999936,3.58635461246823E-7,0.));
#1724=DIRECTION('center_axis',(0.,-1.,0.));
#1725=DIRECTION('ref_axis',(-1.,0.,0.));
#1726=DIRECTION('',(0.,0.,1.));
#1727=DIRECTION('',(-1.,0.,0.));
#1728=DIRECTION('center_axis',(0.,0.,-1.));
#1729=DIRECTION('ref_axis',(-1.,-8.88178419700118E-15,0.));
#1730=DIRECTION('',(0.,0.,1.));
#1731=DIRECTION('center_axis',(0.,0.,-1.));
#1732=DIRECTION('ref_axis',(-1.18423789293349E-14,-1.,0.));
#1733=DIRECTION('center_axis',(-1.,0.,0.));
#1734=DIRECTION('ref_axis',(0.,1.,0.));
#1735=DIRECTION('',(0.,0.,1.));
#1736=DIRECTION('',(0.,1.,0.));
#1737=DIRECTION('center_axis',(0.,0.,-1.));
#1738=DIRECTION('ref_axis',(-2.96059473233373E-15,1.,0.));
#1739=DIRECTION('',(0.,0.,1.));
#1740=DIRECTION('center_axis',(0.,0.,-1.));
#1741=DIRECTION('ref_axis',(-1.,1.11022302462515E-14,0.));
#1742=DIRECTION('',(0.,0.,-1.));
#1743=DIRECTION('center_axis',(0.,0.,-1.));
#1744=DIRECTION('ref_axis',(-2.96059473233373E-15,1.,0.));
#1745=DIRECTION('',(0.,0.,-1.));
#1746=DIRECTION('center_axis',(0.,0.,-1.));
#1747=DIRECTION('ref_axis',(-1.,1.11022302462515E-14,0.));
#1748=DIRECTION('center_axis',(-3.14617384765584E-17,1.,0.));
#1749=DIRECTION('ref_axis',(1.,3.14617384765584E-17,0.));
#1750=DIRECTION('',(0.,0.,1.));
#1751=DIRECTION('',(1.,9.43852154296752E-17,0.));
#1752=DIRECTION('',(0.,0.,-1.));
#1753=DIRECTION('center_axis',(3.14617384765584E-17,-1.,0.));
#1754=DIRECTION('ref_axis',(0.,0.,-1.));
#1755=DIRECTION('',(1.,3.14617384765584E-17,0.));
#1756=DIRECTION('',(0.,0.,1.));
#1757=DIRECTION('center_axis',(3.14617384765584E-17,-1.,0.));
#1758=DIRECTION('ref_axis',(0.999981654756016,0.,0.00605723958755982));
#1759=DIRECTION('',(0.,0.,1.));
#1760=DIRECTION('center_axis',(3.14617384765584E-17,-1.,0.));
#1761=DIRECTION('ref_axis',(0.,0.,1.));
#1762=DIRECTION('',(-1.,-3.14617384765584E-17,0.));
#1763=DIRECTION('',(0.,0.,-1.));
#1764=DIRECTION('center_axis',(3.14617384765584E-17,-1.,0.));
#1765=DIRECTION('ref_axis',(-1.,0.,0.));
#1766=DIRECTION('center_axis',(0.,-1.,0.));
#1767=DIRECTION('ref_axis',(1.,0.,0.));
#1768=DIRECTION('',(0.,0.,1.));
#1769=DIRECTION('',(1.,0.,0.));
#1770=DIRECTION('',(0.,0.,1.));
#1771=DIRECTION('center_axis',(0.,0.,1.));
#1772=DIRECTION('ref_axis',(-3.58635385092996E-7,-0.999999999999936,0.));
#1773=DIRECTION('',(0.,0.,1.));
#1774=DIRECTION('center_axis',(0.,0.,-1.));
#1775=DIRECTION('ref_axis',(-3.58635385092996E-7,-0.999999999999936,0.));
#1776=DIRECTION('center_axis',(3.58635364496001E-7,0.999999999999936,0.));
#1777=DIRECTION('ref_axis',(-0.999999999999936,3.58635364496001E-7,0.));
#1778=DIRECTION('',(0.,0.,1.));
#1779=DIRECTION('',(-0.999999999999936,3.58635364496001E-7,0.));
#1780=DIRECTION('center_axis',(0.,1.,0.));
#1781=DIRECTION('ref_axis',(-1.,0.,0.));
#1782=DIRECTION('',(0.,0.,1.));
#1783=DIRECTION('',(-1.,0.,0.));
#1784=DIRECTION('center_axis',(0.,0.,1.));
#1785=DIRECTION('ref_axis',(-1.,-1.77635683940023E-14,0.));
#1786=DIRECTION('',(0.,0.,1.));
#1787=DIRECTION('center_axis',(0.,0.,-1.));
#1788=DIRECTION('ref_axis',(-1.,-1.77635683940023E-14,0.));
#1789=DIRECTION('center_axis',(1.,0.,0.));
#1790=DIRECTION('ref_axis',(0.,1.,0.));
#1791=DIRECTION('',(0.,0.,1.));
#1792=DIRECTION('',(0.,1.,0.));
#1793=DIRECTION('center_axis',(0.,0.,1.));
#1794=DIRECTION('ref_axis',(-5.92118946466742E-15,1.,0.));
#1795=DIRECTION('center_axis',(0.,0.,-1.));
#1796=DIRECTION('ref_axis',(-5.92118946466742E-15,1.,0.));
#1797=DIRECTION('center_axis',(0.,0.,-1.));
#1798=DIRECTION('ref_axis',(1.,0.,0.));
#1799=DIRECTION('',(-1.,0.,0.));
#1800=DIRECTION('',(0.,-1.,0.));
#1801=DIRECTION('center_axis',(-1.,0.,0.));
#1802=DIRECTION('ref_axis',(0.,1.,0.));
#1803=DIRECTION('',(0.,0.,-1.));
#1804=DIRECTION('',(0.,1.,0.));
#1805=DIRECTION('center_axis',(0.,1.,0.));
#1806=DIRECTION('ref_axis',(1.,0.,0.));
#1807=DIRECTION('',(1.,0.,0.));
#1808=DIRECTION('center_axis',(0.,1.,0.));
#1809=DIRECTION('ref_axis',(-1.,0.,0.));
#1810=DIRECTION('',(-1.,0.,0.));
#1811=DIRECTION('',(0.,0.,1.));
#1812=DIRECTION('',(-1.,0.,0.));
#1813=DIRECTION('',(0.,0.,-1.));
#1814=DIRECTION('center_axis',(1.,0.,0.));
#1815=DIRECTION('ref_axis',(0.,1.,0.));
#1816=DIRECTION('',(0.,1.,0.));
#1817=DIRECTION('',(0.,0.,1.));
#1818=DIRECTION('',(0.,1.,0.));
#1819=DIRECTION('center_axis',(1.91693178600539E-16,-1.,0.));
#1820=DIRECTION('ref_axis',(1.,1.91693178600539E-16,0.));
#1821=DIRECTION('',(1.,1.91693178600539E-16,0.));
#1822=DIRECTION('',(1.,1.91693178600539E-16,0.));
#1823=DIRECTION('',(0.,0.,1.));
#1824=DIRECTION('center_axis',(-1.91693178600539E-16,1.,0.));
#1825=DIRECTION('ref_axis',(-1.,0.,0.));
#1826=DIRECTION('',(0.,0.,1.));
#1827=DIRECTION('',(1.,1.91693178600539E-16,0.));
#1828=DIRECTION('center_axis',(-1.91693178600539E-16,1.,0.));
#1829=DIRECTION('ref_axis',(0.,0.,1.));
#1830=DIRECTION('',(0.,0.,-1.));
#1831=DIRECTION('center_axis',(-1.91693178600539E-16,1.,0.));
#1832=DIRECTION('ref_axis',(0.999981654756016,0.,0.00605723958755982));
#1833=DIRECTION('',(0.,0.,-1.));
#1834=DIRECTION('',(-1.,-1.91693178600539E-16,0.));
#1835=DIRECTION('center_axis',(-1.91693178600539E-16,1.,0.));
#1836=DIRECTION('ref_axis',(0.,0.,-1.));
#1837=DIRECTION('center_axis',(0.,0.,1.));
#1838=DIRECTION('ref_axis',(-1.,0.,0.));
#1839=DIRECTION('',(-1.,0.,0.));
#1840=DIRECTION('',(0.,-1.,0.));
#1841=DIRECTION('center_axis',(1.,0.,0.));
#1842=DIRECTION('ref_axis',(0.,1.,0.));
#1843=DIRECTION('',(0.,0.,1.));
#1844=DIRECTION('center_axis',(0.,-1.,0.));
#1845=DIRECTION('ref_axis',(1.,0.,0.));
#1846=DIRECTION('center_axis',(0.,-1.,0.));
#1847=DIRECTION('ref_axis',(0.,0.,1.));
#1848=DIRECTION('',(0.,-1.,0.));
#1849=DIRECTION('',(0.,-1.,0.));
#1850=DIRECTION('center_axis',(0.,0.,1.));
#1851=DIRECTION('ref_axis',(-1.,0.,0.));
#1852=DIRECTION('',(0.,-1.,0.));
#1853=DIRECTION('center_axis',(-1.,0.,0.));
#1854=DIRECTION('ref_axis',(0.,0.,-1.));
#1855=DIRECTION('',(0.,-1.,0.));
#1856=DIRECTION('center_axis',(0.,-1.,0.));
#1857=DIRECTION('ref_axis',(-1.,0.,0.));
#1858=DIRECTION('',(0.,-1.,0.));
#1859=DIRECTION('center_axis',(-1.,0.,0.));
#1860=DIRECTION('ref_axis',(0.,0.,-1.));
#1861=DIRECTION('',(0.,-1.,0.));
#1862=DIRECTION('center_axis',(0.,-1.,0.));
#1863=DIRECTION('ref_axis',(0.,0.,-1.));
#1864=DIRECTION('',(0.,-1.,0.));
#1865=DIRECTION('center_axis',(0.,0.,-1.));
#1866=DIRECTION('ref_axis',(1.,0.,0.));
#1867=DIRECTION('',(0.,-1.,0.));
#1868=DIRECTION('center_axis',(1.,0.,0.));
#1869=DIRECTION('ref_axis',(0.,0.,1.));
#1870=DIRECTION('',(0.,-1.,0.));
#1871=DIRECTION('center_axis',(0.,-1.,0.));
#1872=DIRECTION('ref_axis',(0.999981654756016,0.,0.00605723958755982));
#1873=DIRECTION('',(0.,-1.,0.));
#1874=DIRECTION('center_axis',(1.,0.,0.));
#1875=DIRECTION('ref_axis',(0.,0.,1.));
#1876=DIRECTION('center_axis',(0.,0.,-1.));
#1877=DIRECTION('ref_axis',(1.,0.,0.));
#1878=DIRECTION('center_axis',(0.,0.,-1.));
#1879=DIRECTION('ref_axis',(1.18423789293349E-14,1.,0.));
#1880=DIRECTION('center_axis',(0.,0.,-1.));
#1881=DIRECTION('ref_axis',(1.,5.92118946466745E-15,0.));
#1882=DIRECTION('center_axis',(0.,0.,1.));
#1883=DIRECTION('ref_axis',(-1.,0.,0.));
#1884=DIRECTION('center_axis',(0.,0.,-1.));
#1885=DIRECTION('ref_axis',(1.,1.18423789293348E-14,0.));
#1886=DIRECTION('center_axis',(0.,0.,1.));
#1887=DIRECTION('ref_axis',(1.,1.18423789293348E-14,0.));
#1888=DIRECTION('',(0.,0.,1.));
#1889=DIRECTION('',(1.,0.,0.));
#1890=DIRECTION('',(0.,0.,1.));
#1891=DIRECTION('',(1.,0.,0.));
#1892=CARTESIAN_POINT('',(0.,0.,0.));
#1893=CARTESIAN_POINT('',(0.,0.,0.));
#1894=CARTESIAN_POINT('',(0.,0.,0.));
#1895=CARTESIAN_POINT('Origin',(135.626076109231,-21.4732267289675,11.8338774850564));
#1896=CARTESIAN_POINT('',(134.000001996756,-21.4732267289675,1.6));
#1897=CARTESIAN_POINT('',(134.000001996756,-21.4732267289675,11.8338774850564));
#1898=CARTESIAN_POINT('',(134.000001996756,-21.4732267289675,6.71693874252818));
#1899=CARTESIAN_POINT('',(135.626076109231,-21.4732267289675,1.6));
#1900=CARTESIAN_POINT('',(117.707057081923,-21.4732267289675,1.6));
#1901=CARTESIAN_POINT('',(135.626076109231,-21.4732267289675,11.8338774850564));
#1902=CARTESIAN_POINT('',(135.626076109231,-21.4732267289675,8.74193874252818));
#1903=CARTESIAN_POINT('',(135.626076109231,-21.4732267289675,11.8338774850564));
#1904=CARTESIAN_POINT('Origin',(135.626076109231,-57.8989670184351,11.8338774850564));
#1905=CARTESIAN_POINT('',(134.000001996756,-56.9297220251263,11.8338774850564));
#1906=CARTESIAN_POINT('',(134.000001996756,-37.9494835092176,11.8338774850564));
#1907=CARTESIAN_POINT('',(135.626076109231,-57.8989670184351,11.8338774850564));
#1908=CARTESIAN_POINT('',(135.626076109231,-48.5744836056973,11.8338774850564));
#1909=CARTESIAN_POINT('',(133.996076109231,-57.8989670184351,11.8338774850564));
#1910=CARTESIAN_POINT('',(135.626076109231,-57.8989670184351,11.8338774850564));
#1911=CARTESIAN_POINT('',(133.996076109231,-56.9297220251263,11.8338774850564));
#1912=CARTESIAN_POINT('',(133.996076109231,-21.4732267289675,11.8338774850564));
#1913=CARTESIAN_POINT('',(134.813039052993,-56.9297220251263,11.8338774850564));
#1914=CARTESIAN_POINT('Origin',(135.626076109231,-57.8989670184351,1.6));
#1915=CARTESIAN_POINT('',(135.626076109231,-57.8989670184351,1.6));
#1916=CARTESIAN_POINT('',(135.626076109231,-57.8989670184351,3.625));
#1917=CARTESIAN_POINT('',(133.996076109231,-57.8989670184351,1.6));
#1918=CARTESIAN_POINT('',(117.707057081923,-57.8989670184351,1.6));
#1919=CARTESIAN_POINT('',(133.996076109231,-57.8989670184351,11.8338774850564));
#1920=CARTESIAN_POINT('Origin',(133.996076109231,-39.6860968737013,6.71693874252818));
#1921=CARTESIAN_POINT('',(133.996076109231,-56.9297220251263,1.6));
#1922=CARTESIAN_POINT('',(133.996076109231,-56.9297220251263,4.15846937126409));
#1923=CARTESIAN_POINT('',(133.996076109231,-39.4680485333304,1.6));
#1924=CARTESIAN_POINT('Origin',(135.626076109231,-39.2500001929594,5.65));
#1925=CARTESIAN_POINT('',(135.626076109231,-20.,1.6));
#1926=CARTESIAN_POINT('',(135.626076109231,-39.2500001929594,1.6));
#1927=CARTESIAN_POINT('',(135.626076109231,-20.,14.1));
#1928=CARTESIAN_POINT('',(135.626076109231,-20.,9.875));
#1929=CARTESIAN_POINT('',(135.626076109231,-58.5,14.1));
#1930=CARTESIAN_POINT('',(135.626076109231,-39.2500000964797,14.1));
#1931=CARTESIAN_POINT('',(135.626076109231,-58.5,1.6));
#1932=CARTESIAN_POINT('',(135.626076109231,-58.5000007718377,9.875));
#1933=CARTESIAN_POINT('',(135.626076109231,-39.2500001929594,1.6));
#1934=CARTESIAN_POINT('Origin',(99.7880380546156,-39.2500001929594,1.6));
#1935=CARTESIAN_POINT('',(134.000001996756,-20.53,1.6));
#1936=CARTESIAN_POINT('',(134.000001996756,-57.0000008493662,1.6));
#1937=CARTESIAN_POINT('',(134.626076109231,-20.53,1.6));
#1938=CARTESIAN_POINT('',(117.207057081923,-20.53,1.6));
#1939=CARTESIAN_POINT('',(134.626076109231,-20.,1.6));
#1940=CARTESIAN_POINT('',(134.626076109231,-29.6250000964797,1.6));
#1941=CARTESIAN_POINT('',(117.707057081923,-20.,1.6));
#1942=CARTESIAN_POINT('Origin',(134.000001996756,-18.,1.6));
#1943=CARTESIAN_POINT('',(134.000001996756,-56.9297220251263,14.1));
#1944=CARTESIAN_POINT('',(134.000001996756,-56.9297220251263,1.6));
#1945=CARTESIAN_POINT('',(134.,-21.5639974822795,14.1));
#1946=CARTESIAN_POINT('',(134.000001996756,-57.0000008493662,14.1));
#1947=CARTESIAN_POINT('',(134.,-21.5639974822795,13.1));
#1948=CARTESIAN_POINT('',(134.,-21.5639974822795,13.1));
#1949=CARTESIAN_POINT('',(134.000001996756,-20.53,13.1));
#1950=CARTESIAN_POINT('',(134.000001996756,-57.0000008493662,13.1));
#1951=CARTESIAN_POINT('',(134.000001996756,-20.53,7.85));
#1952=CARTESIAN_POINT('Origin',(134.626076109231,-20.,14.1));
#1953=CARTESIAN_POINT('',(134.626076109231,-20.53,14.1));
#1954=CARTESIAN_POINT('',(134.626076109231,-20.53,14.1));
#1955=CARTESIAN_POINT('',(134.626076109231,-20.,14.1));
#1956=CARTESIAN_POINT('',(134.626076109231,-29.625,14.1));
#1957=CARTESIAN_POINT('',(134.626076109231,-20.,14.1));
#1958=CARTESIAN_POINT('Origin',(134.626076109231,-20.,14.1));
#1959=CARTESIAN_POINT('',(134.626076109231,-20.,0.));
#1960=CARTESIAN_POINT('',(134.626076109231,-20.53,0.));
#1961=CARTESIAN_POINT('',(134.626076109231,-29.6250000964797,0.));
#1962=CARTESIAN_POINT('',(134.626076109231,-20.,-2.));
#1963=CARTESIAN_POINT('',(134.626076109231,-20.,14.1));
#1964=CARTESIAN_POINT('',(134.626076109231,-20.53,-2.));
#1965=CARTESIAN_POINT('',(134.626076109231,-20.,-2.));
#1966=CARTESIAN_POINT('',(134.626076109231,-20.53,14.1));
#1967=CARTESIAN_POINT('Origin',(135.626076109231,-20.,14.1));
#1968=CARTESIAN_POINT('',(117.438038054616,-20.,14.1));
#1969=CARTESIAN_POINT('Origin',(135.626076109231,-20.,14.1));
#1970=CARTESIAN_POINT('',(135.626076109231,-20.,0.));
#1971=CARTESIAN_POINT('',(117.707057081923,-20.,0.));
#1972=CARTESIAN_POINT('',(135.626076109231,-20.,-2.));
#1973=CARTESIAN_POINT('',(135.626076109231,-20.,9.875));
#1974=CARTESIAN_POINT('',(135.626076109231,-20.,-2.));
#1975=CARTESIAN_POINT('Origin',(134.626076109231,-20.53,14.1));
#1976=CARTESIAN_POINT('',(134.000000129767,-20.53,14.1));
#1977=CARTESIAN_POINT('',(134.000000129767,-20.53,14.1));
#1978=CARTESIAN_POINT('',(116.938038054616,-20.53,14.1));
#1979=CARTESIAN_POINT('Origin',(134.000000129767,-20.53,14.1));
#1980=CARTESIAN_POINT('',(134.000001996756,-18.,13.1));
#1981=CARTESIAN_POINT('',(134.000001996756,-57.0000008493662,13.1));
#1982=CARTESIAN_POINT('',(134.,-18.,14.1));
#1983=CARTESIAN_POINT('',(134.,-18.,14.1));
#1984=CARTESIAN_POINT('',(134.000000609853,-29.8899991088138,14.1));
#1985=CARTESIAN_POINT('Origin',(134.626076109231,-20.53,14.1));
#1986=CARTESIAN_POINT('',(134.000000129767,-20.53,0.));
#1987=CARTESIAN_POINT('',(117.207057081923,-20.53,0.));
#1988=CARTESIAN_POINT('',(134.000000129767,-20.53,-2.));
#1989=CARTESIAN_POINT('',(134.626076109231,-20.53,-2.));
#1990=CARTESIAN_POINT('',(134.000000129767,-20.53,14.1));
#1991=CARTESIAN_POINT('Origin',(134.,-18.,14.1));
#1992=CARTESIAN_POINT('',(134.,-18.,0.));
#1993=CARTESIAN_POINT('',(135.626076109231,-18.,0.));
#1994=CARTESIAN_POINT('',(116.894019027308,-18.,0.));
#1995=CARTESIAN_POINT('',(134.,-18.,-2.));
#1996=CARTESIAN_POINT('',(134.,-18.,14.1));
#1997=CARTESIAN_POINT('',(135.626076109231,-18.,-2.));
#1998=CARTESIAN_POINT('',(133.626076109231,-18.,-2.));
#1999=CARTESIAN_POINT('',(135.626076109231,-18.,9.875));
#2000=CARTESIAN_POINT('Origin',(134.000000129767,-20.53,14.1));
#2001=CARTESIAN_POINT('',(134.000000609853,-29.8899992190919,0.));
#2002=CARTESIAN_POINT('',(134.,-18.,-2.));
#2003=CARTESIAN_POINT('Origin',(134.813038054616,-19.265,-2.));
#2004=CARTESIAN_POINT('',(135.626076109231,-29.2575000964797,-2.));
#2005=CARTESIAN_POINT('Origin',(135.626076109231,-60.5000007718377,14.1));
#2006=CARTESIAN_POINT('',(133.999997004867,-60.4999986477196,1.6));
#2007=CARTESIAN_POINT('',(135.626076109231,-60.5,1.6));
#2008=CARTESIAN_POINT('',(117.707057081923,-60.5000007718377,1.6));
#2009=CARTESIAN_POINT('',(133.999997004867,-60.4999986477196,14.1));
#2010=CARTESIAN_POINT('',(133.999997004867,-60.4999986477196,14.1));
#2011=CARTESIAN_POINT('',(135.626076109231,-60.5,14.1));
#2012=CARTESIAN_POINT('',(117.438038054616,-60.5000007718377,14.1));
#2013=CARTESIAN_POINT('',(135.626076109231,-60.5000007718377,9.875));
#2014=CARTESIAN_POINT('Origin',(135.626076109231,-60.5000007718377,14.1));
#2015=CARTESIAN_POINT('',(135.626076109231,-60.5,0.));
#2016=CARTESIAN_POINT('',(133.999997004867,-60.4999986477196,0.));
#2017=CARTESIAN_POINT('',(117.707057081923,-60.5000007718377,0.));
#2018=CARTESIAN_POINT('',(135.626076109231,-60.5,-2.));
#2019=CARTESIAN_POINT('',(135.626076109231,-60.5000007718377,9.875));
#2020=CARTESIAN_POINT('',(133.999997004867,-60.4999986477196,-2.));
#2021=CARTESIAN_POINT('',(133.626076109231,-60.5000007718377,-2.));
#2022=CARTESIAN_POINT('',(133.999997004867,-60.4999986477196,14.1));
#2023=CARTESIAN_POINT('Origin',(133.999997004867,-60.4999986477196,14.1));
#2024=CARTESIAN_POINT('',(134.000000542259,-57.9700007718377,1.6));
#2025=CARTESIAN_POINT('',(134.000011860493,-49.8750233375969,1.6));
#2026=CARTESIAN_POINT('',(134.000000542259,-57.9700007718377,14.1));
#2027=CARTESIAN_POINT('',(134.000000542259,-57.9700007718377,14.1));
#2028=CARTESIAN_POINT('',(134.000011860493,-49.8750236172542,14.1));
#2029=CARTESIAN_POINT('Origin',(133.999997004867,-60.4999986477196,14.1));
#2030=CARTESIAN_POINT('',(134.000000542259,-57.9700007718377,0.));
#2031=CARTESIAN_POINT('',(134.000011860493,-49.8750233375969,0.));
#2032=CARTESIAN_POINT('',(134.000000542259,-57.9700007718377,-2.));
#2033=CARTESIAN_POINT('',(134.000001996756,-56.9297220251263,-2.));
#2034=CARTESIAN_POINT('',(134.000000542259,-57.9700007718377,14.1));
#2035=CARTESIAN_POINT('Origin',(134.000000542259,-57.9700007718377,14.1));
#2036=CARTESIAN_POINT('',(134.626076109231,-57.9700007718377,1.6));
#2037=CARTESIAN_POINT('',(116.894019298437,-57.9700007718377,1.6));
#2038=CARTESIAN_POINT('',(134.626076109231,-57.9700007718377,14.1));
#2039=CARTESIAN_POINT('',(134.626076109231,-57.9700007718377,14.1));
#2040=CARTESIAN_POINT('',(116.625000271129,-57.9700007718377,14.1));
#2041=CARTESIAN_POINT('Origin',(134.000000542259,-57.9700007718377,14.1));
#2042=CARTESIAN_POINT('',(134.626076109231,-57.9700007718377,0.));
#2043=CARTESIAN_POINT('',(116.894019298437,-57.9700007718377,0.));
#2044=CARTESIAN_POINT('',(134.626076109231,-57.9700007718377,-2.));
#2045=CARTESIAN_POINT('',(134.626076109231,-57.9700007718377,-2.));
#2046=CARTESIAN_POINT('',(134.626076109231,-57.9700007718377,14.1));
#2047=CARTESIAN_POINT('Origin',(134.626076109231,-58.5000007718377,14.1));
#2048=CARTESIAN_POINT('',(134.626076109231,-58.5000007718377,1.6));
#2049=CARTESIAN_POINT('',(117.207057081923,-58.5000007718377,1.6));
#2050=CARTESIAN_POINT('',(134.626076109231,-58.5000007718377,14.1));
#2051=CARTESIAN_POINT('',(116.938038054616,-58.5000007718377,14.1));
#2052=CARTESIAN_POINT('',(134.626076109231,-58.5000007718377,14.1));
#2053=CARTESIAN_POINT('Origin',(134.626076109231,-57.9700007718377,14.1));
#2054=CARTESIAN_POINT('',(134.626076109231,-48.6100004823986,1.6));
#2055=CARTESIAN_POINT('',(134.626076109231,-48.6100003859189,14.1));
#2056=CARTESIAN_POINT('Origin',(134.626076109231,-57.9700007718377,14.1));
#2057=CARTESIAN_POINT('',(134.626076109231,-58.5000007718377,0.));
#2058=CARTESIAN_POINT('',(134.626076109231,-48.6100004823986,0.));
#2059=CARTESIAN_POINT('',(134.626076109231,-58.5000007718377,-2.));
#2060=CARTESIAN_POINT('',(134.626076109231,-58.5000007718377,-2.));
#2061=CARTESIAN_POINT('',(134.626076109231,-58.5000007718377,14.1));
#2062=CARTESIAN_POINT('Origin',(134.626076109231,-58.5000007718377,14.1));
#2063=CARTESIAN_POINT('',(135.626076109231,-58.5,0.));
#2064=CARTESIAN_POINT('',(117.207057081923,-58.5000007718377,0.));
#2065=CARTESIAN_POINT('',(135.626076109231,-58.5,-2.));
#2066=CARTESIAN_POINT('',(135.626076109231,-58.5000007718377,-2.));
#2067=CARTESIAN_POINT('',(135.626076109231,-58.5000007718377,9.875));
#2068=CARTESIAN_POINT('Origin',(134.813036557049,-59.2350007718377,-2.));
#2069=CARTESIAN_POINT('',(135.626076109231,-49.2425004823986,-2.));
#2070=CARTESIAN_POINT('Origin',(99.25,-39.25,14.1));
#2071=CARTESIAN_POINT('',(135.626076109231,-18.,14.1));
#2072=CARTESIAN_POINT('',(116.625,-18.,14.1));
#2073=CARTESIAN_POINT('',(135.626076109231,-15.0508475793883,14.1));
#2074=CARTESIAN_POINT('',(135.626076109231,-39.2500000964797,14.1));
#2075=CARTESIAN_POINT('',(135.076076109231,-15.,14.1));
#2076=CARTESIAN_POINT('Origin',(135.076076109231,-18.,14.1));
#2077=CARTESIAN_POINT('',(64.5,-15.,14.1));
#2078=CARTESIAN_POINT('',(135.076076109231,-15.,14.1));
#2079=CARTESIAN_POINT('',(61.5,-18.,14.1));
#2080=CARTESIAN_POINT('Origin',(64.5,-18.,14.1));
#2081=CARTESIAN_POINT('',(61.5,-60.5,14.1));
#2082=CARTESIAN_POINT('',(61.5,-18.,14.1));
#2083=CARTESIAN_POINT('',(64.5,-63.5,14.1));
#2084=CARTESIAN_POINT('Origin',(64.5,-60.5,14.1));
#2085=CARTESIAN_POINT('',(134.,-63.5,14.1));
#2086=CARTESIAN_POINT('',(64.5,-63.5,14.1));
#2087=CARTESIAN_POINT('',(135.076075033325,-63.5000003859187,14.1));
#2088=CARTESIAN_POINT('',(134.,-63.5,14.1));
#2089=CARTESIAN_POINT('',(135.626076109231,-63.4491528065306,14.1));
#2090=CARTESIAN_POINT('Origin',(135.076076109231,-60.5000003859189,14.1));
#2091=CARTESIAN_POINT('',(135.626076109231,-39.2500000964797,14.1));
#2092=CARTESIAN_POINT('',(99.25,-56.9297220251263,14.1));
#2093=CARTESIAN_POINT('',(64.5,-56.9297220251263,14.1));
#2094=CARTESIAN_POINT('',(99.25,-21.5639974822795,14.1));
#2095=CARTESIAN_POINT('',(99.25,-18.,14.1));
#2096=CARTESIAN_POINT('',(134.,-21.5639974822795,14.1));
#2097=CARTESIAN_POINT('Origin',(135.626076109231,-39.2500001929594,5.65));
#2098=CARTESIAN_POINT('',(135.626076109231,-39.2500001929594,0.));
#2099=CARTESIAN_POINT('',(135.626076109231,-61.8955289596141,0.));
#2100=CARTESIAN_POINT('',(135.626076109231,-39.2500001929594,0.));
#2101=CARTESIAN_POINT('',(135.626076109231,-61.8955289596141,1.6));
#2102=CARTESIAN_POINT('',(135.626076109231,-61.8955289596141,0.));
#2103=CARTESIAN_POINT('',(135.626076109231,-39.2500001929594,1.6));
#2104=CARTESIAN_POINT('',(135.626076109231,-63.4491528065306,-2.8));
#2105=CARTESIAN_POINT('',(135.626076109231,-63.4491528065306,0.));
#2106=CARTESIAN_POINT('',(135.626076109231,-15.0508475793883,-2.8));
#2107=CARTESIAN_POINT('',(135.626076109231,-39.2500001929594,-2.8));
#2108=CARTESIAN_POINT('',(135.626076109231,-15.0508475793883,0.));
#2109=CARTESIAN_POINT('',(135.626076109231,-18.,1.6));
#2110=CARTESIAN_POINT('',(135.626076109231,-18.,9.875));
#2111=CARTESIAN_POINT('',(135.626076109231,-16.6044714263047,1.6));
#2112=CARTESIAN_POINT('',(135.626076109231,-39.2500001929594,1.6));
#2113=CARTESIAN_POINT('',(135.626076109231,-16.6044714263047,0.));
#2114=CARTESIAN_POINT('',(135.626076109231,-16.6044714263047,0.));
#2115=CARTESIAN_POINT('',(135.626076109231,-39.2500001929594,0.));
#2116=CARTESIAN_POINT('Origin',(99.7880380546156,-39.2500001929594,0.));
#2117=CARTESIAN_POINT('',(135.076076109231,-16.5,0.));
#2118=CARTESIAN_POINT('Origin',(135.076076109231,-18.,0.));
#2119=CARTESIAN_POINT('',(64.5,-16.5,0.));
#2120=CARTESIAN_POINT('',(82.1440190273078,-16.5,0.));
#2121=CARTESIAN_POINT('',(63.,-18.,0.));
#2122=CARTESIAN_POINT('Origin',(64.5,-18.,0.));
#2123=CARTESIAN_POINT('',(63.,-60.5,0.));
#2124=CARTESIAN_POINT('',(63.,-49.8750000964797,0.));
#2125=CARTESIAN_POINT('',(64.5,-62.,0.));
#2126=CARTESIAN_POINT('Origin',(64.5,-60.5,0.));
#2127=CARTESIAN_POINT('',(134.,-62.,0.));
#2128=CARTESIAN_POINT('',(116.894019027308,-62.,0.));
#2129=CARTESIAN_POINT('',(135.076075571278,-62.0000003859188,0.));
#2130=CARTESIAN_POINT('',(117.432052733472,-61.9999940581482,0.));
#2131=CARTESIAN_POINT('Origin',(135.076076109231,-60.5000003859189,0.));
#2132=CARTESIAN_POINT('Origin',(135.076076109231,-60.5000003859189,0.));
#2133=CARTESIAN_POINT('',(135.076075033325,-63.5000003859187,-2.8));
#2134=CARTESIAN_POINT('',(135.076075033325,-63.5000003859187,0.));
#2135=CARTESIAN_POINT('Origin',(135.076076109231,-60.5000003859189,-2.8));
#2136=CARTESIAN_POINT('Origin',(135.076075033325,-63.5000003859187,0.));
#2137=CARTESIAN_POINT('',(134.,-63.5,-2.8));
#2138=CARTESIAN_POINT('',(134.,-63.5,0.));
#2139=CARTESIAN_POINT('',(135.076075033325,-63.5000003859187,-2.8));
#2140=CARTESIAN_POINT('Origin',(134.,-63.5,0.));
#2141=CARTESIAN_POINT('',(64.5,-63.5,-2.8));
#2142=CARTESIAN_POINT('',(64.5,-63.5,0.));
#2143=CARTESIAN_POINT('',(134.,-63.5,-2.8));
#2144=CARTESIAN_POINT('Origin',(64.5,-60.5,0.));
#2145=CARTESIAN_POINT('',(61.5,-60.5,-2.8));
#2146=CARTESIAN_POINT('',(61.5,-60.5,0.));
#2147=CARTESIAN_POINT('Origin',(64.5,-60.5,-2.8));
#2148=CARTESIAN_POINT('Origin',(61.5,-60.5,0.));
#2149=CARTESIAN_POINT('',(61.5,-18.,-2.8));
#2150=CARTESIAN_POINT('',(61.5,-18.,0.));
#2151=CARTESIAN_POINT('',(61.5,-60.5,-2.8));
#2152=CARTESIAN_POINT('Origin',(64.5,-18.,0.));
#2153=CARTESIAN_POINT('',(64.5,-15.,-2.8));
#2154=CARTESIAN_POINT('',(64.5,-15.,0.));
#2155=CARTESIAN_POINT('',(62.4346530131718,-15.8241457254679,-2.8));
#2156=CARTESIAN_POINT('Origin',(64.5,-18.,-2.8));
#2157=CARTESIAN_POINT('',(62.4346530131718,-15.8241457254679,-1.8));
#2158=CARTESIAN_POINT('',(62.4346530131718,-15.8241457254679,-1.8));
#2159=CARTESIAN_POINT('',(62.3786796564404,-15.8786796564404,-1.8));
#2160=CARTESIAN_POINT('Origin',(64.5,-18.,-1.8));
#2161=CARTESIAN_POINT('',(62.3786796564404,-15.8786796564404,-2.8));
#2162=CARTESIAN_POINT('',(62.3786796564404,-15.8786796564404,-1.8));
#2163=CARTESIAN_POINT('Origin',(64.5,-18.,-2.8));
#2164=CARTESIAN_POINT('Origin',(64.5,-15.,0.));
#2165=CARTESIAN_POINT('',(135.076076109231,-15.,-2.8));
#2166=CARTESIAN_POINT('',(135.076076109231,-15.,0.));
#2167=CARTESIAN_POINT('',(64.5,-15.,-2.8));
#2168=CARTESIAN_POINT('',(72.0637240132165,-15.,4.78426354944572));
#2169=CARTESIAN_POINT('',(72.0637240132165,-15.,4.04586976162118));
#2170=CARTESIAN_POINT('',(72.0637240132165,-15.,2.39213177472286));
#2171=CARTESIAN_POINT('',(73.3300034829881,-15.,2.77959029184957));
#2172=CARTESIAN_POINT('Origin',(73.3300034829881,-15.,4.04586976162118));
#2173=CARTESIAN_POINT('',(79.7300037869718,-15.,2.77959029184957));
#2174=CARTESIAN_POINT('',(68.9150017414941,-15.,2.77959029184957));
#2175=CARTESIAN_POINT('',(79.7300037869718,-15.,2.82228940553879));
#2176=CARTESIAN_POINT('',(79.7300037869718,-15.,1.38979514592478));
#2177=CARTESIAN_POINT('',(80.9999981895089,-15.,4.09999990835786));
#2178=CARTESIAN_POINT('Origin',(79.7300037869718,-15.,4.09230710686051));
#2179=CARTESIAN_POINT('',(80.9999981895089,-15.,4.78426354944572));
#2180=CARTESIAN_POINT('',(80.9999981895089,-15.,2.04999995417893));
#2181=CARTESIAN_POINT('',(79.7300037869718,-15.,6.05425795198284));
#2182=CARTESIAN_POINT('Origin',(79.7300037869718,-15.,4.78426354944572));
#2183=CARTESIAN_POINT('',(73.3300034829881,-15.,6.05425795198284));
#2184=CARTESIAN_POINT('',(72.1150018934859,-15.,6.05425795198284));
#2185=CARTESIAN_POINT('',(73.3300034829881,-15.,6.05054301921733));
#2186=CARTESIAN_POINT('',(73.3300034829881,-15.,3.02712897599142));
#2187=CARTESIAN_POINT('Origin',(73.3300034829881,-15.,4.78426354944572));
#2188=CARTESIAN_POINT('Origin',(64.5,-16.5,0.));
#2189=CARTESIAN_POINT('',(135.076076109231,-16.5,1.6));
#2190=CARTESIAN_POINT('',(135.076076109231,-16.5,0.));
#2191=CARTESIAN_POINT('',(64.5,-16.5,1.6));
#2192=CARTESIAN_POINT('',(134.,-16.5,1.6));
#2193=CARTESIAN_POINT('',(64.5,-16.5,0.));
#2194=CARTESIAN_POINT('Origin',(135.076076109231,-60.5000003859189,0.));
#2195=CARTESIAN_POINT('',(135.076075571278,-62.0000003859188,1.6));
#2196=CARTESIAN_POINT('',(135.076075571278,-62.0000003859188,0.));
#2197=CARTESIAN_POINT('Origin',(135.076076109231,-60.5000003859189,1.6));
#2198=CARTESIAN_POINT('Origin',(135.076075571278,-62.0000003859188,0.));
#2199=CARTESIAN_POINT('',(134.,-62.,1.6));
#2200=CARTESIAN_POINT('',(134.,-62.,0.));
#2201=CARTESIAN_POINT('',(135.076075571278,-62.0000003859188,1.6));
#2202=CARTESIAN_POINT('Origin',(134.,-62.,0.));
#2203=CARTESIAN_POINT('',(64.5,-62.,1.6));
#2204=CARTESIAN_POINT('',(64.5,-62.,0.));
#2205=CARTESIAN_POINT('',(64.5,-62.,1.6));
#2206=CARTESIAN_POINT('Origin',(64.5,-60.5,0.));
#2207=CARTESIAN_POINT('',(63.,-60.5,1.6));
#2208=CARTESIAN_POINT('',(63.,-60.5,0.));
#2209=CARTESIAN_POINT('Origin',(64.5,-60.5,1.6));
#2210=CARTESIAN_POINT('Origin',(63.,-60.5,0.));
#2211=CARTESIAN_POINT('',(63.,-18.,1.6));
#2212=CARTESIAN_POINT('',(63.,-18.,0.));
#2213=CARTESIAN_POINT('',(63.,-18.,1.6));
#2214=CARTESIAN_POINT('Origin',(64.5,-18.,0.));
#2215=CARTESIAN_POINT('Origin',(64.5,-18.,1.6));
#2216=CARTESIAN_POINT('Origin',(99.7880380546156,-39.2500001929594,-1.8));
#2217=CARTESIAN_POINT('',(62.3786796564404,-15.8241457254679,-1.8));
#2218=CARTESIAN_POINT('',(136.065346986828,-15.8241457254679,-1.8));
#2219=CARTESIAN_POINT('',(62.3786796564404,-15.8241457254679,-1.8));
#2220=CARTESIAN_POINT('Origin',(62.3786796564404,-15.8786796564404,-1.8));
#2221=CARTESIAN_POINT('',(62.3786796564404,-15.8241457254679,-2.8));
#2222=CARTESIAN_POINT('',(62.3786796564404,-15.8241457254679,-1.8));
#2223=CARTESIAN_POINT('',(62.3786796564404,-15.8241457254679,-2.8));
#2224=CARTESIAN_POINT('Origin',(62.3786796564404,-15.8241457254679,-1.8));
#2225=CARTESIAN_POINT('',(136.065346986828,-15.8241457254679,-2.8));
#2226=CARTESIAN_POINT('Origin',(134.000001996756,-56.9297220251263,1.6));
#2227=CARTESIAN_POINT('',(64.5,-56.9297220251263,1.6));
#2228=CARTESIAN_POINT('',(64.5,-56.9297220251263,1.6));
#2229=CARTESIAN_POINT('',(64.5,-56.9297220251263,13.1));
#2230=CARTESIAN_POINT('',(64.5,-56.9297220251263,1.6));
#2231=CARTESIAN_POINT('',(99.25,-56.9297220251263,13.1));
#2232=CARTESIAN_POINT('',(64.5,-56.9297220251263,13.1));
#2233=CARTESIAN_POINT('',(99.25,-56.9297220251263,13.1));
#2234=CARTESIAN_POINT('Origin',(64.5,-56.9297220251263,1.6));
#2235=CARTESIAN_POINT('',(64.5,-18.,1.6));
#2236=CARTESIAN_POINT('',(64.5,-18.,1.6));
#2237=CARTESIAN_POINT('',(64.5,-18.,13.1));
#2238=CARTESIAN_POINT('',(64.5,-18.,1.6));
#2239=CARTESIAN_POINT('',(64.5,-18.,13.1));
#2240=CARTESIAN_POINT('Origin',(64.5,-18.,1.6));
#2241=CARTESIAN_POINT('',(134.000001996756,-18.,1.6));
#2242=CARTESIAN_POINT('',(134.000001996756,-18.,13.1));
#2243=CARTESIAN_POINT('',(72.0637240132165,-18.,4.04586976162118));
#2244=CARTESIAN_POINT('',(72.0637240132165,-18.,4.78426354944572));
#2245=CARTESIAN_POINT('',(72.0637240132165,-18.,3.19213177472286));
#2246=CARTESIAN_POINT('',(73.3300034829881,-18.,6.05054301921733));
#2247=CARTESIAN_POINT('Origin',(73.3300034829881,-18.,4.78426354944572));
#2248=CARTESIAN_POINT('',(73.3300034829881,-18.,6.05425795198284));
#2249=CARTESIAN_POINT('',(73.3300034829881,-18.,3.82712897599142));
#2250=CARTESIAN_POINT('',(79.7300037869718,-18.,6.05425795198284));
#2251=CARTESIAN_POINT('',(72.1150018934859,-18.,6.05425795198284));
#2252=CARTESIAN_POINT('',(80.9999981895089,-18.,4.78426354944572));
#2253=CARTESIAN_POINT('Origin',(79.7300037869718,-18.,4.78426354944572));
#2254=CARTESIAN_POINT('',(80.9999981895089,-18.,4.09999990835786));
#2255=CARTESIAN_POINT('',(80.9999981895089,-18.,2.84999995417893));
#2256=CARTESIAN_POINT('',(79.7300037869718,-18.,2.82228940553879));
#2257=CARTESIAN_POINT('Origin',(79.7300037869718,-18.,4.09230710686051));
#2258=CARTESIAN_POINT('',(79.7300037869718,-18.,2.77959029184957));
#2259=CARTESIAN_POINT('',(79.7300037869718,-18.,2.18979514592478));
#2260=CARTESIAN_POINT('',(73.3300034829881,-18.,2.77959029184957));
#2261=CARTESIAN_POINT('',(68.9150017414941,-18.,2.77959029184957));
#2262=CARTESIAN_POINT('Origin',(73.3300034829881,-18.,4.04586976162118));
#2263=CARTESIAN_POINT('Origin',(99.25,-39.25,13.1));
#2264=CARTESIAN_POINT('',(99.25,-21.5639974822795,13.1));
#2265=CARTESIAN_POINT('',(134.,-21.5639974822795,13.1));
#2266=CARTESIAN_POINT('',(99.25,-18.,13.1));
#2267=CARTESIAN_POINT('Origin',(99.25,-60.5,13.1));
#2268=CARTESIAN_POINT('',(99.25,-21.5639974822795,13.1));
#2269=CARTESIAN_POINT('Origin',(99.25,-21.5639974822795,13.1));
#2270=CARTESIAN_POINT('Origin',(79.7300037869718,-15.,4.78426354944572));
#2271=CARTESIAN_POINT('',(79.7300037869718,-15.,6.05425795198284));
#2272=CARTESIAN_POINT('',(80.9999981895089,-15.,4.78426354944572));
#2273=CARTESIAN_POINT('Origin',(79.7300037869718,-15.,6.05425795198284));
#2274=CARTESIAN_POINT('',(73.3300034829881,-15.,6.05425795198284));
#2275=CARTESIAN_POINT('Origin',(73.3300034829881,-15.,6.05425795198284));
#2276=CARTESIAN_POINT('',(73.3300034829881,-15.,6.05054301921733));
#2277=CARTESIAN_POINT('Origin',(73.3300034829881,-15.,4.78426354944572));
#2278=CARTESIAN_POINT('',(72.0637240132165,-15.,4.78426354944572));
#2279=CARTESIAN_POINT('Origin',(72.0637240132165,-15.,4.78426354944572));
#2280=CARTESIAN_POINT('',(72.0637240132165,-15.,4.04586976162118));
#2281=CARTESIAN_POINT('Origin',(73.3300034829881,-15.,4.04586976162118));
#2282=CARTESIAN_POINT('',(73.3300034829881,-15.,2.77959029184957));
#2283=CARTESIAN_POINT('Origin',(73.3300034829881,-15.,2.77959029184957));
#2284=CARTESIAN_POINT('',(79.7300037869718,-15.,2.77959029184957));
#2285=CARTESIAN_POINT('Origin',(79.7300037869718,-15.,2.77959029184957));
#2286=CARTESIAN_POINT('',(79.7300037869718,-15.,2.82228940553879));
#2287=CARTESIAN_POINT('Origin',(79.7300037869718,-15.,4.09230710686051));
#2288=CARTESIAN_POINT('',(80.9999981895089,-15.,4.09999990835786));
#2289=CARTESIAN_POINT('Origin',(80.9999981895089,-15.,4.09999990835786));
#2290=CARTESIAN_POINT('Origin',(99.7880380546156,-39.2500001929594,-2.8));
#2291=CARTESIAN_POINT('Origin',(135.076076109231,-18.,-2.8));
#2292=CARTESIAN_POINT('Origin',(135.076076109231,-18.,0.));
#2293=CARTESIAN_POINT('Origin',(99.7880380546156,-39.2500001929594,1.6));
#2294=CARTESIAN_POINT('Origin',(135.076076109231,-18.,1.6));
#2295=CARTESIAN_POINT('Origin',(135.076076109231,-18.,0.));
#2296=CARTESIAN_POINT('',(0.,0.,0.));
#2297=CARTESIAN_POINT('',(0.,0.,0.));
#2298=UNCERTAINTY_MEASURE_WITH_UNIT(LENGTH_MEASURE(0.01),#2306,
'DISTANCE_ACCURACY_VALUE',
'Maximum model space distance between geometric entities at asserted c
onnectivities');
#2299=UNCERTAINTY_MEASURE_WITH_UNIT(LENGTH_MEASURE(0.01),#2306,
'DISTANCE_ACCURACY_VALUE',
'Maximum model space distance between geometric entities at asserted c
onnectivities');
#2300=UNCERTAINTY_MEASURE_WITH_UNIT(LENGTH_MEASURE(0.01),#2306,
'DISTANCE_ACCURACY_VALUE',
'Maximum model space distance between geometric entities at asserted c
onnectivities');
#2301=UNCERTAINTY_MEASURE_WITH_UNIT(LENGTH_MEASURE(0.01),#2306,
'DISTANCE_ACCURACY_VALUE',
'Maximum model space distance between geometric entities at asserted c
onnectivities');
#2302=(
GEOMETRIC_REPRESENTATION_CONTEXT(3)
GLOBAL_UNCERTAINTY_ASSIGNED_CONTEXT((#2298))
GLOBAL_UNIT_ASSIGNED_CONTEXT((#2306,#2308,#2309))
REPRESENTATION_CONTEXT('','3D')
);
#2303=(
GEOMETRIC_REPRESENTATION_CONTEXT(3)
GLOBAL_UNCERTAINTY_ASSIGNED_CONTEXT((#2299))
GLOBAL_UNIT_ASSIGNED_CONTEXT((#2306,#2308,#2309))
REPRESENTATION_CONTEXT('','3D')
);
#2304=(
GEOMETRIC_REPRESENTATION_CONTEXT(3)
GLOBAL_UNCERTAINTY_ASSIGNED_CONTEXT((#2300))
GLOBAL_UNIT_ASSIGNED_CONTEXT((#2306,#2308,#2309))
REPRESENTATION_CONTEXT('','3D')
);
#2305=(
GEOMETRIC_REPRESENTATION_CONTEXT(3)
GLOBAL_UNCERTAINTY_ASSIGNED_CONTEXT((#2301))
GLOBAL_UNIT_ASSIGNED_CONTEXT((#2306,#2308,#2309))
REPRESENTATION_CONTEXT('','3D')
);
#2306=(
LENGTH_UNIT()
NAMED_UNIT(*)
SI_UNIT(.MILLI.,.METRE.)
);
#2307=(
LENGTH_UNIT()
NAMED_UNIT(*)
SI_UNIT($,.METRE.)
);
#2308=(
NAMED_UNIT(*)
PLANE_ANGLE_UNIT()
SI_UNIT($,.RADIAN.)
);
#2309=(
NAMED_UNIT(*)
SI_UNIT($,.STERADIAN.)
SOLID_ANGLE_UNIT()
);
#2310=SHAPE_DEFINITION_REPRESENTATION(#2313,#2318);
#2311=SHAPE_DEFINITION_REPRESENTATION(#2314,#2319);
#2312=SHAPE_DEFINITION_REPRESENTATION(#2315,#2320);
#2313=PRODUCT_DEFINITION_SHAPE('',$,#2322);
#2314=PRODUCT_DEFINITION_SHAPE('',$,#2323);
#2315=PRODUCT_DEFINITION_SHAPE('',$,#2324);
#2316=PRODUCT_DEFINITION_SHAPE($,$,#17);
#2317=PRODUCT_DEFINITION_SHAPE($,$,#18);
#2318=SHAPE_REPRESENTATION('',(#1421,#1519),#2302);
#2319=SHAPE_REPRESENTATION('',(#1422,#1518),#2303);
#2320=SHAPE_REPRESENTATION('',(#1423),#2304);
#2321=PRODUCT_DEFINITION_CONTEXT('part definition',#2332,'design');
#2322=PRODUCT_DEFINITION('Coding pad 1','Coding pad',#2325,#2321);
#2323=PRODUCT_DEFINITION('PCB_Related_PCB','PCB_Related_PCB',#2326,#2321);
#2324=PRODUCT_DEFINITION('2026-08-04-17-45-34-201','Bottom',#2327,#2321);
#2325=PRODUCT_DEFINITION_FORMATION('',$,#2334);
#2326=PRODUCT_DEFINITION_FORMATION('',$,#2335);
#2327=PRODUCT_DEFINITION_FORMATION('',$,#2336);
#2328=PRODUCT_RELATED_PRODUCT_CATEGORY('Coding pad','Coding pad',(#2334));
#2329=PRODUCT_RELATED_PRODUCT_CATEGORY('PCB_Related_PCB',
'PCB_Related_PCB',(#2335));
#2330=PRODUCT_RELATED_PRODUCT_CATEGORY('Bottom','Bottom',(#2336));
#2331=APPLICATION_PROTOCOL_DEFINITION('international standard',
'automotive_design',2009,#2332);
#2332=APPLICATION_CONTEXT(
'Core Data for Automotive Mechanical Design Process');
#2333=PRODUCT_CONTEXT('part definition',#2332,'mechanical');
#2334=PRODUCT('Coding pad 1','Coding pad','KiCad electronic assembly',(#2333));
#2335=PRODUCT('PCB_Related_PCB','PCB_Related_PCB',$,(#2333));
#2336=PRODUCT('2026-08-04-17-45-34-201','Bottom',$,(#2333));
#2337=PRESENTATION_STYLE_ASSIGNMENT((#2339));
#2338=PRESENTATION_STYLE_ASSIGNMENT((#2340));
#2339=SURFACE_STYLE_USAGE(.BOTH.,#2341);
#2340=SURFACE_STYLE_USAGE(.BOTH.,#2342);
#2341=SURFACE_SIDE_STYLE('',(#2343));
#2342=SURFACE_SIDE_STYLE('',(#2344));
#2343=SURFACE_STYLE_FILL_AREA(#2345);
#2344=SURFACE_STYLE_FILL_AREA(#2346);
#2345=FILL_AREA_STYLE('Acier - Satin\X\E9',(#2347));
#2346=FILL_AREA_STYLE('Opaque(80,124,105)',(#2348));
#2347=FILL_AREA_STYLE_COLOUR('Acier - Satin\X\E9',#2349);
#2348=FILL_AREA_STYLE_COLOUR('Opaque(80,124,105)',#2350);
#2349=COLOUR_RGB('Acier - Satin\X\E9',0.627450980392157,0.627450980392157,
0.627450980392157);
#2350=COLOUR_RGB('Opaque(80,124,105)',0.313725490196078,0.486274509803922,
0.411764705882353);
ENDSEC;
END-ISO-10303-21;
