ISO-10303-21;
HEADER;
/* Generated by software containing ST-Developer
 * from STEP Tools, Inc. (www.steptools.com) 
 */

FILE_DESCRIPTION(
/* description */ ('KiCad electronic assembly'),
/* implementation_level */ '2;1');

FILE_NAME(
/* name */ 'Top.step',
/* time_stamp */ '2026-08-05T14:13:17-04:00',
/* author */ (''),
/* organization */ (''),
/* preprocessor_version */ 'ST-DEVELOPER v20.1',
/* originating_system */ 'Autodesk Translation Framework v15.8.0.0',
/* authorisation */ '');

FILE_SCHEMA (('AUTOMOTIVE_DESIGN { 1 0 10303 214 3 1 1 }'));
ENDSEC;

DATA;
#10=MECHANICAL_DESIGN_GEOMETRIC_PRESENTATION_REPRESENTATION('',(#13),#5668);
#11=SHAPE_REPRESENTATION_RELATIONSHIP('SRR','None',#5674,#12);
#12=ADVANCED_BREP_SHAPE_REPRESENTATION('',(#14),#5667);
#13=STYLED_ITEM('',(#5683),#14);
#14=MANIFOLD_SOLID_BREP('Top',#1365);
#15=(
BOUNDED_SURFACE()
B_SPLINE_SURFACE(5,1,((#5167,#5168),(#5169,#5170),(#5171,#5172),(#5173,
#5174),(#5175,#5176),(#5177,#5178),(#5179,#5180),(#5181,#5182),(#5183,#5184),
(#5185,#5186),(#5187,#5188),(#5189,#5190),(#5191,#5192),(#5193,#5194),(#5195,
#5196)),.UNSPECIFIED.,.F.,.F.,.F.)
B_SPLINE_SURFACE_WITH_KNOTS((6,1,1,1,1,1,1,1,1,1,6),(2,2),(0.,0.1,0.2,0.3,
0.4,0.5,0.6,0.7,0.8,0.9,1.),(0.,0.2),.UNSPECIFIED.)
GEOMETRIC_REPRESENTATION_ITEM()
RATIONAL_B_SPLINE_SURFACE(((1.,1.),(1.,1.),(1.,1.),(1.,1.),(1.,1.),(1.,
1.),(1.,1.),(1.,1.),(1.,1.),(1.,1.),(1.,1.),(1.,1.),(1.,1.),(1.,1.),(1.,
1.)))
REPRESENTATION_ITEM('')
SURFACE()
);
#16=(
BOUNDED_SURFACE()
B_SPLINE_SURFACE(5,1,((#5214,#5215),(#5216,#5217),(#5218,#5219),(#5220,
#5221),(#5222,#5223),(#5224,#5225),(#5226,#5227),(#5228,#5229)),
 .UNSPECIFIED.,.F.,.F.,.F.)
B_SPLINE_SURFACE_WITH_KNOTS((6,1,1,6),(2,2),(-1.,-0.933333333333333,-0.866666666666667,
-0.802296581672053),(0.,0.2),.UNSPECIFIED.)
GEOMETRIC_REPRESENTATION_ITEM()
RATIONAL_B_SPLINE_SURFACE(((1.,1.),(1.,1.),(1.,1.),(1.,1.),(1.,1.),(1.,
1.),(1.,1.),(1.,1.)))
REPRESENTATION_ITEM('')
SURFACE()
);
#17=(
BOUNDED_SURFACE()
B_SPLINE_SURFACE(5,1,((#5238,#5239),(#5240,#5241),(#5242,#5243),(#5244,
#5245),(#5246,#5247),(#5248,#5249),(#5250,#5251),(#5252,#5253),(#5254,#5255),
(#5256,#5257),(#5258,#5259),(#5260,#5261),(#5262,#5263),(#5264,#5265),(#5266,
#5267),(#5268,#5269),(#5270,#5271),(#5272,#5273),(#5274,#5275),(#5276,#5277)),
 .UNSPECIFIED.,.F.,.F.,.F.)
B_SPLINE_SURFACE_WITH_KNOTS((6,1,1,1,1,1,1,1,1,1,1,1,1,1,1,6),(2,2),(-0.725745308845438,
-0.7,-0.65,-0.6,-0.55,-0.5,-0.45,-0.4,-0.35,-0.3,-0.25,-0.2,-0.15,-0.1,
-0.05,0.),(0.,0.2),.UNSPECIFIED.)
GEOMETRIC_REPRESENTATION_ITEM()
RATIONAL_B_SPLINE_SURFACE(((1.,1.),(1.,1.),(1.,1.),(1.,1.),(1.,1.),(1.,
1.),(1.,1.),(1.,1.),(1.,1.),(1.,1.),(1.,1.),(1.,1.),(1.,1.),(1.,1.),(1.,
1.),(1.,1.),(1.,1.),(1.,1.),(1.,1.),(1.,1.)))
REPRESENTATION_ITEM('')
SURFACE()
);
#18=(
BOUNDED_SURFACE()
B_SPLINE_SURFACE(5,1,((#5302,#5303),(#5304,#5305),(#5306,#5307),(#5308,
#5309),(#5310,#5311),(#5312,#5313),(#5314,#5315),(#5316,#5317),(#5318,#5319),
(#5320,#5321),(#5322,#5323),(#5324,#5325),(#5326,#5327),(#5328,#5329),(#5330,
#5331),(#5332,#5333),(#5334,#5335),(#5336,#5337),(#5338,#5339),(#5340,#5341)),
 .UNSPECIFIED.,.F.,.F.,.F.)
B_SPLINE_SURFACE_WITH_KNOTS((6,1,1,1,1,1,1,1,1,1,1,1,1,1,1,6),(2,2),(0.,
0.0666666666666667,0.133333333333333,0.2,0.266666666666667,0.333333333333333,
0.4,0.466666666666667,0.533333333333333,0.6,0.666666666666667,0.733333333333333,
0.8,0.866666666666667,0.933333333333333,1.),(0.,0.2),.UNSPECIFIED.)
GEOMETRIC_REPRESENTATION_ITEM()
RATIONAL_B_SPLINE_SURFACE(((1.,1.),(1.,1.),(1.,1.),(1.,1.),(1.,1.),(1.,
1.),(1.,1.),(1.,1.),(1.,1.),(1.,1.),(1.,1.),(1.,1.),(1.,1.),(1.,1.),(1.,
1.),(1.,1.),(1.,1.),(1.,1.),(1.,1.),(1.,1.)))
REPRESENTATION_ITEM('')
SURFACE()
);
#19=(
BOUNDED_SURFACE()
B_SPLINE_SURFACE(5,1,((#5364,#5365),(#5366,#5367),(#5368,#5369),(#5370,
#5371),(#5372,#5373),(#5374,#5375),(#5376,#5377),(#5378,#5379),(#5380,#5381),
(#5382,#5383),(#5384,#5385),(#5386,#5387),(#5388,#5389),(#5390,#5391)),
 .UNSPECIFIED.,.F.,.F.,.F.)
B_SPLINE_SURFACE_WITH_KNOTS((6,1,1,1,1,1,1,1,1,6),(2,2),(-0.679383264405508,
-0.666666666666667,-0.6,-0.533333333333333,-0.466666666666667,-0.4,-0.333333333333333,
-0.266666666666667,-0.2,-0.145398999983241),(0.,0.2),.UNSPECIFIED.)
GEOMETRIC_REPRESENTATION_ITEM()
RATIONAL_B_SPLINE_SURFACE(((1.,1.),(1.,1.),(1.,1.),(1.,1.),(1.,1.),(1.,
1.),(1.,1.),(1.,1.),(1.,1.),(1.,1.),(1.,1.),(1.,1.),(1.,1.),(1.,1.)))
REPRESENTATION_ITEM('')
SURFACE()
);
#20=(
BOUNDED_SURFACE()
B_SPLINE_SURFACE(5,1,((#5408,#5409),(#5410,#5411),(#5412,#5413),(#5414,
#5415),(#5416,#5417),(#5418,#5419),(#5420,#5421),(#5422,#5423),(#5424,#5425),
(#5426,#5427),(#5428,#5429),(#5430,#5431),(#5432,#5433),(#5434,#5435),(#5436,
#5437),(#5438,#5439),(#5440,#5441),(#5442,#5443),(#5444,#5445),(#5446,#5447),
(#5448,#5449),(#5450,#5451),(#5452,#5453),(#5454,#5455),(#5456,#5457)),
 .UNSPECIFIED.,.F.,.F.,.F.)
B_SPLINE_SURFACE_WITH_KNOTS((6,1,1,1,1,1,1,1,1,1,1,1,1,1,1,1,1,1,1,1,6),
(2,2),(-0.971179195425306,-0.95,-0.9,-0.85,-0.8,-0.75,-0.7,-0.65,-0.6,-0.55,
-0.5,-0.45,-0.4,-0.35,-0.3,-0.25,-0.2,-0.15,-0.1,-0.05,0.),(0.,0.2),
 .UNSPECIFIED.)
GEOMETRIC_REPRESENTATION_ITEM()
RATIONAL_B_SPLINE_SURFACE(((1.,1.),(1.,1.),(1.,1.),(1.,1.),(1.,1.),(1.,
1.),(1.,1.),(1.,1.),(1.,1.),(1.,1.),(1.,1.),(1.,1.),(1.,1.),(1.,1.),(1.,
1.),(1.,1.),(1.,1.),(1.,1.),(1.,1.),(1.,1.),(1.,1.),(1.,1.),(1.,1.),(1.,
1.),(1.,1.)))
REPRESENTATION_ITEM('')
SURFACE()
);
#21=(
BOUNDED_SURFACE()
B_SPLINE_SURFACE(5,1,((#5489,#5490),(#5491,#5492),(#5493,#5494),(#5495,
#5496),(#5497,#5498),(#5499,#5500),(#5501,#5502),(#5503,#5504),(#5505,#5506),
(#5507,#5508),(#5509,#5510),(#5511,#5512),(#5513,#5514),(#5515,#5516),(#5517,
#5518),(#5519,#5520),(#5521,#5522),(#5523,#5524),(#5525,#5526),(#5527,#5528)),
 .UNSPECIFIED.,.F.,.F.,.F.)
B_SPLINE_SURFACE_WITH_KNOTS((6,1,1,1,1,1,1,1,1,1,1,1,1,1,1,6),(2,2),(0.,
0.0666666666666667,0.133333333333333,0.2,0.266666666666667,0.333333333333333,
0.4,0.466666666666667,0.533333333333333,0.6,0.666666666666667,0.733333333333333,
0.8,0.866666666666667,0.933333333333333,1.),(0.,0.2),.UNSPECIFIED.)
GEOMETRIC_REPRESENTATION_ITEM()
RATIONAL_B_SPLINE_SURFACE(((1.,1.),(1.,1.),(1.,1.),(1.,1.),(1.,1.),(1.,
1.),(1.,1.),(1.,1.),(1.,1.),(1.,1.),(1.,1.),(1.,1.),(1.,1.),(1.,1.),(1.,
1.),(1.,1.),(1.,1.),(1.,1.),(1.,1.),(1.,1.)))
REPRESENTATION_ITEM('')
SURFACE()
);
#22=(
BOUNDED_SURFACE()
B_SPLINE_SURFACE(5,1,((#5555,#5556),(#5557,#5558),(#5559,#5560),(#5561,
#5562),(#5563,#5564),(#5565,#5566),(#5567,#5568),(#5569,#5570),(#5571,#5572),
(#5573,#5574),(#5575,#5576),(#5577,#5578),(#5579,#5580),(#5581,#5582),(#5583,
#5584),(#5585,#5586),(#5587,#5588),(#5589,#5590),(#5591,#5592),(#5593,#5594),
(#5595,#5596),(#5597,#5598),(#5599,#5600),(#5601,#5602)),.UNSPECIFIED.,
 .F.,.F.,.F.)
B_SPLINE_SURFACE_WITH_KNOTS((6,1,1,1,1,1,1,1,1,1,1,1,1,1,1,1,1,1,1,6),(2,
2),(0.0676075671021468,0.1,0.15,0.2,0.25,0.3,0.35,0.4,0.45,0.5,0.55,0.6,
0.65,0.7,0.75,0.8,0.85,0.9,0.95,1.),(0.,0.2),.UNSPECIFIED.)
GEOMETRIC_REPRESENTATION_ITEM()
RATIONAL_B_SPLINE_SURFACE(((1.,1.),(1.,1.),(1.,1.),(1.,1.),(1.,1.),(1.,
1.),(1.,1.),(1.,1.),(1.,1.),(1.,1.),(1.,1.),(1.,1.),(1.,1.),(1.,1.),(1.,
1.),(1.,1.),(1.,1.),(1.,1.),(1.,1.),(1.,1.),(1.,1.),(1.,1.),(1.,1.),(1.,
1.)))
REPRESENTATION_ITEM('')
SURFACE()
);
#23=(
BOUNDED_CURVE()
B_SPLINE_CURVE(5,(#4992,#4993,#4994,#4995,#4996,#4997,#4998,#4999),
 .UNSPECIFIED.,.F.,.F.)
B_SPLINE_CURVE_WITH_KNOTS((6,1,1,6),(-1.,-0.933333333333333,-0.866666666666667,
-0.802296581672053),.UNSPECIFIED.)
CURVE()
GEOMETRIC_REPRESENTATION_ITEM()
RATIONAL_B_SPLINE_CURVE((1.,1.,1.,1.,1.,1.,1.,1.))
REPRESENTATION_ITEM('')
);
#24=(
BOUNDED_CURVE()
B_SPLINE_CURVE(5,(#5002,#5003,#5004,#5005,#5006,#5007,#5008,#5009,#5010,
#5011,#5012,#5013,#5014,#5015,#5016),.UNSPECIFIED.,.F.,.F.)
B_SPLINE_CURVE_WITH_KNOTS((6,1,1,1,1,1,1,1,1,1,6),(0.,0.1,0.2,0.3,0.4,0.5,
0.6,0.7,0.8,0.9,1.),.UNSPECIFIED.)
CURVE()
GEOMETRIC_REPRESENTATION_ITEM()
RATIONAL_B_SPLINE_CURVE((1.,1.,1.,1.,1.,1.,1.,1.,1.,1.,1.,1.,1.,1.,1.))
REPRESENTATION_ITEM('')
);
#25=(
BOUNDED_CURVE()
B_SPLINE_CURVE(5,(#5019,#5020,#5021,#5022,#5023,#5024,#5025,#5026,#5027,
#5028,#5029,#5030,#5031,#5032,#5033,#5034,#5035,#5036,#5037,#5038,#5039,
#5040,#5041,#5042,#5043),.UNSPECIFIED.,.F.,.F.)
B_SPLINE_CURVE_WITH_KNOTS((6,1,1,1,1,1,1,1,1,1,1,1,1,1,1,1,1,1,1,1,6),(-0.971179195425306,
-0.95,-0.9,-0.85,-0.8,-0.75,-0.7,-0.65,-0.6,-0.55,-0.5,-0.45,-0.4,-0.35,
-0.3,-0.25,-0.2,-0.15,-0.1,-0.05,0.),.UNSPECIFIED.)
CURVE()
GEOMETRIC_REPRESENTATION_ITEM()
RATIONAL_B_SPLINE_CURVE((1.,1.,1.,1.,1.,1.,1.,1.,1.,1.,1.,1.,1.,1.,1.,1.,
1.,1.,1.,1.,1.,1.,1.,1.,1.))
REPRESENTATION_ITEM('')
);
#26=(
BOUNDED_CURVE()
B_SPLINE_CURVE(5,(#5045,#5046,#5047,#5048,#5049,#5050,#5051,#5052,#5053,
#5054,#5055,#5056,#5057,#5058,#5059,#5060,#5061,#5062,#5063,#5064),
 .UNSPECIFIED.,.F.,.F.)
B_SPLINE_CURVE_WITH_KNOTS((6,1,1,1,1,1,1,1,1,1,1,1,1,1,1,6),(-0.725745308845438,
-0.7,-0.65,-0.6,-0.55,-0.5,-0.45,-0.4,-0.35,-0.3,-0.25,-0.2,-0.15,-0.1,
-0.05,0.),.UNSPECIFIED.)
CURVE()
GEOMETRIC_REPRESENTATION_ITEM()
RATIONAL_B_SPLINE_CURVE((1.,1.,1.,1.,1.,1.,1.,1.,1.,1.,1.,1.,1.,1.,1.,1.,
1.,1.,1.,1.))
REPRESENTATION_ITEM('')
);
#27=(
BOUNDED_CURVE()
B_SPLINE_CURVE(5,(#5066,#5067,#5068,#5069,#5070,#5071,#5072,#5073,#5074,
#5075,#5076,#5077,#5078,#5079,#5080,#5081,#5082,#5083,#5084,#5085),
 .UNSPECIFIED.,.F.,.F.)
B_SPLINE_CURVE_WITH_KNOTS((6,1,1,1,1,1,1,1,1,1,1,1,1,1,1,6),(0.,0.0666666666666667,
0.133333333333333,0.2,0.266666666666667,0.333333333333333,0.4,0.466666666666667,
0.533333333333333,0.6,0.666666666666667,0.733333333333333,0.8,0.866666666666667,
0.933333333333333,1.),.UNSPECIFIED.)
CURVE()
GEOMETRIC_REPRESENTATION_ITEM()
RATIONAL_B_SPLINE_CURVE((1.,1.,1.,1.,1.,1.,1.,1.,1.,1.,1.,1.,1.,1.,1.,1.,
1.,1.,1.,1.))
REPRESENTATION_ITEM('')
);
#28=(
BOUNDED_CURVE()
B_SPLINE_CURVE(5,(#5086,#5087,#5088,#5089,#5090,#5091,#5092,#5093,#5094,
#5095,#5096,#5097,#5098,#5099),.UNSPECIFIED.,.F.,.F.)
B_SPLINE_CURVE_WITH_KNOTS((6,1,1,1,1,1,1,1,1,6),(-0.679383264405508,-0.666666666666667,
-0.6,-0.533333333333333,-0.466666666666667,-0.4,-0.333333333333333,-0.266666666666667,
-0.2,-0.145398999983241),.UNSPECIFIED.)
CURVE()
GEOMETRIC_REPRESENTATION_ITEM()
RATIONAL_B_SPLINE_CURVE((1.,1.,1.,1.,1.,1.,1.,1.,1.,1.,1.,1.,1.,1.))
REPRESENTATION_ITEM('')
);
#29=(
BOUNDED_CURVE()
B_SPLINE_CURVE(5,(#5106,#5107,#5108,#5109,#5110,#5111,#5112,#5113,#5114,
#5115,#5116,#5117,#5118,#5119,#5120,#5121,#5122,#5123,#5124,#5125),
 .UNSPECIFIED.,.F.,.F.)
B_SPLINE_CURVE_WITH_KNOTS((6,1,1,1,1,1,1,1,1,1,1,1,1,1,1,6),(0.,0.0666666666666667,
0.133333333333333,0.2,0.266666666666667,0.333333333333333,0.4,0.466666666666667,
0.533333333333333,0.6,0.666666666666667,0.733333333333333,0.8,0.866666666666667,
0.933333333333333,1.),.UNSPECIFIED.)
CURVE()
GEOMETRIC_REPRESENTATION_ITEM()
RATIONAL_B_SPLINE_CURVE((1.,1.,1.,1.,1.,1.,1.,1.,1.,1.,1.,1.,1.,1.,1.,1.,
1.,1.,1.,1.))
REPRESENTATION_ITEM('')
);
#30=(
BOUNDED_CURVE()
B_SPLINE_CURVE(5,(#5128,#5129,#5130,#5131,#5132,#5133,#5134,#5135,#5136,
#5137,#5138,#5139,#5140,#5141,#5142,#5143,#5144,#5145,#5146,#5147,#5148,
#5149,#5150,#5151),.UNSPECIFIED.,.F.,.F.)
B_SPLINE_CURVE_WITH_KNOTS((6,1,1,1,1,1,1,1,1,1,1,1,1,1,1,1,1,1,1,6),(0.0676075671021468,
0.1,0.15,0.2,0.25,0.3,0.35,0.4,0.45,0.5,0.55,0.6,0.65,0.7,0.75,0.8,0.85,
0.9,0.95,1.),.UNSPECIFIED.)
CURVE()
GEOMETRIC_REPRESENTATION_ITEM()
RATIONAL_B_SPLINE_CURVE((1.,1.,1.,1.,1.,1.,1.,1.,1.,1.,1.,1.,1.,1.,1.,1.,
1.,1.,1.,1.,1.,1.,1.,1.))
REPRESENTATION_ITEM('')
);
#31=(
BOUNDED_CURVE()
B_SPLINE_CURVE(5,(#5198,#5199,#5200,#5201,#5202,#5203,#5204,#5205,#5206,
#5207,#5208,#5209,#5210,#5211,#5212),.UNSPECIFIED.,.F.,.F.)
B_SPLINE_CURVE_WITH_KNOTS((6,1,1,1,1,1,1,1,1,1,6),(0.,0.1,0.2,0.3,0.4,0.5,
0.6,0.7,0.8,0.9,1.),.UNSPECIFIED.)
CURVE()
GEOMETRIC_REPRESENTATION_ITEM()
RATIONAL_B_SPLINE_CURVE((1.,1.,1.,1.,1.,1.,1.,1.,1.,1.,1.,1.,1.,1.,1.))
REPRESENTATION_ITEM('')
);
#32=(
BOUNDED_CURVE()
B_SPLINE_CURVE(5,(#5230,#5231,#5232,#5233,#5234,#5235,#5236,#5237),
 .UNSPECIFIED.,.F.,.F.)
B_SPLINE_CURVE_WITH_KNOTS((6,1,1,6),(-1.,-0.933333333333333,-0.866666666666667,
-0.802296581672053),.UNSPECIFIED.)
CURVE()
GEOMETRIC_REPRESENTATION_ITEM()
RATIONAL_B_SPLINE_CURVE((1.,1.,1.,1.,1.,1.,1.,1.))
REPRESENTATION_ITEM('')
);
#33=(
BOUNDED_CURVE()
B_SPLINE_CURVE(5,(#5281,#5282,#5283,#5284,#5285,#5286,#5287,#5288,#5289,
#5290,#5291,#5292,#5293,#5294,#5295,#5296,#5297,#5298,#5299,#5300),
 .UNSPECIFIED.,.F.,.F.)
B_SPLINE_CURVE_WITH_KNOTS((6,1,1,1,1,1,1,1,1,1,1,1,1,1,1,6),(-0.725745308845438,
-0.7,-0.65,-0.6,-0.55,-0.5,-0.45,-0.4,-0.35,-0.3,-0.25,-0.2,-0.15,-0.1,
-0.05,0.),.UNSPECIFIED.)
CURVE()
GEOMETRIC_REPRESENTATION_ITEM()
RATIONAL_B_SPLINE_CURVE((1.,1.,1.,1.,1.,1.,1.,1.,1.,1.,1.,1.,1.,1.,1.,1.,
1.,1.,1.,1.))
REPRESENTATION_ITEM('')
);
#34=(
BOUNDED_CURVE()
B_SPLINE_CURVE(5,(#5343,#5344,#5345,#5346,#5347,#5348,#5349,#5350,#5351,
#5352,#5353,#5354,#5355,#5356,#5357,#5358,#5359,#5360,#5361,#5362),
 .UNSPECIFIED.,.F.,.F.)
B_SPLINE_CURVE_WITH_KNOTS((6,1,1,1,1,1,1,1,1,1,1,1,1,1,1,6),(0.,0.0666666666666667,
0.133333333333333,0.2,0.266666666666667,0.333333333333333,0.4,0.466666666666667,
0.533333333333333,0.6,0.666666666666667,0.733333333333333,0.8,0.866666666666667,
0.933333333333333,1.),.UNSPECIFIED.)
CURVE()
GEOMETRIC_REPRESENTATION_ITEM()
RATIONAL_B_SPLINE_CURVE((1.,1.,1.,1.,1.,1.,1.,1.,1.,1.,1.,1.,1.,1.,1.,1.,
1.,1.,1.,1.))
REPRESENTATION_ITEM('')
);
#35=(
BOUNDED_CURVE()
B_SPLINE_CURVE(5,(#5393,#5394,#5395,#5396,#5397,#5398,#5399,#5400,#5401,
#5402,#5403,#5404,#5405,#5406),.UNSPECIFIED.,.F.,.F.)
B_SPLINE_CURVE_WITH_KNOTS((6,1,1,1,1,1,1,1,1,6),(-0.679383264405508,-0.666666666666667,
-0.6,-0.533333333333333,-0.466666666666667,-0.4,-0.333333333333333,-0.266666666666667,
-0.2,-0.145398999983241),.UNSPECIFIED.)
CURVE()
GEOMETRIC_REPRESENTATION_ITEM()
RATIONAL_B_SPLINE_CURVE((1.,1.,1.,1.,1.,1.,1.,1.,1.,1.,1.,1.,1.,1.))
REPRESENTATION_ITEM('')
);
#36=(
BOUNDED_CURVE()
B_SPLINE_CURVE(5,(#5458,#5459,#5460,#5461,#5462,#5463,#5464,#5465,#5466,
#5467,#5468,#5469,#5470,#5471,#5472,#5473,#5474,#5475,#5476,#5477,#5478,
#5479,#5480,#5481,#5482),.UNSPECIFIED.,.F.,.F.)
B_SPLINE_CURVE_WITH_KNOTS((6,1,1,1,1,1,1,1,1,1,1,1,1,1,1,1,1,1,1,1,6),(-0.971179195425306,
-0.95,-0.9,-0.85,-0.8,-0.75,-0.7,-0.65,-0.6,-0.55,-0.5,-0.45,-0.4,-0.35,
-0.3,-0.25,-0.2,-0.15,-0.1,-0.05,0.),.UNSPECIFIED.)
CURVE()
GEOMETRIC_REPRESENTATION_ITEM()
RATIONAL_B_SPLINE_CURVE((1.,1.,1.,1.,1.,1.,1.,1.,1.,1.,1.,1.,1.,1.,1.,1.,
1.,1.,1.,1.,1.,1.,1.,1.,1.))
REPRESENTATION_ITEM('')
);
#37=(
BOUNDED_CURVE()
B_SPLINE_CURVE(5,(#5530,#5531,#5532,#5533,#5534,#5535,#5536,#5537,#5538,
#5539,#5540,#5541,#5542,#5543,#5544,#5545,#5546,#5547,#5548,#5549),
 .UNSPECIFIED.,.F.,.F.)
B_SPLINE_CURVE_WITH_KNOTS((6,1,1,1,1,1,1,1,1,1,1,1,1,1,1,6),(0.,0.0666666666666667,
0.133333333333333,0.2,0.266666666666667,0.333333333333333,0.4,0.466666666666667,
0.533333333333333,0.6,0.666666666666667,0.733333333333333,0.8,0.866666666666667,
0.933333333333333,1.),.UNSPECIFIED.)
CURVE()
GEOMETRIC_REPRESENTATION_ITEM()
RATIONAL_B_SPLINE_CURVE((1.,1.,1.,1.,1.,1.,1.,1.,1.,1.,1.,1.,1.,1.,1.,1.,
1.,1.,1.,1.))
REPRESENTATION_ITEM('')
);
#38=(
BOUNDED_CURVE()
B_SPLINE_CURVE(5,(#5604,#5605,#5606,#5607,#5608,#5609,#5610,#5611,#5612,
#5613,#5614,#5615,#5616,#5617,#5618,#5619,#5620,#5621,#5622,#5623,#5624,
#5625,#5626,#5627),.UNSPECIFIED.,.F.,.F.)
B_SPLINE_CURVE_WITH_KNOTS((6,1,1,1,1,1,1,1,1,1,1,1,1,1,1,1,1,1,1,6),(0.0676075671021468,
0.1,0.15,0.2,0.25,0.3,0.35,0.4,0.45,0.5,0.55,0.6,0.65,0.7,0.75,0.8,0.85,
0.9,0.95,1.),.UNSPECIFIED.)
CURVE()
GEOMETRIC_REPRESENTATION_ITEM()
RATIONAL_B_SPLINE_CURVE((1.,1.,1.,1.,1.,1.,1.,1.,1.,1.,1.,1.,1.,1.,1.,1.,
1.,1.,1.,1.,1.,1.,1.,1.))
REPRESENTATION_ITEM('')
);
#39=FACE_BOUND('',#193,.T.);
#40=FACE_BOUND('',#198,.T.);
#41=FACE_BOUND('',#200,.T.);
#42=FACE_BOUND('',#201,.T.);
#43=FACE_BOUND('',#202,.T.);
#44=FACE_BOUND('',#203,.T.);
#45=FACE_BOUND('',#204,.T.);
#46=FACE_BOUND('',#205,.T.);
#47=FACE_BOUND('',#209,.T.);
#48=FACE_BOUND('',#232,.T.);
#49=FACE_BOUND('',#233,.T.);
#50=FACE_BOUND('',#234,.T.);
#51=PLANE('',#1419);
#52=PLANE('',#1420);
#53=PLANE('',#1425);
#54=PLANE('',#1426);
#55=PLANE('',#1436);
#56=PLANE('',#1437);
#57=PLANE('',#1438);
#58=PLANE('',#1439);
#59=PLANE('',#1440);
#60=PLANE('',#1443);
#61=PLANE('',#1446);
#62=PLANE('',#1449);
#63=PLANE('',#1452);
#64=PLANE('',#1455);
#65=PLANE('',#1456);
#66=B_SPLINE_SURFACE_WITH_KNOTS('',3,3,((#2857,#2858,#2859,#2860,#2861,
#2862,#2863,#2864,#2865,#2866,#2867,#2868,#2869,#2870,#2871,#2872,#2873,
#2874,#2875,#2876,#2877,#2878,#2879,#2880,#2881,#2882,#2883,#2884,#2885,
#2886,#2887,#2888,#2889,#2890,#2891,#2892,#2893,#2894,#2895,#2896,#2897),
(#2898,#2899,#2900,#2901,#2902,#2903,#2904,#2905,#2906,#2907,#2908,#2909,
#2910,#2911,#2912,#2913,#2914,#2915,#2916,#2917,#2918,#2919,#2920,#2921,
#2922,#2923,#2924,#2925,#2926,#2927,#2928,#2929,#2930,#2931,#2932,#2933,
#2934,#2935,#2936,#2937,#2938),(#2939,#2940,#2941,#2942,#2943,#2944,#2945,
#2946,#2947,#2948,#2949,#2950,#2951,#2952,#2953,#2954,#2955,#2956,#2957,
#2958,#2959,#2960,#2961,#2962,#2963,#2964,#2965,#2966,#2967,#2968,#2969,
#2970,#2971,#2972,#2973,#2974,#2975,#2976,#2977,#2978,#2979),(#2980,#2981,
#2982,#2983,#2984,#2985,#2986,#2987,#2988,#2989,#2990,#2991,#2992,#2993,
#2994,#2995,#2996,#2997,#2998,#2999,#3000,#3001,#3002,#3003,#3004,#3005,
#3006,#3007,#3008,#3009,#3010,#3011,#3012,#3013,#3014,#3015,#3016,#3017,
#3018,#3019,#3020)),.UNSPECIFIED.,.F.,.F.,.F.,(4,4),(4,1,1,1,1,1,1,1,1,
1,1,1,1,1,1,1,1,1,1,1,1,1,1,1,1,1,1,1,1,1,1,1,1,1,1,1,1,1,4),(0.,0.0321584099938621),
(11.8553612635794,12.8344773217889,13.8135933799984,14.792709438208,15.7718254964175,
16.7509415546271,17.7300576128366,18.7091736710462,19.6882897292557,20.6674057874652,
21.6465218456748,22.6256379038843,23.6047539620939,24.5838700203034,25.562986078513,
26.5421021367225,27.521218194932,28.5003342531416,29.4794503113511,30.4585663695607,
31.4376824277702,32.4167984859798,33.3959145441893,34.3750306023988,35.3541466606084,
36.3332627188179,37.3123787770275,38.291494835237,39.2706108934466,40.2497269516561,
41.2288430098656,42.2079590680752,43.1870751262847,44.1661911844943,45.1453072427038,
46.1244233009134,47.1035393591229,48.0826554173324,49.061771475542),
 .UNSPECIFIED.);
#67=B_SPLINE_SURFACE_WITH_KNOTS('',3,3,((#3201,#3202,#3203,#3204,#3205,
#3206,#3207,#3208,#3209,#3210,#3211,#3212,#3213,#3214,#3215,#3216,#3217,
#3218,#3219,#3220,#3221,#3222,#3223,#3224,#3225,#3226,#3227,#3228,#3229,
#3230,#3231,#3232,#3233,#3234,#3235,#3236,#3237,#3238,#3239,#3240,#3241),
(#3242,#3243,#3244,#3245,#3246,#3247,#3248,#3249,#3250,#3251,#3252,#3253,
#3254,#3255,#3256,#3257,#3258,#3259,#3260,#3261,#3262,#3263,#3264,#3265,
#3266,#3267,#3268,#3269,#3270,#3271,#3272,#3273,#3274,#3275,#3276,#3277,
#3278,#3279,#3280,#3281,#3282),(#3283,#3284,#3285,#3286,#3287,#3288,#3289,
#3290,#3291,#3292,#3293,#3294,#3295,#3296,#3297,#3298,#3299,#3300,#3301,
#3302,#3303,#3304,#3305,#3306,#3307,#3308,#3309,#3310,#3311,#3312,#3313,
#3314,#3315,#3316,#3317,#3318,#3319,#3320,#3321,#3322,#3323),(#3324,#3325,
#3326,#3327,#3328,#3329,#3330,#3331,#3332,#3333,#3334,#3335,#3336,#3337,
#3338,#3339,#3340,#3341,#3342,#3343,#3344,#3345,#3346,#3347,#3348,#3349,
#3350,#3351,#3352,#3353,#3354,#3355,#3356,#3357,#3358,#3359,#3360,#3361,
#3362,#3363,#3364)),.UNSPECIFIED.,.F.,.F.,.F.,(4,4),(4,1,1,1,1,1,1,1,1,
1,1,1,1,1,1,1,1,1,1,1,1,1,1,1,1,1,1,1,1,1,1,1,1,1,1,1,1,1,4),(0.,0.0321584099938621),
(14.3984001269719,15.3775161851814,16.3566322433909,17.3357483016005,18.31486435981,
19.2939804180196,20.2730964762291,21.2522125344387,22.2313285926482,23.2104446508577,
24.1895607090673,25.1686767672768,26.1477928254864,27.1269088836959,28.1060249419055,
29.085141000115,30.0642570583245,31.0433731165341,32.0224891747436,33.0016052329532,
33.9807212911627,34.9598373493723,35.9389534075818,36.9180694657913,37.8971855240009,
38.8763015822104,39.85541764042,40.8345336986295,41.8136497568391,42.7927658150486,
43.7718818732581,44.7509979314677,45.7301139896772,46.7092300478868,47.6883461060963,
48.6674621643059,49.6465782225154,50.6256942807249,51.6048103389345),
 .UNSPECIFIED.);
#68=B_SPLINE_SURFACE_WITH_KNOTS('',3,3,((#3564,#3565,#3566,#3567,#3568,
#3569,#3570,#3571,#3572,#3573,#3574,#3575,#3576,#3577,#3578,#3579,#3580,
#3581,#3582,#3583,#3584,#3585,#3586,#3587,#3588,#3589,#3590,#3591,#3592,
#3593,#3594,#3595,#3596,#3597,#3598,#3599,#3600,#3601,#3602,#3603,#3604),
(#3605,#3606,#3607,#3608,#3609,#3610,#3611,#3612,#3613,#3614,#3615,#3616,
#3617,#3618,#3619,#3620,#3621,#3622,#3623,#3624,#3625,#3626,#3627,#3628,
#3629,#3630,#3631,#3632,#3633,#3634,#3635,#3636,#3637,#3638,#3639,#3640,
#3641,#3642,#3643,#3644,#3645),(#3646,#3647,#3648,#3649,#3650,#3651,#3652,
#3653,#3654,#3655,#3656,#3657,#3658,#3659,#3660,#3661,#3662,#3663,#3664,
#3665,#3666,#3667,#3668,#3669,#3670,#3671,#3672,#3673,#3674,#3675,#3676,
#3677,#3678,#3679,#3680,#3681,#3682,#3683,#3684,#3685,#3686),(#3687,#3688,
#3689,#3690,#3691,#3692,#3693,#3694,#3695,#3696,#3697,#3698,#3699,#3700,
#3701,#3702,#3703,#3704,#3705,#3706,#3707,#3708,#3709,#3710,#3711,#3712,
#3713,#3714,#3715,#3716,#3717,#3718,#3719,#3720,#3721,#3722,#3723,#3724,
#3725,#3726,#3727)),.UNSPECIFIED.,.F.,.F.,.F.,(4,4),(4,1,1,1,1,1,1,1,1,
1,1,1,1,1,1,1,1,1,1,1,1,1,1,1,1,1,1,1,1,1,1,1,1,1,1,1,1,1,4),(0.,0.0321584099938629),
(11.8553612635793,12.8344773217889,13.8135933799984,14.792709438208,15.7718254964175,
16.7509415546271,17.7300576128366,18.7091736710461,19.6882897292557,20.6674057874652,
21.6465218456748,22.6256379038843,23.6047539620939,24.5838700203034,25.5629860785129,
26.5421021367225,27.521218194932,28.5003342531416,29.4794503113511,30.4585663695606,
31.4376824277702,32.4167984859797,33.3959145441893,34.3750306023988,35.3541466606084,
36.3332627188179,37.3123787770274,38.291494835237,39.2706108934465,40.2497269516561,
41.2288430098656,42.2079590680752,43.1870751262847,44.1661911844942,45.1453072427038,
46.1244233009133,47.1035393591229,48.0826554173324,49.061771475542),
 .UNSPECIFIED.);
#69=B_SPLINE_SURFACE_WITH_KNOTS('',3,3,((#3908,#3909,#3910,#3911,#3912,
#3913,#3914,#3915,#3916,#3917,#3918,#3919,#3920,#3921,#3922,#3923,#3924,
#3925,#3926,#3927,#3928,#3929,#3930,#3931,#3932,#3933,#3934,#3935,#3936,
#3937,#3938,#3939,#3940,#3941,#3942,#3943,#3944,#3945,#3946,#3947,#3948),
(#3949,#3950,#3951,#3952,#3953,#3954,#3955,#3956,#3957,#3958,#3959,#3960,
#3961,#3962,#3963,#3964,#3965,#3966,#3967,#3968,#3969,#3970,#3971,#3972,
#3973,#3974,#3975,#3976,#3977,#3978,#3979,#3980,#3981,#3982,#3983,#3984,
#3985,#3986,#3987,#3988,#3989),(#3990,#3991,#3992,#3993,#3994,#3995,#3996,
#3997,#3998,#3999,#4000,#4001,#4002,#4003,#4004,#4005,#4006,#4007,#4008,
#4009,#4010,#4011,#4012,#4013,#4014,#4015,#4016,#4017,#4018,#4019,#4020,
#4021,#4022,#4023,#4024,#4025,#4026,#4027,#4028,#4029,#4030),(#4031,#4032,
#4033,#4034,#4035,#4036,#4037,#4038,#4039,#4040,#4041,#4042,#4043,#4044,
#4045,#4046,#4047,#4048,#4049,#4050,#4051,#4052,#4053,#4054,#4055,#4056,
#4057,#4058,#4059,#4060,#4061,#4062,#4063,#4064,#4065,#4066,#4067,#4068,
#4069,#4070,#4071)),.UNSPECIFIED.,.F.,.F.,.F.,(4,4),(4,1,1,1,1,1,1,1,1,
1,1,1,1,1,1,1,1,1,1,1,1,1,1,1,1,1,1,1,1,1,1,1,1,1,1,1,1,1,4),(0.,0.0321584099938629),
(14.3984001269719,15.3775161851814,16.3566322433909,17.3357483016005,18.31486435981,
19.2939804180196,20.2730964762291,21.2522125344386,22.2313285926482,23.2104446508577,
24.1895607090673,25.1686767672768,26.1477928254864,27.1269088836959,28.1060249419054,
29.085141000115,30.0642570583245,31.0433731165341,32.0224891747436,33.0016052329532,
33.9807212911627,34.9598373493722,35.9389534075818,36.9180694657913,37.8971855240009,
38.8763015822104,39.85541764042,40.8345336986295,41.813649756839,42.7927658150486,
43.7718818732581,44.7509979314677,45.7301139896772,46.7092300478867,47.6883461060963,
48.6674621643058,49.6465782225154,50.6256942807249,51.6048103389345),
 .UNSPECIFIED.);
#70=B_SPLINE_SURFACE_WITH_KNOTS('',3,3,((#4271,#4272,#4273,#4274,#4275,
#4276,#4277,#4278,#4279,#4280,#4281,#4282,#4283,#4284,#4285,#4286,#4287,
#4288,#4289,#4290,#4291,#4292,#4293,#4294,#4295,#4296,#4297,#4298,#4299,
#4300,#4301,#4302,#4303,#4304,#4305,#4306,#4307,#4308,#4309,#4310,#4311),
(#4312,#4313,#4314,#4315,#4316,#4317,#4318,#4319,#4320,#4321,#4322,#4323,
#4324,#4325,#4326,#4327,#4328,#4329,#4330,#4331,#4332,#4333,#4334,#4335,
#4336,#4337,#4338,#4339,#4340,#4341,#4342,#4343,#4344,#4345,#4346,#4347,
#4348,#4349,#4350,#4351,#4352),(#4353,#4354,#4355,#4356,#4357,#4358,#4359,
#4360,#4361,#4362,#4363,#4364,#4365,#4366,#4367,#4368,#4369,#4370,#4371,
#4372,#4373,#4374,#4375,#4376,#4377,#4378,#4379,#4380,#4381,#4382,#4383,
#4384,#4385,#4386,#4387,#4388,#4389,#4390,#4391,#4392,#4393),(#4394,#4395,
#4396,#4397,#4398,#4399,#4400,#4401,#4402,#4403,#4404,#4405,#4406,#4407,
#4408,#4409,#4410,#4411,#4412,#4413,#4414,#4415,#4416,#4417,#4418,#4419,
#4420,#4421,#4422,#4423,#4424,#4425,#4426,#4427,#4428,#4429,#4430,#4431,
#4432,#4433,#4434)),.UNSPECIFIED.,.F.,.F.,.F.,(4,4),(4,1,1,1,1,1,1,1,1,
1,1,1,1,1,1,1,1,1,1,1,1,1,1,1,1,1,1,1,1,1,1,1,1,1,1,1,1,1,4),(0.,0.0321584099938629),
(11.8553612635794,12.8344773217889,13.8135933799984,14.792709438208,15.7718254964175,
16.7509415546271,17.7300576128366,18.7091736710462,19.6882897292557,20.6674057874652,
21.6465218456748,22.6256379038843,23.6047539620939,24.5838700203034,25.5629860785129,
26.5421021367225,27.521218194932,28.5003342531416,29.4794503113511,30.4585663695607,
31.4376824277702,32.4167984859797,33.3959145441893,34.3750306023988,35.3541466606084,
36.3332627188179,37.3123787770275,38.291494835237,39.2706108934465,40.2497269516561,
41.2288430098656,42.2079590680752,43.1870751262847,44.1661911844943,45.1453072427038,
46.1244233009133,47.1035393591229,48.0826554173324,49.061771475542),
 .UNSPECIFIED.);
#71=B_SPLINE_SURFACE_WITH_KNOTS('',3,3,((#4615,#4616,#4617,#4618,#4619,
#4620,#4621,#4622,#4623,#4624,#4625,#4626,#4627,#4628,#4629,#4630,#4631,
#4632,#4633,#4634,#4635,#4636,#4637,#4638,#4639,#4640,#4641,#4642,#4643,
#4644,#4645,#4646,#4647,#4648,#4649,#4650,#4651,#4652,#4653,#4654,#4655),
(#4656,#4657,#4658,#4659,#4660,#4661,#4662,#4663,#4664,#4665,#4666,#4667,
#4668,#4669,#4670,#4671,#4672,#4673,#4674,#4675,#4676,#4677,#4678,#4679,
#4680,#4681,#4682,#4683,#4684,#4685,#4686,#4687,#4688,#4689,#4690,#4691,
#4692,#4693,#4694,#4695,#4696),(#4697,#4698,#4699,#4700,#4701,#4702,#4703,
#4704,#4705,#4706,#4707,#4708,#4709,#4710,#4711,#4712,#4713,#4714,#4715,
#4716,#4717,#4718,#4719,#4720,#4721,#4722,#4723,#4724,#4725,#4726,#4727,
#4728,#4729,#4730,#4731,#4732,#4733,#4734,#4735,#4736,#4737),(#4738,#4739,
#4740,#4741,#4742,#4743,#4744,#4745,#4746,#4747,#4748,#4749,#4750,#4751,
#4752,#4753,#4754,#4755,#4756,#4757,#4758,#4759,#4760,#4761,#4762,#4763,
#4764,#4765,#4766,#4767,#4768,#4769,#4770,#4771,#4772,#4773,#4774,#4775,
#4776,#4777,#4778)),.UNSPECIFIED.,.F.,.F.,.F.,(4,4),(4,1,1,1,1,1,1,1,1,
1,1,1,1,1,1,1,1,1,1,1,1,1,1,1,1,1,1,1,1,1,1,1,1,1,1,1,1,1,4),(0.,0.0321584099938629),
(14.3984001269719,15.3775161851814,16.3566322433909,17.3357483016005,18.31486435981,
19.2939804180196,20.2730964762291,21.2522125344387,22.2313285926482,23.2104446508577,
24.1895607090673,25.1686767672768,26.1477928254864,27.1269088836959,28.1060249419054,
29.085141000115,30.0642570583245,31.0433731165341,32.0224891747436,33.0016052329532,
33.9807212911627,34.9598373493722,35.9389534075818,36.9180694657913,37.8971855240009,
38.8763015822104,39.85541764042,40.8345336986295,41.813649756839,42.7927658150486,
43.7718818732581,44.7509979314677,45.7301139896772,46.7092300478867,47.6883461060963,
48.6674621643058,49.6465782225154,50.6256942807249,51.6048103389345),
 .UNSPECIFIED.);
#72=FACE_OUTER_BOUND('',#148,.T.);
#73=FACE_OUTER_BOUND('',#149,.T.);
#74=FACE_OUTER_BOUND('',#150,.T.);
#75=FACE_OUTER_BOUND('',#151,.T.);
#76=FACE_OUTER_BOUND('',#152,.T.);
#77=FACE_OUTER_BOUND('',#153,.T.);
#78=FACE_OUTER_BOUND('',#154,.T.);
#79=FACE_OUTER_BOUND('',#155,.T.);
#80=FACE_OUTER_BOUND('',#156,.T.);
#81=FACE_OUTER_BOUND('',#157,.T.);
#82=FACE_OUTER_BOUND('',#158,.T.);
#83=FACE_OUTER_BOUND('',#159,.T.);
#84=FACE_OUTER_BOUND('',#160,.T.);
#85=FACE_OUTER_BOUND('',#161,.T.);
#86=FACE_OUTER_BOUND('',#162,.T.);
#87=FACE_OUTER_BOUND('',#163,.T.);
#88=FACE_OUTER_BOUND('',#164,.T.);
#89=FACE_OUTER_BOUND('',#165,.T.);
#90=FACE_OUTER_BOUND('',#166,.T.);
#91=FACE_OUTER_BOUND('',#167,.T.);
#92=FACE_OUTER_BOUND('',#168,.T.);
#93=FACE_OUTER_BOUND('',#169,.T.);
#94=FACE_OUTER_BOUND('',#170,.T.);
#95=FACE_OUTER_BOUND('',#171,.T.);
#96=FACE_OUTER_BOUND('',#172,.T.);
#97=FACE_OUTER_BOUND('',#173,.T.);
#98=FACE_OUTER_BOUND('',#174,.T.);
#99=FACE_OUTER_BOUND('',#175,.T.);
#100=FACE_OUTER_BOUND('',#176,.T.);
#101=FACE_OUTER_BOUND('',#177,.T.);
#102=FACE_OUTER_BOUND('',#178,.T.);
#103=FACE_OUTER_BOUND('',#179,.T.);
#104=FACE_OUTER_BOUND('',#180,.T.);
#105=FACE_OUTER_BOUND('',#181,.T.);
#106=FACE_OUTER_BOUND('',#182,.T.);
#107=FACE_OUTER_BOUND('',#183,.T.);
#108=FACE_OUTER_BOUND('',#184,.T.);
#109=FACE_OUTER_BOUND('',#185,.T.);
#110=FACE_OUTER_BOUND('',#186,.T.);
#111=FACE_OUTER_BOUND('',#187,.T.);
#112=FACE_OUTER_BOUND('',#188,.T.);
#113=FACE_OUTER_BOUND('',#189,.T.);
#114=FACE_OUTER_BOUND('',#190,.T.);
#115=FACE_OUTER_BOUND('',#191,.T.);
#116=FACE_OUTER_BOUND('',#192,.T.);
#117=FACE_OUTER_BOUND('',#194,.T.);
#118=FACE_OUTER_BOUND('',#195,.T.);
#119=FACE_OUTER_BOUND('',#196,.T.);
#120=FACE_OUTER_BOUND('',#197,.T.);
#121=FACE_OUTER_BOUND('',#199,.T.);
#122=FACE_OUTER_BOUND('',#206,.T.);
#123=FACE_OUTER_BOUND('',#207,.T.);
#124=FACE_OUTER_BOUND('',#208,.T.);
#125=FACE_OUTER_BOUND('',#210,.T.);
#126=FACE_OUTER_BOUND('',#211,.T.);
#127=FACE_OUTER_BOUND('',#212,.T.);
#128=FACE_OUTER_BOUND('',#213,.T.);
#129=FACE_OUTER_BOUND('',#214,.T.);
#130=FACE_OUTER_BOUND('',#215,.T.);
#131=FACE_OUTER_BOUND('',#216,.T.);
#132=FACE_OUTER_BOUND('',#217,.T.);
#133=FACE_OUTER_BOUND('',#218,.T.);
#134=FACE_OUTER_BOUND('',#219,.T.);
#135=FACE_OUTER_BOUND('',#220,.T.);
#136=FACE_OUTER_BOUND('',#221,.T.);
#137=FACE_OUTER_BOUND('',#222,.T.);
#138=FACE_OUTER_BOUND('',#223,.T.);
#139=FACE_OUTER_BOUND('',#224,.T.);
#140=FACE_OUTER_BOUND('',#225,.T.);
#141=FACE_OUTER_BOUND('',#226,.T.);
#142=FACE_OUTER_BOUND('',#227,.T.);
#143=FACE_OUTER_BOUND('',#228,.T.);
#144=FACE_OUTER_BOUND('',#229,.T.);
#145=FACE_OUTER_BOUND('',#230,.T.);
#146=FACE_OUTER_BOUND('',#231,.T.);
#147=FACE_OUTER_BOUND('',#235,.T.);
#148=EDGE_LOOP('',(#834,#835,#836,#837));
#149=EDGE_LOOP('',(#838,#839,#840,#841));
#150=EDGE_LOOP('',(#842,#843,#844,#845));
#151=EDGE_LOOP('',(#846,#847,#848,#849));
#152=EDGE_LOOP('',(#850,#851,#852,#853));
#153=EDGE_LOOP('',(#854,#855,#856,#857));
#154=EDGE_LOOP('',(#858,#859,#860,#861));
#155=EDGE_LOOP('',(#862,#863,#864,#865));
#156=EDGE_LOOP('',(#866,#867,#868,#869));
#157=EDGE_LOOP('',(#870,#871,#872,#873));
#158=EDGE_LOOP('',(#874,#875,#876,#877));
#159=EDGE_LOOP('',(#878,#879,#880,#881));
#160=EDGE_LOOP('',(#882,#883,#884,#885));
#161=EDGE_LOOP('',(#886,#887,#888,#889));
#162=EDGE_LOOP('',(#890,#891,#892,#893));
#163=EDGE_LOOP('',(#894,#895,#896,#897));
#164=EDGE_LOOP('',(#898,#899,#900,#901));
#165=EDGE_LOOP('',(#902,#903,#904,#905));
#166=EDGE_LOOP('',(#906,#907,#908,#909));
#167=EDGE_LOOP('',(#910,#911,#912,#913));
#168=EDGE_LOOP('',(#914,#915,#916,#917));
#169=EDGE_LOOP('',(#918,#919,#920,#921));
#170=EDGE_LOOP('',(#922,#923,#924,#925));
#171=EDGE_LOOP('',(#926,#927,#928,#929));
#172=EDGE_LOOP('',(#930,#931,#932,#933));
#173=EDGE_LOOP('',(#934,#935,#936,#937));
#174=EDGE_LOOP('',(#938,#939,#940,#941));
#175=EDGE_LOOP('',(#942,#943,#944,#945));
#176=EDGE_LOOP('',(#946,#947,#948,#949));
#177=EDGE_LOOP('',(#950,#951,#952,#953));
#178=EDGE_LOOP('',(#954,#955,#956,#957));
#179=EDGE_LOOP('',(#958,#959,#960,#961));
#180=EDGE_LOOP('',(#962,#963,#964,#965));
#181=EDGE_LOOP('',(#966,#967,#968,#969));
#182=EDGE_LOOP('',(#970,#971,#972,#973,#974,#975,#976,#977,#978,#979,#980,
#981,#982,#983,#984));
#183=EDGE_LOOP('',(#985,#986,#987,#988,#989,#990,#991,#992,#993,#994,#995,
#996,#997,#998,#999));
#184=EDGE_LOOP('',(#1000,#1001,#1002,#1003));
#185=EDGE_LOOP('',(#1004,#1005,#1006,#1007,#1008,#1009,#1010,#1011,#1012,
#1013,#1014,#1015,#1016,#1017,#1018));
#186=EDGE_LOOP('',(#1019,#1020,#1021,#1022,#1023,#1024,#1025,#1026,#1027,
#1028,#1029,#1030,#1031,#1032,#1033));
#187=EDGE_LOOP('',(#1034,#1035,#1036,#1037));
#188=EDGE_LOOP('',(#1038,#1039,#1040,#1041,#1042,#1043,#1044,#1045,#1046,
#1047,#1048,#1049,#1050,#1051,#1052));
#189=EDGE_LOOP('',(#1053,#1054,#1055,#1056,#1057,#1058,#1059,#1060,#1061,
#1062,#1063,#1064,#1065,#1066,#1067));
#190=EDGE_LOOP('',(#1068,#1069,#1070,#1071));
#191=EDGE_LOOP('',(#1072,#1073,#1074,#1075));
#192=EDGE_LOOP('',(#1076));
#193=EDGE_LOOP('',(#1077,#1078,#1079,#1080));
#194=EDGE_LOOP('',(#1081,#1082,#1083,#1084));
#195=EDGE_LOOP('',(#1085,#1086,#1087,#1088));
#196=EDGE_LOOP('',(#1089,#1090,#1091,#1092));
#197=EDGE_LOOP('',(#1093));
#198=EDGE_LOOP('',(#1094,#1095,#1096,#1097));
#199=EDGE_LOOP('',(#1098,#1099,#1100,#1101,#1102,#1103,#1104,#1105));
#200=EDGE_LOOP('',(#1106));
#201=EDGE_LOOP('',(#1107,#1108,#1109));
#202=EDGE_LOOP('',(#1110,#1111,#1112,#1113));
#203=EDGE_LOOP('',(#1114,#1115,#1116,#1117,#1118));
#204=EDGE_LOOP('',(#1119));
#205=EDGE_LOOP('',(#1120));
#206=EDGE_LOOP('',(#1121,#1122,#1123,#1124));
#207=EDGE_LOOP('',(#1125,#1126,#1127,#1128));
#208=EDGE_LOOP('',(#1129));
#209=EDGE_LOOP('',(#1130,#1131,#1132,#1133));
#210=EDGE_LOOP('',(#1134,#1135,#1136,#1137));
#211=EDGE_LOOP('',(#1138,#1139,#1140,#1141));
#212=EDGE_LOOP('',(#1142,#1143,#1144,#1145));
#213=EDGE_LOOP('',(#1146,#1147,#1148,#1149));
#214=EDGE_LOOP('',(#1150,#1151,#1152,#1153));
#215=EDGE_LOOP('',(#1154,#1155,#1156,#1157));
#216=EDGE_LOOP('',(#1158,#1159,#1160,#1161));
#217=EDGE_LOOP('',(#1162,#1163,#1164,#1165));
#218=EDGE_LOOP('',(#1166,#1167,#1168,#1169));
#219=EDGE_LOOP('',(#1170,#1171,#1172,#1173));
#220=EDGE_LOOP('',(#1174,#1175,#1176,#1177));
#221=EDGE_LOOP('',(#1178,#1179,#1180,#1181));
#222=EDGE_LOOP('',(#1182,#1183,#1184,#1185));
#223=EDGE_LOOP('',(#1186,#1187,#1188,#1189));
#224=EDGE_LOOP('',(#1190,#1191,#1192,#1193));
#225=EDGE_LOOP('',(#1194,#1195,#1196,#1197));
#226=EDGE_LOOP('',(#1198,#1199,#1200,#1201));
#227=EDGE_LOOP('',(#1202,#1203,#1204,#1205));
#228=EDGE_LOOP('',(#1206,#1207,#1208,#1209));
#229=EDGE_LOOP('',(#1210,#1211,#1212,#1213));
#230=EDGE_LOOP('',(#1214,#1215,#1216,#1217));
#231=EDGE_LOOP('',(#1218,#1219,#1220,#1221,#1222,#1223,#1224,#1225));
#232=EDGE_LOOP('',(#1226,#1227,#1228,#1229,#1230));
#233=EDGE_LOOP('',(#1231,#1232,#1233,#1234));
#234=EDGE_LOOP('',(#1235,#1236,#1237));
#235=EDGE_LOOP('',(#1238,#1239,#1240,#1241));
#236=CIRCLE('',#1368,1.2645);
#237=CIRCLE('',#1373,1.2645);
#238=CIRCLE('',#1375,1.2645);
#239=CIRCLE('',#1380,1.2645);
#240=CIRCLE('',#1382,1.2645);
#241=CIRCLE('',#1387,1.2645);
#242=CIRCLE('',#1389,1.54299999999999);
#243=CIRCLE('',#1395,1.54299999999999);
#244=CIRCLE('',#1397,1.54299999999999);
#245=CIRCLE('',#1403,1.54299999999999);
#246=CIRCLE('',#1405,1.543);
#247=CIRCLE('',#1411,1.543);
#248=CIRCLE('',#1417,1.75000000000001);
#249=CIRCLE('',#1418,1.75000000000001);
#250=CIRCLE('',#1423,1.75);
#251=CIRCLE('',#1424,1.75);
#252=CIRCLE('',#1427,7.27501856297661);
#253=CIRCLE('',#1428,7.27501856297666);
#254=CIRCLE('',#1429,7.27501856297662);
#255=CIRCLE('',#1430,7.27501856297664);
#256=CIRCLE('',#1431,0.158700591152314);
#257=CIRCLE('',#1432,1.74999999999999);
#258=CIRCLE('',#1435,1.74999999999999);
#259=CIRCLE('',#1442,0.158700591152314);
#260=CIRCLE('',#1445,7.27501856297666);
#261=CIRCLE('',#1448,7.27501856297662);
#262=CIRCLE('',#1451,7.27501856297664);
#263=CIRCLE('',#1454,7.27501856297661);
#264=B_SPLINE_CURVE_WITH_KNOTS('',3,(#1715,#1716,#1717,#1718,#1719,#1720,
#1721,#1722,#1723,#1724,#1725,#1726,#1727),.UNSPECIFIED.,.F.,.F.,(4,3,3,
3,4),(-3.85260200436958,-2.93734817462862,-1.95823211641908,-0.979116058209532,
0.),.UNSPECIFIED.);
#265=B_SPLINE_CURVE_WITH_KNOTS('',3,(#1730,#1731,#1732,#1733,#1734,#1735,
#1736,#1737,#1738,#1739,#1740,#1741,#1742,#1743,#1744,#1745,#1746,#1747,
#1748),.UNSPECIFIED.,.F.,.F.,(4,3,3,3,3,3,4),(2.02057249175685,2.93734817462862,
3.91646423283817,4.89558029104771,5.87469634925726,6.8538124074668,7.5927484481567),
 .UNSPECIFIED.);
#266=B_SPLINE_CURVE_WITH_KNOTS('',3,(#1753,#1754,#1755,#1756,#1757,#1758,
#1759,#1760,#1761,#1762,#1763,#1764,#1765,#1766,#1767,#1768,#1769,#1770,
#1771,#1772,#1773,#1774,#1775,#1776,#1777),.UNSPECIFIED.,.F.,.F.,(4,3,3,
3,3,3,3,3,4),(-10.1357873115492,-9.79116058209542,-8.81204452388587,-7.83292846567633,
-6.85381240746679,-5.87469634925725,-4.89558029104771,-3.91646423283816,
-3.85260200436958),.UNSPECIFIED.);
#267=B_SPLINE_CURVE_WITH_KNOTS('',3,(#1778,#1779,#1780,#1781,#1782,#1783,
#1784,#1785,#1786,#1787,#1788,#1789,#1790,#1791,#1792,#1793,#1794,#1795,
#1796,#1797,#1798,#1799,#1800,#1801,#1802),.UNSPECIFIED.,.F.,.F.,(4,3,3,
3,3,3,3,3,4),(7.5927484481567,7.83292846567634,8.81204452388588,9.79116058209543,
10.770276640305,11.7493926985145,12.7285087567241,13.7076248149336,13.8759337553363),
 .UNSPECIFIED.);
#268=B_SPLINE_CURVE_WITH_KNOTS('',3,(#1807,#1808,#1809,#1810,#1811,#1812,
#1813,#1814,#1815,#1816,#1817,#1818,#1819,#1820,#1821,#1822,#1823,#1824,
#1825,#1826,#1827,#1828),.UNSPECIFIED.,.F.,.F.,(4,3,3,3,3,3,3,4),(-16.4189726187288,
-15.6658569313527,-14.6867408731431,-13.7076248149336,-12.728508756724,
-11.7493926985145,-10.770276640305,-10.1357873115492),.UNSPECIFIED.);
#269=B_SPLINE_CURVE_WITH_KNOTS('',3,(#1829,#1830,#1831,#1832,#1833,#1834,
#1835,#1836,#1837,#1838,#1839,#1840,#1841,#1842,#1843,#1844,#1845,#1846,
#1847,#1848,#1849,#1850),.UNSPECIFIED.,.F.,.F.,(4,3,3,3,3,3,3,4),(13.8759337553363,
14.6867408731431,15.6658569313527,16.6449729895622,17.6240890477718,18.6032051059813,
19.5823211641908,20.1591190625159),.UNSPECIFIED.);
#270=B_SPLINE_CURVE_WITH_KNOTS('',3,(#1855,#1856,#1857,#1858,#1859,#1860,
#1861,#1862,#1863,#1864,#1865,#1866,#1867,#1868,#1869,#1870,#1871,#1872,
#1873,#1874,#1875,#1876,#1877,#1878,#1879),.UNSPECIFIED.,.F.,.F.,(4,3,3,
3,3,3,3,3,4),(-22.7021579259083,-22.5196693388195,-21.5405532806099,-20.5614372224004,
-19.5823211641908,-18.6032051059813,-17.6240890477718,-16.6449729895622,
-16.4189726187288),.UNSPECIFIED.);
#271=B_SPLINE_CURVE_WITH_KNOTS('',3,(#1880,#1881,#1882,#1883,#1884,#1885,
#1886,#1887,#1888,#1889,#1890,#1891,#1892,#1893,#1894,#1895,#1896,#1897,
#1898,#1899,#1900,#1901,#1902,#1903,#1904),.UNSPECIFIED.,.F.,.F.,(4,3,3,
3,3,3,3,3,4),(20.1591190625159,20.5614372224004,21.5405532806099,22.5196693388195,
23.498785397029,24.4779014552386,25.4570175134481,26.4361335716576,26.4423043696954),
 .UNSPECIFIED.);
#272=B_SPLINE_CURVE_WITH_KNOTS('',3,(#1910,#1911,#1912,#1913,#1914,#1915,
#1916,#1917,#1918,#1919,#1920,#1921,#1922,#1923,#1924,#1925),
 .UNSPECIFIED.,.F.,.F.,(4,3,3,3,3,4),(32.725489676875,33.2899459791244,
34.269062037334,35.2481780955435,36.2272941537531,37.2064102119626),
 .UNSPECIFIED.);
#273=B_SPLINE_CURVE_WITH_KNOTS('',3,(#1928,#1929,#1930,#1931,#1932,#1933,
#1934,#1935,#1936,#1937,#1938,#1939,#1940,#1941,#1942,#1943,#1944,#1945,
#1946,#1947,#1948,#1949),.UNSPECIFIED.,.F.,.F.,(4,3,3,3,3,3,3,4),(-35.1858377202058,
-34.269062037334,-33.2899459791244,-32.3108299209149,-31.3317138627053,
-30.3525978044958,-29.3734817462863,-28.9853432330879),.UNSPECIFIED.);
#274=B_SPLINE_CURVE_WITH_KNOTS('',3,(#1955,#1956,#1957,#1958,#1959,#1960,
#1961,#1962,#1963,#1964,#1965,#1966,#1967),.UNSPECIFIED.,.F.,.F.,(4,3,3,
3,4),(-3.85260200436963,-2.93734817462863,-1.95823211641909,-0.979116058209542,
0.),.UNSPECIFIED.);
#275=B_SPLINE_CURVE_WITH_KNOTS('',3,(#1970,#1971,#1972,#1973,#1974,#1975,
#1976,#1977,#1978,#1979,#1980,#1981,#1982,#1983,#1984,#1985,#1986,#1987,
#1988),.UNSPECIFIED.,.F.,.F.,(4,3,3,3,3,3,4),(2.02057249175696,2.93734817462862,
3.91646423283817,4.89558029104771,5.87469634925726,6.8538124074668,7.5927484481567),
 .UNSPECIFIED.);
#276=B_SPLINE_CURVE_WITH_KNOTS('',3,(#1993,#1994,#1995,#1996,#1997,#1998,
#1999,#2000,#2001,#2002,#2003,#2004,#2005,#2006,#2007,#2008,#2009,#2010,
#2011,#2012,#2013,#2014,#2015,#2016,#2017),.UNSPECIFIED.,.F.,.F.,(4,3,3,
3,3,3,3,3,4),(-10.1357873115492,-9.79116058209543,-8.8120445238859,-7.83292846567635,
-6.8538124074668,-5.87469634925726,-4.89558029104772,-3.91646423283817,
-3.85260200436963),.UNSPECIFIED.);
#277=B_SPLINE_CURVE_WITH_KNOTS('',3,(#2018,#2019,#2020,#2021,#2022,#2023,
#2024,#2025,#2026,#2027,#2028,#2029,#2030,#2031,#2032,#2033,#2034,#2035,
#2036,#2037,#2038,#2039,#2040,#2041,#2042),.UNSPECIFIED.,.F.,.F.,(4,3,3,
3,3,3,3,3,4),(7.5927484481567,7.83292846567634,8.81204452388588,9.79116058209542,
10.770276640305,11.7493926985145,12.7285087567241,13.7076248149336,13.8759337553363),
 .UNSPECIFIED.);
#278=B_SPLINE_CURVE_WITH_KNOTS('',3,(#2047,#2048,#2049,#2050,#2051,#2052,
#2053,#2054,#2055,#2056,#2057,#2058,#2059,#2060,#2061,#2062,#2063,#2064,
#2065,#2066,#2067,#2068),.UNSPECIFIED.,.F.,.F.,(4,3,3,3,3,3,3,4),(-16.4189726187288,
-15.6658569313527,-14.6867408731432,-13.7076248149336,-12.7285087567241,
-11.7493926985145,-10.770276640305,-10.1357873115492),.UNSPECIFIED.);
#279=B_SPLINE_CURVE_WITH_KNOTS('',3,(#2069,#2070,#2071,#2072,#2073,#2074,
#2075,#2076,#2077,#2078,#2079,#2080,#2081,#2082,#2083,#2084,#2085,#2086,
#2087,#2088,#2089,#2090),.UNSPECIFIED.,.F.,.F.,(4,3,3,3,3,3,3,4),(13.8759337553363,
14.6867408731431,15.6658569313527,16.6449729895622,17.6240890477718,18.6032051059813,
19.5823211641909,20.1591190625159),.UNSPECIFIED.);
#280=B_SPLINE_CURVE_WITH_KNOTS('',3,(#2095,#2096,#2097,#2098,#2099,#2100,
#2101,#2102,#2103,#2104,#2105,#2106,#2107,#2108,#2109,#2110,#2111,#2112,
#2113,#2114,#2115,#2116,#2117,#2118,#2119),.UNSPECIFIED.,.F.,.F.,(4,3,3,
3,3,3,3,3,4),(-22.7021579259084,-22.5196693388195,-21.5405532806099,-20.5614372224004,
-19.5823211641909,-18.6032051059813,-17.6240890477718,-16.6449729895622,
-16.4189726187288),.UNSPECIFIED.);
#281=B_SPLINE_CURVE_WITH_KNOTS('',3,(#2120,#2121,#2122,#2123,#2124,#2125,
#2126,#2127,#2128,#2129,#2130,#2131,#2132,#2133,#2134,#2135,#2136,#2137,
#2138,#2139,#2140,#2141,#2142,#2143,#2144),.UNSPECIFIED.,.F.,.F.,(4,3,3,
3,3,3,3,3,4),(20.1591190625159,20.5614372224004,21.5405532806099,22.5196693388195,
23.498785397029,24.4779014552386,25.4570175134481,26.4361335716576,26.4423043696954),
 .UNSPECIFIED.);
#282=B_SPLINE_CURVE_WITH_KNOTS('',3,(#2150,#2151,#2152,#2153,#2154,#2155,
#2156,#2157,#2158,#2159,#2160,#2161,#2162,#2163,#2164,#2165),
 .UNSPECIFIED.,.F.,.F.,(4,3,3,3,3,4),(32.725489676875,33.2899459791245,
34.269062037334,35.2481780955435,36.2272941537531,37.2064102119626),
 .UNSPECIFIED.);
#283=B_SPLINE_CURVE_WITH_KNOTS('',3,(#2168,#2169,#2170,#2171,#2172,#2173,
#2174,#2175,#2176,#2177,#2178,#2179,#2180,#2181,#2182,#2183,#2184,#2185,
#2186,#2187,#2188,#2189),.UNSPECIFIED.,.F.,.F.,(4,3,3,3,3,3,3,4),(-35.1858377202057,
-34.269062037334,-33.2899459791245,-32.3108299209149,-31.3317138627054,
-30.3525978044958,-29.3734817462863,-28.985343233088),.UNSPECIFIED.);
#284=B_SPLINE_CURVE_WITH_KNOTS('',3,(#2195,#2196,#2197,#2198,#2199,#2200,
#2201,#2202,#2203,#2204,#2205,#2206,#2207),.UNSPECIFIED.,.F.,.F.,(4,3,3,
3,4),(-3.85260200436963,-2.93734817462863,-1.95823211641908,-0.979116058209543,
0.),.UNSPECIFIED.);
#285=B_SPLINE_CURVE_WITH_KNOTS('',3,(#2210,#2211,#2212,#2213,#2214,#2215,
#2216,#2217,#2218,#2219,#2220,#2221,#2222,#2223,#2224,#2225,#2226,#2227,
#2228),.UNSPECIFIED.,.F.,.F.,(4,3,3,3,3,3,4),(2.02057249175679,2.93734817462862,
3.91646423283816,4.89558029104771,5.87469634925725,6.85381240746679,7.5927484481567),
 .UNSPECIFIED.);
#286=B_SPLINE_CURVE_WITH_KNOTS('',3,(#2233,#2234,#2235,#2236,#2237,#2238,
#2239,#2240,#2241,#2242,#2243,#2244,#2245,#2246,#2247,#2248,#2249,#2250,
#2251,#2252,#2253,#2254,#2255,#2256,#2257),.UNSPECIFIED.,.F.,.F.,(4,3,3,
3,3,3,3,3,4),(-10.1357873115492,-9.79116058209543,-8.81204452388588,-7.83292846567634,
-6.8538124074668,-5.87469634925725,-4.89558029104771,-3.91646423283817,
-3.85260200436963),.UNSPECIFIED.);
#287=B_SPLINE_CURVE_WITH_KNOTS('',3,(#2258,#2259,#2260,#2261,#2262,#2263,
#2264,#2265,#2266,#2267,#2268,#2269,#2270,#2271,#2272,#2273,#2274,#2275,
#2276,#2277,#2278,#2279,#2280,#2281,#2282),.UNSPECIFIED.,.F.,.F.,(4,3,3,
3,3,3,3,3,4),(7.5927484481567,7.83292846567633,8.81204452388588,9.79116058209542,
10.770276640305,11.7493926985145,12.728508756724,13.7076248149336,13.8759337553363),
 .UNSPECIFIED.);
#288=B_SPLINE_CURVE_WITH_KNOTS('',3,(#2287,#2288,#2289,#2290,#2291,#2292,
#2293,#2294,#2295,#2296,#2297,#2298,#2299,#2300,#2301,#2302,#2303,#2304,
#2305,#2306,#2307,#2308),.UNSPECIFIED.,.F.,.F.,(4,3,3,3,3,3,3,4),(-16.4189726187288,
-15.6658569313527,-14.6867408731431,-13.7076248149336,-12.7285087567241,
-11.7493926985145,-10.770276640305,-10.1357873115492),.UNSPECIFIED.);
#289=B_SPLINE_CURVE_WITH_KNOTS('',3,(#2309,#2310,#2311,#2312,#2313,#2314,
#2315,#2316,#2317,#2318,#2319,#2320,#2321,#2322,#2323,#2324,#2325,#2326,
#2327,#2328,#2329,#2330),.UNSPECIFIED.,.F.,.F.,(4,3,3,3,3,3,3,4),(13.8759337553363,
14.6867408731431,15.6658569313527,16.6449729895622,17.6240890477718,18.6032051059813,
19.5823211641908,20.1591190625159),.UNSPECIFIED.);
#290=B_SPLINE_CURVE_WITH_KNOTS('',3,(#2335,#2336,#2337,#2338,#2339,#2340,
#2341,#2342,#2343,#2344,#2345,#2346,#2347,#2348,#2349,#2350,#2351,#2352,
#2353,#2354,#2355,#2356,#2357,#2358,#2359),.UNSPECIFIED.,.F.,.F.,(4,3,3,
3,3,3,3,3,4),(-22.7021579259084,-22.5196693388195,-21.5405532806099,-20.5614372224004,
-19.5823211641909,-18.6032051059813,-17.6240890477718,-16.6449729895622,
-16.4189726187288),.UNSPECIFIED.);
#291=B_SPLINE_CURVE_WITH_KNOTS('',3,(#2360,#2361,#2362,#2363,#2364,#2365,
#2366,#2367,#2368,#2369,#2370,#2371,#2372,#2373,#2374,#2375,#2376,#2377,
#2378,#2379,#2380,#2381,#2382,#2383,#2384),.UNSPECIFIED.,.F.,.F.,(4,3,3,
3,3,3,3,3,4),(20.1591190625159,20.5614372224004,21.5405532806099,22.5196693388195,
23.498785397029,24.4779014552386,25.4570175134481,26.4361335716576,26.4423043696954),
 .UNSPECIFIED.);
#292=B_SPLINE_CURVE_WITH_KNOTS('',3,(#2390,#2391,#2392,#2393,#2394,#2395,
#2396,#2397,#2398,#2399,#2400,#2401,#2402,#2403,#2404,#2405),
 .UNSPECIFIED.,.F.,.F.,(4,3,3,3,3,4),(32.725489676875,33.2899459791244,
34.269062037334,35.2481780955435,36.2272941537531,37.2064102119626),
 .UNSPECIFIED.);
#293=B_SPLINE_CURVE_WITH_KNOTS('',3,(#2408,#2409,#2410,#2411,#2412,#2413,
#2414,#2415,#2416,#2417,#2418,#2419,#2420,#2421,#2422,#2423,#2424,#2425,
#2426,#2427,#2428,#2429),.UNSPECIFIED.,.F.,.F.,(4,3,3,3,3,3,3,4),(-35.1858377202059,
-34.269062037334,-33.2899459791244,-32.3108299209149,-31.3317138627054,
-30.3525978044958,-29.3734817462863,-28.985343233088),.UNSPECIFIED.);
#294=B_SPLINE_CURVE_WITH_KNOTS('',3,(#2435,#2436,#2437,#2438,#2439),
 .UNSPECIFIED.,.F.,.F.,(4,1,4),(47.1238898038469,48.0826554173324,49.061771475542),
 .UNSPECIFIED.);
#295=B_SPLINE_CURVE_WITH_KNOTS('',3,(#2442,#2443,#2444,#2445,#2446,#2447),
 .UNSPECIFIED.,.F.,.F.,(4,1,1,4),(47.1238898038469,47.6883461060963,48.6674621643058,
49.5842378471775),.UNSPECIFIED.);
#296=B_SPLINE_CURVE_WITH_KNOTS('',3,(#2452,#2453,#2454,#2455,#2456,#2457,
#2458,#2459,#2460,#2461,#2462),.UNSPECIFIED.,.F.,.F.,(4,1,1,1,1,1,1,1,4),
(40.8407044966673,41.2288430098656,42.2079590680752,43.1870751262847,44.1661911844943,
45.1453072427038,46.1244233009133,47.1035393591229,47.1238898038469),
 .UNSPECIFIED.);
#297=B_SPLINE_CURVE_WITH_KNOTS('',3,(#2463,#2464,#2465,#2466,#2467,#2468,
#2469,#2470,#2471,#2472),.UNSPECIFIED.,.F.,.F.,(4,1,1,1,1,1,1,4),(40.8407044966673,
41.813649756839,42.7927658150486,43.7718818732581,44.7509979314677,45.7301139896772,
46.7092300478867,47.1238898038469),.UNSPECIFIED.);
#298=B_SPLINE_CURVE_WITH_KNOTS('',3,(#2477,#2478,#2479,#2480,#2481,#2482,
#2483,#2484,#2485,#2486),.UNSPECIFIED.,.F.,.F.,(4,1,1,1,1,1,1,4),(34.5575191894877,
35.3541466606084,36.3332627188179,37.3123787770275,38.291494835237,39.2706108934465,
40.2497269516561,40.8407044966673),.UNSPECIFIED.);
#299=B_SPLINE_CURVE_WITH_KNOTS('',3,(#2487,#2488,#2489,#2490,#2491,#2492,
#2493,#2494,#2495,#2496,#2497),.UNSPECIFIED.,.F.,.F.,(4,1,1,1,1,1,1,1,4),
(34.5575191894877,34.9598373493722,35.9389534075818,36.9180694657913,37.8971855240009,
38.8763015822104,39.85541764042,40.8345336986295,40.8407044966673),
 .UNSPECIFIED.);
#300=B_SPLINE_CURVE_WITH_KNOTS('',3,(#2502,#2503,#2504,#2505,#2506,#2507,
#2508,#2509,#2510,#2511,#2512),.UNSPECIFIED.,.F.,.F.,(4,1,1,1,1,1,1,1,4),
(28.2743338823081,28.5003342531416,29.4794503113511,30.4585663695607,31.4376824277702,
32.4167984859797,33.3959145441893,34.3750306023988,34.5575191894877),
 .UNSPECIFIED.);
#301=B_SPLINE_CURVE_WITH_KNOTS('',3,(#2513,#2514,#2515,#2516,#2517,#2518,
#2519,#2520,#2521,#2522),.UNSPECIFIED.,.F.,.F.,(4,1,1,1,1,1,1,4),(28.2743338823081,
29.085141000115,30.0642570583245,31.0433731165341,32.0224891747436,33.0016052329532,
33.9807212911627,34.5575191894877),.UNSPECIFIED.);
#302=B_SPLINE_CURVE_WITH_KNOTS('',3,(#2527,#2528,#2529,#2530,#2531,#2532,
#2533,#2534,#2535,#2536),.UNSPECIFIED.,.F.,.F.,(4,1,1,1,1,1,1,4),(21.9911485751285,
22.6256379038843,23.6047539620939,24.5838700203034,25.5629860785129,26.5421021367225,
27.521218194932,28.2743338823081),.UNSPECIFIED.);
#303=B_SPLINE_CURVE_WITH_KNOTS('',3,(#2537,#2538,#2539,#2540,#2541,#2542,
#2543,#2544,#2545,#2546,#2547),.UNSPECIFIED.,.F.,.F.,(4,1,1,1,1,1,1,1,4),
(21.9911485751285,22.2313285926482,23.2104446508577,24.1895607090673,25.1686767672768,
26.1477928254864,27.1269088836959,28.1060249419054,28.2743338823081),
 .UNSPECIFIED.);
#304=B_SPLINE_CURVE_WITH_KNOTS('',3,(#2553,#2554,#2555,#2556,#2557),
 .UNSPECIFIED.,.F.,.F.,(4,1,4),(14.3984001269719,15.3775161851814,15.7079632679489),
 .UNSPECIFIED.);
#305=B_SPLINE_CURVE_WITH_KNOTS('',3,(#2560,#2561,#2562,#2563,#2564),
 .UNSPECIFIED.,.F.,.F.,(4,1,4),(13.8759337553363,14.792709438208,15.7079632679489),
 .UNSPECIFIED.);
#306=B_SPLINE_CURVE_WITH_KNOTS('',3,(#2570,#2571,#2572,#2573,#2574),
 .UNSPECIFIED.,.F.,.F.,(4,1,4),(47.1238898038469,48.0826554173324,49.061771475542),
 .UNSPECIFIED.);
#307=B_SPLINE_CURVE_WITH_KNOTS('',3,(#2577,#2578,#2579,#2580,#2581,#2582),
 .UNSPECIFIED.,.F.,.F.,(4,1,1,4),(47.1238898038469,47.6883461060963,48.6674621643058,
49.5842378471775),.UNSPECIFIED.);
#308=B_SPLINE_CURVE_WITH_KNOTS('',3,(#2587,#2588,#2589,#2590,#2591,#2592,
#2593,#2594,#2595,#2596,#2597),.UNSPECIFIED.,.F.,.F.,(4,1,1,1,1,1,1,1,4),
(40.8407044966673,41.2288430098656,42.2079590680752,43.1870751262847,44.1661911844942,
45.1453072427038,46.1244233009133,47.1035393591229,47.1238898038469),
 .UNSPECIFIED.);
#309=B_SPLINE_CURVE_WITH_KNOTS('',3,(#2598,#2599,#2600,#2601,#2602,#2603,
#2604,#2605,#2606,#2607),.UNSPECIFIED.,.F.,.F.,(4,1,1,1,1,1,1,4),(40.8407044966673,
41.813649756839,42.7927658150486,43.7718818732581,44.7509979314677,45.7301139896772,
46.7092300478867,47.1238898038469),.UNSPECIFIED.);
#310=B_SPLINE_CURVE_WITH_KNOTS('',3,(#2612,#2613,#2614,#2615,#2616,#2617,
#2618,#2619,#2620,#2621),.UNSPECIFIED.,.F.,.F.,(4,1,1,1,1,1,1,4),(34.5575191894877,
35.3541466606084,36.3332627188179,37.3123787770274,38.291494835237,39.2706108934465,
40.2497269516561,40.8407044966673),.UNSPECIFIED.);
#311=B_SPLINE_CURVE_WITH_KNOTS('',3,(#2622,#2623,#2624,#2625,#2626,#2627,
#2628,#2629,#2630,#2631,#2632),.UNSPECIFIED.,.F.,.F.,(4,1,1,1,1,1,1,1,4),
(34.5575191894877,34.9598373493722,35.9389534075818,36.9180694657913,37.8971855240009,
38.8763015822104,39.85541764042,40.8345336986295,40.8407044966673),
 .UNSPECIFIED.);
#312=B_SPLINE_CURVE_WITH_KNOTS('',3,(#2637,#2638,#2639,#2640,#2641,#2642,
#2643,#2644,#2645,#2646,#2647),.UNSPECIFIED.,.F.,.F.,(4,1,1,1,1,1,1,1,4),
(28.2743338823081,28.5003342531416,29.4794503113511,30.4585663695606,31.4376824277702,
32.4167984859797,33.3959145441893,34.3750306023988,34.5575191894877),
 .UNSPECIFIED.);
#313=B_SPLINE_CURVE_WITH_KNOTS('',3,(#2648,#2649,#2650,#2651,#2652,#2653,
#2654,#2655,#2656,#2657),.UNSPECIFIED.,.F.,.F.,(4,1,1,1,1,1,1,4),(28.2743338823081,
29.085141000115,30.0642570583245,31.0433731165341,32.0224891747436,33.0016052329532,
33.9807212911627,34.5575191894877),.UNSPECIFIED.);
#314=B_SPLINE_CURVE_WITH_KNOTS('',3,(#2662,#2663,#2664,#2665,#2666,#2667,
#2668,#2669,#2670,#2671),.UNSPECIFIED.,.F.,.F.,(4,1,1,1,1,1,1,4),(21.9911485751285,
22.6256379038843,23.6047539620939,24.5838700203034,25.5629860785129,26.5421021367225,
27.521218194932,28.2743338823081),.UNSPECIFIED.);
#315=B_SPLINE_CURVE_WITH_KNOTS('',3,(#2672,#2673,#2674,#2675,#2676,#2677,
#2678,#2679,#2680,#2681,#2682),.UNSPECIFIED.,.F.,.F.,(4,1,1,1,1,1,1,1,4),
(21.9911485751286,22.2313285926482,23.2104446508577,24.1895607090673,25.1686767672768,
26.1477928254864,27.1269088836959,28.1060249419054,28.2743338823081),
 .UNSPECIFIED.);
#316=B_SPLINE_CURVE_WITH_KNOTS('',3,(#2688,#2689,#2690,#2691,#2692),
 .UNSPECIFIED.,.F.,.F.,(4,1,4),(14.3984001269719,15.3775161851814,15.707963267949),
 .UNSPECIFIED.);
#317=B_SPLINE_CURVE_WITH_KNOTS('',3,(#2695,#2696,#2697,#2698,#2699),
 .UNSPECIFIED.,.F.,.F.,(4,1,4),(13.8759337553363,14.792709438208,15.7079632679489),
 .UNSPECIFIED.);
#318=B_SPLINE_CURVE_WITH_KNOTS('',3,(#2705,#2706,#2707,#2708,#2709),
 .UNSPECIFIED.,.F.,.F.,(4,1,4),(47.1238898038469,48.0826554173324,49.061771475542),
 .UNSPECIFIED.);
#319=B_SPLINE_CURVE_WITH_KNOTS('',3,(#2712,#2713,#2714,#2715,#2716,#2717),
 .UNSPECIFIED.,.F.,.F.,(4,1,1,4),(47.1238898038469,47.6883461060963,48.6674621643059,
49.5842378471775),.UNSPECIFIED.);
#320=B_SPLINE_CURVE_WITH_KNOTS('',3,(#2722,#2723,#2724,#2725,#2726,#2727,
#2728,#2729,#2730,#2731,#2732),.UNSPECIFIED.,.F.,.F.,(4,1,1,1,1,1,1,1,4),
(40.8407044966673,41.2288430098656,42.2079590680752,43.1870751262847,44.1661911844943,
45.1453072427038,46.1244233009134,47.1035393591229,47.1238898038469),
 .UNSPECIFIED.);
#321=B_SPLINE_CURVE_WITH_KNOTS('',3,(#2733,#2734,#2735,#2736,#2737,#2738,
#2739,#2740,#2741,#2742),.UNSPECIFIED.,.F.,.F.,(4,1,1,1,1,1,1,4),(40.8407044966673,
41.8136497568391,42.7927658150486,43.7718818732581,44.7509979314677,45.7301139896772,
46.7092300478868,47.1238898038469),.UNSPECIFIED.);
#322=B_SPLINE_CURVE_WITH_KNOTS('',3,(#2747,#2748,#2749,#2750,#2751,#2752,
#2753,#2754,#2755,#2756),.UNSPECIFIED.,.F.,.F.,(4,1,1,1,1,1,1,4),(34.5575191894877,
35.3541466606084,36.3332627188179,37.3123787770275,38.291494835237,39.2706108934466,
40.2497269516561,40.8407044966673),.UNSPECIFIED.);
#323=B_SPLINE_CURVE_WITH_KNOTS('',3,(#2757,#2758,#2759,#2760,#2761,#2762,
#2763,#2764,#2765,#2766,#2767),.UNSPECIFIED.,.F.,.F.,(4,1,1,1,1,1,1,1,4),
(34.5575191894877,34.9598373493723,35.9389534075818,36.9180694657913,37.8971855240009,
38.8763015822104,39.85541764042,40.8345336986295,40.8407044966673),
 .UNSPECIFIED.);
#324=B_SPLINE_CURVE_WITH_KNOTS('',3,(#2772,#2773,#2774,#2775,#2776,#2777,
#2778,#2779,#2780,#2781,#2782),.UNSPECIFIED.,.F.,.F.,(4,1,1,1,1,1,1,1,4),
(28.2743338823081,28.5003342531416,29.4794503113511,30.4585663695607,31.4376824277702,
32.4167984859798,33.3959145441893,34.3750306023988,34.5575191894877),
 .UNSPECIFIED.);
#325=B_SPLINE_CURVE_WITH_KNOTS('',3,(#2783,#2784,#2785,#2786,#2787,#2788,
#2789,#2790,#2791,#2792),.UNSPECIFIED.,.F.,.F.,(4,1,1,1,1,1,1,4),(28.2743338823081,
29.085141000115,30.0642570583245,31.0433731165341,32.0224891747436,33.0016052329532,
33.9807212911627,34.5575191894877),.UNSPECIFIED.);
#326=B_SPLINE_CURVE_WITH_KNOTS('',3,(#2797,#2798,#2799,#2800,#2801,#2802,
#2803,#2804,#2805,#2806),.UNSPECIFIED.,.F.,.F.,(4,1,1,1,1,1,1,4),(21.9911485751286,
22.6256379038843,23.6047539620939,24.5838700203034,25.562986078513,26.5421021367225,
27.521218194932,28.2743338823081),.UNSPECIFIED.);
#327=B_SPLINE_CURVE_WITH_KNOTS('',3,(#2807,#2808,#2809,#2810,#2811,#2812,
#2813,#2814,#2815,#2816,#2817),.UNSPECIFIED.,.F.,.F.,(4,1,1,1,1,1,1,1,4),
(21.9911485751285,22.2313285926482,23.2104446508577,24.1895607090673,25.1686767672768,
26.1477928254864,27.1269088836959,28.1060249419055,28.2743338823081),
 .UNSPECIFIED.);
#328=B_SPLINE_CURVE_WITH_KNOTS('',3,(#2823,#2824,#2825,#2826,#2827),
 .UNSPECIFIED.,.F.,.F.,(4,1,4),(14.3984001269719,15.3775161851814,15.7079632679489),
 .UNSPECIFIED.);
#329=B_SPLINE_CURVE_WITH_KNOTS('',3,(#2830,#2831,#2832,#2833,#2834),
 .UNSPECIFIED.,.F.,.F.,(4,1,4),(13.8759337553363,14.792709438208,15.707963267949),
 .UNSPECIFIED.);
#330=B_SPLINE_CURVE_WITH_KNOTS('',3,(#2836,#2837,#2838,#2839,#2840,#2841,
#2842,#2843,#2844,#2845,#2846),.UNSPECIFIED.,.F.,.F.,(4,1,1,1,1,1,1,1,4),
(15.707963267949,15.7718254964175,16.7509415546271,17.7300576128366,18.7091736710462,
19.6882897292557,20.6674057874652,21.6465218456748,21.9911485751286),
 .UNSPECIFIED.);
#331=B_SPLINE_CURVE_WITH_KNOTS('',3,(#2847,#2848,#2849,#2850,#2851,#2852,
#2853,#2854,#2855,#2856),.UNSPECIFIED.,.F.,.F.,(4,1,1,1,1,1,1,4),(15.7079632679489,
16.3566322433909,17.3357483016005,18.31486435981,19.2939804180196,20.2730964762291,
21.2522125344387,21.9911485751285),.UNSPECIFIED.);
#332=B_SPLINE_CURVE_WITH_KNOTS('',3,(#3021,#3022,#3023,#3024,#3025,#3026,
#3027,#3028,#3029,#3030,#3031,#3032,#3033,#3034,#3035,#3036,#3037,#3038,
#3039,#3040,#3041,#3042,#3043,#3044,#3045,#3046,#3047,#3048,#3049,#3050,
#3051,#3052,#3053,#3054,#3055,#3056,#3057,#3058,#3059,#3060,#3061,#3062,
#3063,#3064,#3065,#3066,#3067,#3068,#3069,#3070,#3071,#3072,#3073,#3074,
#3075,#3076,#3077,#3078,#3079,#3080,#3081,#3082,#3083,#3084,#3085,#3086,
#3087,#3088,#3089,#3090,#3091,#3092,#3093,#3094,#3095,#3096,#3097,#3098,
#3099,#3100,#3101,#3102),.UNSPECIFIED.,.F.,.F.,(4,3,3,3,3,3,3,3,3,3,3,3,
3,3,3,3,3,3,3,3,3,3,3,3,3,3,3,4),(0.,0.0182135796766554,0.0364492698854002,
0.0501066908263805,0.0570209667643893,0.061187709029622,0.0789360885977501,
0.0963284183042134,0.108673473081471,0.115334707242981,0.11834174014722,
0.135203446915399,0.145708637413243,0.162289604963206,0.167535538922541,
0.170980263616214,0.173852398363125,0.19063024980796,0.207363662954792,
0.21750154823703,0.223246070688389,0.226561007222131,0.242641833565086,
0.252160532540759,0.255981005940602,0.271505230907638,0.27835637781295,
0.286347380332265),.UNSPECIFIED.);
#333=B_SPLINE_CURVE_WITH_KNOTS('',3,(#3103,#3104,#3105,#3106,#3107,#3108,
#3109,#3110,#3111,#3112,#3113,#3114,#3115,#3116,#3117,#3118,#3119,#3120,
#3121,#3122,#3123,#3124,#3125,#3126,#3127,#3128,#3129,#3130,#3131,#3132,
#3133,#3134,#3135,#3136,#3137,#3138,#3139,#3140,#3141,#3142,#3143,#3144,
#3145,#3146,#3147,#3148,#3149,#3150,#3151,#3152,#3153,#3154,#3155,#3156,
#3157,#3158,#3159,#3160,#3161,#3162,#3163,#3164,#3165,#3166,#3167,#3168,
#3169,#3170,#3171,#3172,#3173,#3174,#3175,#3176,#3177,#3178),
 .UNSPECIFIED.,.F.,.F.,(4,3,3,3,3,3,3,3,3,3,3,3,3,3,3,3,3,3,3,3,3,3,3,3,
3,4),(-0.286347380332284,-0.271027209987946,-0.261162853735846,-0.256678285133307,
-0.252954476498817,-0.236791172097548,-0.22583169991663,-0.221552641263512,
-0.204804225323182,-0.188018149335783,-0.179421523705086,-0.171968800705017,
-0.168949422146113,-0.154558977502191,-0.138003208891491,-0.121958438140058,
-0.116552151552604,-0.113672412435732,-0.0963365143823838,-0.0786365024173376,
-0.0613886375330094,-0.0568425071325575,-0.0386271339497568,-0.020559088760402,
-0.00964504288002502,0.),.UNSPECIFIED.);
#334=B_SPLINE_CURVE_WITH_KNOTS('',3,(#3179,#3180,#3181,#3182,#3183,#3184,
#3185,#3186,#3187,#3188,#3189,#3190,#3191,#3192,#3193,#3194,#3195,#3196,
#3197,#3198,#3199,#3200),.UNSPECIFIED.,.F.,.F.,(4,3,3,3,3,3,3,4),(-28.985343233088,
-28.3943656880768,-27.4152496298672,-26.4361335716577,-25.4570175134481,
-24.4779014552386,-23.498785397029,-22.7021579259084),.UNSPECIFIED.);
#335=B_SPLINE_CURVE_WITH_KNOTS('',3,(#3365,#3366,#3367,#3368,#3369,#3370,
#3371,#3372,#3373,#3374,#3375,#3376,#3377,#3378,#3379,#3380,#3381,#3382,
#3383,#3384,#3385,#3386,#3387,#3388,#3389,#3390,#3391,#3392,#3393,#3394,
#3395,#3396,#3397,#3398,#3399,#3400,#3401,#3402,#3403,#3404,#3405,#3406,
#3407,#3408,#3409,#3410,#3411,#3412,#3413,#3414,#3415,#3416,#3417,#3418,
#3419,#3420,#3421,#3422,#3423,#3424,#3425,#3426,#3427,#3428,#3429,#3430,
#3431,#3432,#3433,#3434,#3435,#3436,#3437,#3438,#3439,#3440,#3441,#3442,
#3443,#3444,#3445,#3446),.UNSPECIFIED.,.F.,.F.,(4,3,3,3,3,3,3,3,3,3,3,3,
3,3,3,3,3,3,3,3,3,3,3,3,3,3,3,4),(0.,0.0151361035714396,0.0309490628594456,
0.0435036695776134,0.0485088877036575,0.0521744909604072,0.0684747572925306,
0.0850803485537938,0.0966567405665425,0.101373272863467,0.104321474397376,
0.121396486644807,0.131385916604788,0.147999443119466,0.155018177447158,
0.158631157254544,0.175679603431326,0.193125825012397,0.204168946107771,
0.210171198161394,0.215052775236941,0.233044245549754,0.24366815434315,
0.248248095962528,0.252367597709484,0.270557617643126,0.275539880723338,
0.285142803995112),.UNSPECIFIED.);
#336=B_SPLINE_CURVE_WITH_KNOTS('',3,(#3447,#3448,#3449,#3450,#3451,#3452,
#3453,#3454,#3455,#3456,#3457,#3458,#3459,#3460,#3461,#3462,#3463,#3464,
#3465,#3466,#3467,#3468),.UNSPECIFIED.,.F.,.F.,(4,3,3,3,3,3,3,4),(26.4423043696954,
27.4152496298672,28.3943656880767,29.3734817462863,30.3525978044958,31.3317138627054,
32.3108299209149,32.725489676875),.UNSPECIFIED.);
#337=B_SPLINE_CURVE_WITH_KNOTS('',3,(#3469,#3470,#3471,#3472,#3473,#3474,
#3475,#3476,#3477,#3478,#3479,#3480,#3481,#3482,#3483,#3484,#3485,#3486,
#3487,#3488,#3489,#3490,#3491,#3492,#3493,#3494,#3495,#3496,#3497,#3498,
#3499,#3500,#3501,#3502,#3503,#3504,#3505,#3506,#3507,#3508,#3509,#3510,
#3511,#3512,#3513,#3514,#3515,#3516,#3517,#3518,#3519,#3520,#3521,#3522,
#3523,#3524,#3525,#3526,#3527,#3528,#3529,#3530,#3531,#3532,#3533,#3534,
#3535,#3536,#3537,#3538,#3539,#3540,#3541),.UNSPECIFIED.,.F.,.F.,(4,3,3,
3,3,3,3,3,3,3,3,3,3,3,3,3,3,3,3,3,3,3,3,3,4),(-0.285142803995095,-0.26695139908107,
-0.250401733700463,-0.246113266310145,-0.228139765757702,-0.217147158914767,
-0.212684518326815,-0.209413620227449,-0.191972557628887,-0.17483822009095,
-0.157243505350344,-0.154260954607197,-0.140198911014223,-0.123119309405013,
-0.108725174337242,-0.10395120488108,-0.100178224505898,-0.0835719746572956,
-0.0670710814451062,-0.0522948682995423,-0.0480676908239595,-0.0321636673961552,
-0.0167786113798757,-0.00796622886285072,0.),.UNSPECIFIED.);
#338=B_SPLINE_CURVE_WITH_KNOTS('',3,(#3543,#3544,#3545,#3546,#3547,#3548,
#3549,#3550,#3551,#3552,#3553),.UNSPECIFIED.,.F.,.F.,(4,1,1,1,1,1,1,1,4),
(15.7079632679489,15.7718254964175,16.7509415546271,17.7300576128366,18.7091736710461,
19.6882897292557,20.6674057874652,21.6465218456748,21.9911485751285),
 .UNSPECIFIED.);
#339=B_SPLINE_CURVE_WITH_KNOTS('',3,(#3554,#3555,#3556,#3557,#3558,#3559,
#3560,#3561,#3562,#3563),.UNSPECIFIED.,.F.,.F.,(4,1,1,1,1,1,1,4),(15.707963267949,
16.3566322433909,17.3357483016005,18.31486435981,19.2939804180196,20.2730964762291,
21.2522125344386,21.9911485751286),.UNSPECIFIED.);
#340=B_SPLINE_CURVE_WITH_KNOTS('',3,(#3728,#3729,#3730,#3731,#3732,#3733,
#3734,#3735,#3736,#3737,#3738,#3739,#3740,#3741,#3742,#3743,#3744,#3745,
#3746,#3747,#3748,#3749,#3750,#3751,#3752,#3753,#3754,#3755,#3756,#3757,
#3758,#3759,#3760,#3761,#3762,#3763,#3764,#3765,#3766,#3767,#3768,#3769,
#3770,#3771,#3772,#3773,#3774,#3775,#3776,#3777,#3778,#3779,#3780,#3781,
#3782,#3783,#3784,#3785,#3786,#3787,#3788,#3789,#3790,#3791,#3792,#3793,
#3794,#3795,#3796,#3797,#3798,#3799,#3800,#3801,#3802,#3803,#3804,#3805,
#3806,#3807,#3808,#3809),.UNSPECIFIED.,.F.,.F.,(4,3,3,3,3,3,3,3,3,3,3,3,
3,3,3,3,3,3,3,3,3,3,3,3,3,3,3,4),(0.,0.0182135796766573,0.0364492897298892,
0.0501067081903104,0.0570210102074146,0.0611877165950625,0.0789361001477836,
0.0963283624590051,0.108673431197569,0.115334711682981,0.118341760757432,
0.135203403462303,0.145708637413259,0.162289604963228,0.167535506834758,
0.170980361527388,0.17385241145278,0.19063027314078,0.207363684415108,0.21750161073808,
0.223246059229118,0.22656096452077,0.242641743387863,0.252160392493936,
0.255980862888983,0.271505006224995,0.278356377813016,0.28634738033234),
 .UNSPECIFIED.);
#341=B_SPLINE_CURVE_WITH_KNOTS('',3,(#3810,#3811,#3812,#3813,#3814,#3815,
#3816,#3817,#3818,#3819,#3820,#3821,#3822,#3823,#3824,#3825,#3826,#3827,
#3828,#3829,#3830,#3831,#3832,#3833,#3834,#3835,#3836,#3837,#3838,#3839,
#3840,#3841,#3842,#3843,#3844,#3845,#3846,#3847,#3848,#3849,#3850,#3851,
#3852,#3853,#3854,#3855,#3856,#3857,#3858,#3859,#3860,#3861,#3862,#3863,
#3864,#3865,#3866,#3867,#3868,#3869,#3870,#3871,#3872,#3873,#3874,#3875,
#3876,#3877,#3878,#3879,#3880,#3881,#3882,#3883,#3884,#3885),
 .UNSPECIFIED.,.F.,.F.,(4,3,3,3,3,3,3,3,3,3,3,3,3,3,3,3,3,3,3,3,3,3,3,3,
3,4),(-0.28634738033226,-0.271026956810378,-0.261162103666022,-0.256678147316618,
-0.252954394286412,-0.236790913976554,-0.225831226171241,-0.221552594774416,
-0.204804190456356,-0.188018133004025,-0.17942159720497,-0.171968893211064,
-0.168949454144336,-0.154558977502176,-0.13800336807714,-0.121958577427501,
-0.116552259037295,-0.113672614492074,-0.0963368382869234,-0.0786368739731685,
-0.0613889161998832,-0.0568424668907237,-0.0386271166016847,-0.0205590699611407,
-0.00964504288002713,0.),.UNSPECIFIED.);
#342=B_SPLINE_CURVE_WITH_KNOTS('',3,(#3886,#3887,#3888,#3889,#3890,#3891,
#3892,#3893,#3894,#3895,#3896,#3897,#3898,#3899,#3900,#3901,#3902,#3903,
#3904,#3905,#3906,#3907),.UNSPECIFIED.,.F.,.F.,(4,3,3,3,3,3,3,4),(-28.985343233088,
-28.3943656880767,-27.4152496298672,-26.4361335716576,-25.4570175134481,
-24.4779014552386,-23.498785397029,-22.7021579259084),.UNSPECIFIED.);
#343=B_SPLINE_CURVE_WITH_KNOTS('',3,(#4072,#4073,#4074,#4075,#4076,#4077,
#4078,#4079,#4080,#4081,#4082,#4083,#4084,#4085,#4086,#4087,#4088,#4089,
#4090,#4091,#4092,#4093,#4094,#4095,#4096,#4097,#4098,#4099,#4100,#4101,
#4102,#4103,#4104,#4105,#4106,#4107,#4108,#4109,#4110,#4111,#4112,#4113,
#4114,#4115,#4116,#4117,#4118,#4119,#4120,#4121,#4122,#4123,#4124,#4125,
#4126,#4127,#4128,#4129,#4130,#4131,#4132,#4133,#4134,#4135,#4136,#4137,
#4138,#4139,#4140,#4141,#4142,#4143,#4144,#4145,#4146,#4147,#4148,#4149,
#4150,#4151,#4152,#4153),.UNSPECIFIED.,.F.,.F.,(4,3,3,3,3,3,3,3,3,3,3,3,
3,3,3,3,3,3,3,3,3,3,3,3,3,3,3,4),(0.,0.0151363685114053,0.0309495197565399,
0.0435040693625744,0.0485098928368394,0.0521747125894295,0.068475169191323,
0.0850807574642738,0.0966570472494094,0.101373895352809,0.104321890317885,
0.121396890480227,0.131385916604816,0.147999318332534,0.15501764696963,
0.158631000371508,0.175679310197012,0.193125466811681,0.20416896555212,
0.21017115728711,0.215052772190906,0.233044234656582,0.243668146173295,
0.248247898742303,0.252367545800345,0.27055757188218,0.275539880723436,
0.285142803995211),.UNSPECIFIED.);
#344=B_SPLINE_CURVE_WITH_KNOTS('',3,(#4154,#4155,#4156,#4157,#4158,#4159,
#4160,#4161,#4162,#4163,#4164,#4165,#4166,#4167,#4168,#4169,#4170,#4171,
#4172,#4173,#4174,#4175),.UNSPECIFIED.,.F.,.F.,(4,3,3,3,3,3,3,4),(26.4423043696954,
27.4152496298672,28.3943656880767,29.3734817462863,30.3525978044958,31.3317138627053,
32.3108299209149,32.725489676875),.UNSPECIFIED.);
#345=B_SPLINE_CURVE_WITH_KNOTS('',3,(#4176,#4177,#4178,#4179,#4180,#4181,
#4182,#4183,#4184,#4185,#4186,#4187,#4188,#4189,#4190,#4191,#4192,#4193,
#4194,#4195,#4196,#4197,#4198,#4199,#4200,#4201,#4202,#4203,#4204,#4205,
#4206,#4207,#4208,#4209,#4210,#4211,#4212,#4213,#4214,#4215,#4216,#4217,
#4218,#4219,#4220,#4221,#4222,#4223,#4224,#4225,#4226,#4227,#4228,#4229,
#4230,#4231,#4232,#4233,#4234,#4235,#4236,#4237,#4238,#4239,#4240,#4241,
#4242,#4243,#4244,#4245,#4246,#4247,#4248),.UNSPECIFIED.,.F.,.F.,(4,3,3,
3,3,3,3,3,3,3,3,3,3,3,3,3,3,3,3,3,3,3,3,3,4),(-0.285142803995087,-0.266951309158716,
-0.250401459329724,-0.246113304006724,-0.228139806815391,-0.217147194840243,
-0.212684406902248,-0.209413579527237,-0.191972573826377,-0.174838300845008,
-0.157243664914296,-0.154261096041652,-0.140198911014207,-0.123119298747078,
-0.108725165011549,-0.103951271391604,-0.100178247525514,-0.0835719848941019,
-0.0670711017527429,-0.05229488353027,-0.0480676993542391,-0.0321637032470949,
-0.0167787492594351,-0.00796622886285141,0.),.UNSPECIFIED.);
#346=B_SPLINE_CURVE_WITH_KNOTS('',3,(#4250,#4251,#4252,#4253,#4254,#4255,
#4256,#4257,#4258,#4259,#4260),.UNSPECIFIED.,.F.,.F.,(4,1,1,1,1,1,1,1,4),
(15.7079632679489,15.7718254964175,16.7509415546271,17.7300576128366,18.7091736710462,
19.6882897292557,20.6674057874652,21.6465218456748,21.9911485751285),
 .UNSPECIFIED.);
#347=B_SPLINE_CURVE_WITH_KNOTS('',3,(#4261,#4262,#4263,#4264,#4265,#4266,
#4267,#4268,#4269,#4270),.UNSPECIFIED.,.F.,.F.,(4,1,1,1,1,1,1,4),(15.7079632679489,
16.3566322433909,17.3357483016005,18.31486435981,19.2939804180196,20.2730964762291,
21.2522125344387,21.9911485751285),.UNSPECIFIED.);
#348=B_SPLINE_CURVE_WITH_KNOTS('',3,(#4435,#4436,#4437,#4438,#4439,#4440,
#4441,#4442,#4443,#4444,#4445,#4446,#4447,#4448,#4449,#4450,#4451,#4452,
#4453,#4454,#4455,#4456,#4457,#4458,#4459,#4460,#4461,#4462,#4463,#4464,
#4465,#4466,#4467,#4468,#4469,#4470,#4471,#4472,#4473,#4474,#4475,#4476,
#4477,#4478,#4479,#4480,#4481,#4482,#4483,#4484,#4485,#4486,#4487,#4488,
#4489,#4490,#4491,#4492,#4493,#4494,#4495,#4496,#4497,#4498,#4499,#4500,
#4501,#4502,#4503,#4504,#4505,#4506,#4507,#4508,#4509,#4510,#4511,#4512,
#4513,#4514,#4515,#4516),.UNSPECIFIED.,.F.,.F.,(4,3,3,3,3,3,3,3,3,3,3,3,
3,3,3,3,3,3,3,3,3,3,3,3,3,3,3,4),(0.,0.0182135796766542,0.0364490828132296,
0.0501065271382301,0.0570205684510801,0.0611876428825849,0.0789359710870637,
0.0963288584777487,0.10867380321162,0.115334631647795,0.118341510653619,
0.13520374754017,0.145708637413234,0.162289604963187,0.167535792267485,
0.170979505165139,0.173852293171111,0.190630048007476,0.207363451628623,
0.217501028658284,0.223246143079034,0.226561319531835,0.242642505995183,
0.252161600270585,0.255982112950407,0.271506977953499,0.27835637781286,
0.286347380332162),.UNSPECIFIED.);
#349=B_SPLINE_CURVE_WITH_KNOTS('',3,(#4517,#4518,#4519,#4520,#4521,#4522,
#4523,#4524,#4525,#4526,#4527,#4528,#4529,#4530,#4531,#4532,#4533,#4534,
#4535,#4536,#4537,#4538,#4539,#4540,#4541,#4542,#4543,#4544,#4545,#4546,
#4547,#4548,#4549,#4550,#4551,#4552,#4553,#4554,#4555,#4556,#4557,#4558,
#4559,#4560,#4561,#4562,#4563,#4564,#4565,#4566,#4567,#4568,#4569,#4570,
#4571,#4572,#4573,#4574,#4575,#4576,#4577,#4578,#4579,#4580,#4581,#4582,
#4583,#4584,#4585,#4586,#4587,#4588,#4589,#4590,#4591,#4592),
 .UNSPECIFIED.,.F.,.F.,(4,3,3,3,3,3,3,3,3,3,3,3,3,3,3,3,3,3,3,3,3,3,3,3,
3,4),(-0.28634738033214,-0.271029386200087,-0.261169306337483,-0.256679230004967,
-0.252955047876991,-0.236793263387158,-0.225835558257588,-0.221553021733524,
-0.204804510675674,-0.188018305950366,-0.179420936199248,-0.171968077715373,
-0.168949185108647,-0.154558977502126,-0.138001891239699,-0.121957285194739,
-0.116551300272153,-0.113670816963671,-0.0963339090413437,-0.0786334995855236,
-0.0613863854091489,-0.0568428322720788,-0.0386272669208782,-0.0205592472865666,
-0.0096450428800248,0.),.UNSPECIFIED.);
#350=B_SPLINE_CURVE_WITH_KNOTS('',3,(#4593,#4594,#4595,#4596,#4597,#4598,
#4599,#4600,#4601,#4602,#4603,#4604,#4605,#4606,#4607,#4608,#4609,#4610,
#4611,#4612,#4613,#4614),.UNSPECIFIED.,.F.,.F.,(4,3,3,3,3,3,3,4),(-28.9853432330879,
-28.3943656880767,-27.4152496298672,-26.4361335716576,-25.4570175134481,
-24.4779014552385,-23.498785397029,-22.7021579259083),.UNSPECIFIED.);
#351=B_SPLINE_CURVE_WITH_KNOTS('',3,(#4779,#4780,#4781,#4782,#4783,#4784,
#4785,#4786,#4787,#4788,#4789,#4790,#4791,#4792,#4793,#4794,#4795,#4796,
#4797,#4798,#4799,#4800,#4801,#4802,#4803,#4804,#4805,#4806,#4807,#4808,
#4809,#4810,#4811,#4812,#4813,#4814,#4815,#4816,#4817,#4818,#4819,#4820,
#4821,#4822,#4823,#4824,#4825,#4826,#4827,#4828,#4829,#4830,#4831,#4832,
#4833,#4834,#4835,#4836,#4837,#4838,#4839,#4840,#4841,#4842,#4843,#4844,
#4845,#4846,#4847,#4848,#4849,#4850,#4851,#4852,#4853,#4854,#4855,#4856,
#4857,#4858,#4859,#4860),.UNSPECIFIED.,.F.,.F.,(4,3,3,3,3,3,3,3,3,3,3,3,
3,3,3,3,3,3,3,3,3,3,3,3,3,3,3,4),(0.,0.0151338288647113,0.0309451296631026,
0.0435002280308186,0.0485002418205455,0.0521726184218205,0.0684712405084174,
0.0850768283046355,0.0966541003796843,0.101367902239002,0.104317920390958,
0.121393005859618,0.131385916604831,0.14800047830341,0.155022564782674,
0.158632454388503,0.175682031179699,0.193128794888006,0.204168760192162,
0.210171504175316,0.215052802692539,0.233044338126003,0.243668223775356,
0.248249721558603,0.252368024138298,0.27055798394498,0.275539880723418,
0.285142803995198),.UNSPECIFIED.);
#352=B_SPLINE_CURVE_WITH_KNOTS('',3,(#4861,#4862,#4863,#4864,#4865,#4866,
#4867,#4868,#4869,#4870,#4871,#4872,#4873,#4874,#4875,#4876,#4877,#4878,
#4879,#4880,#4881,#4882),.UNSPECIFIED.,.F.,.F.,(4,3,3,3,3,3,3,4),(26.4423043696954,
27.4152496298672,28.3943656880767,29.3734817462863,30.3525978044958,31.3317138627054,
32.3108299209149,32.725489676875),.UNSPECIFIED.);
#353=B_SPLINE_CURVE_WITH_KNOTS('',3,(#4883,#4884,#4885,#4886,#4887,#4888,
#4889,#4890,#4891,#4892,#4893,#4894,#4895,#4896,#4897,#4898,#4899,#4900,
#4901,#4902,#4903,#4904,#4905,#4906,#4907,#4908,#4909,#4910,#4911,#4912,
#4913,#4914,#4915,#4916,#4917,#4918,#4919,#4920,#4921,#4922,#4923,#4924,
#4925,#4926,#4927,#4928,#4929,#4930,#4931,#4932,#4933,#4934,#4935,#4936,
#4937,#4938,#4939,#4940,#4941,#4942,#4943,#4944,#4945,#4946,#4947,#4948,
#4949,#4950,#4951,#4952,#4953,#4954,#4955),.UNSPECIFIED.,.F.,.F.,(4,3,3,
3,3,3,3,3,3,3,3,3,3,3,3,3,3,3,3,3,3,3,3,3,4),(-0.285142803995071,-0.266952183115114,
-0.250404121998614,-0.245636951047697,-0.22766453353657,-0.216731330721273,
-0.212991763457141,-0.209467189447898,-0.19202499363516,-0.174888982153865,
-0.157314961340829,-0.154322527247993,-0.140198911014195,-0.123119409919675,
-0.108725262287572,-0.103950776309869,-0.100178066058527,-0.0835719363937462,
-0.0670709864273813,-0.0522947970362486,-0.0480676130852478,-0.0321633939124341,
-0.0167775315922927,-0.00796622886285051,0.),.UNSPECIFIED.);
#354=LINE('',#1713,#424);
#355=LINE('',#1752,#425);
#356=LINE('',#1806,#426);
#357=LINE('',#1854,#427);
#358=LINE('',#1908,#428);
#359=LINE('',#1953,#429);
#360=LINE('',#1992,#430);
#361=LINE('',#2046,#431);
#362=LINE('',#2094,#432);
#363=LINE('',#2148,#433);
#364=LINE('',#2193,#434);
#365=LINE('',#2232,#435);
#366=LINE('',#2286,#436);
#367=LINE('',#2334,#437);
#368=LINE('',#2388,#438);
#369=LINE('',#2433,#439);
#370=LINE('',#2451,#440);
#371=LINE('',#2476,#441);
#372=LINE('',#2501,#442);
#373=LINE('',#2526,#443);
#374=LINE('',#2551,#444);
#375=LINE('',#2568,#445);
#376=LINE('',#2586,#446);
#377=LINE('',#2611,#447);
#378=LINE('',#2636,#448);
#379=LINE('',#2661,#449);
#380=LINE('',#2686,#450);
#381=LINE('',#2703,#451);
#382=LINE('',#2721,#452);
#383=LINE('',#2746,#453);
#384=LINE('',#2771,#454);
#385=LINE('',#2796,#455);
#386=LINE('',#2821,#456);
#387=LINE('',#4961,#457);
#388=LINE('',#4970,#458);
#389=LINE('',#4978,#459);
#390=LINE('',#4982,#460);
#391=LINE('',#4986,#461);
#392=LINE('',#4989,#462);
#393=LINE('',#5001,#463);
#394=LINE('',#5104,#464);
#395=LINE('',#5127,#465);
#396=LINE('',#5158,#466);
#397=LINE('',#5163,#467);
#398=LINE('',#5165,#468);
#399=LINE('',#5166,#469);
#400=LINE('',#5213,#470);
#401=LINE('',#5279,#471);
#402=LINE('',#5301,#472);
#403=LINE('',#5363,#473);
#404=LINE('',#5407,#474);
#405=LINE('',#5485,#475);
#406=LINE('',#5487,#476);
#407=LINE('',#5488,#477);
#408=LINE('',#5550,#478);
#409=LINE('',#5553,#479);
#410=LINE('',#5554,#480);
#411=LINE('',#5628,#481);
#412=LINE('',#5633,#482);
#413=LINE('',#5635,#483);
#414=LINE('',#5636,#484);
#415=LINE('',#5640,#485);
#416=LINE('',#5643,#486);
#417=LINE('',#5644,#487);
#418=LINE('',#5648,#488);
#419=LINE('',#5651,#489);
#420=LINE('',#5652,#490);
#421=LINE('',#5656,#491);
#422=LINE('',#5659,#492);
#423=LINE('',#5660,#493);
#424=VECTOR('',#1461,1.45);
#425=VECTOR('',#1466,1.45);
#426=VECTOR('',#1469,1.45);
#427=VECTOR('',#1472,1.45);
#428=VECTOR('',#1475,1.45);
#429=VECTOR('',#1480,1.45);
#430=VECTOR('',#1485,1.45);
#431=VECTOR('',#1488,1.45);
#432=VECTOR('',#1491,1.45);
#433=VECTOR('',#1494,1.45);
#434=VECTOR('',#1499,1.45);
#435=VECTOR('',#1504,1.45);
#436=VECTOR('',#1507,1.45);
#437=VECTOR('',#1510,1.45);
#438=VECTOR('',#1513,1.45);
#439=VECTOR('',#1518,1.54299999999999);
#440=VECTOR('',#1523,1.54299999999999);
#441=VECTOR('',#1526,1.54299999999999);
#442=VECTOR('',#1529,1.54299999999999);
#443=VECTOR('',#1532,1.54299999999999);
#444=VECTOR('',#1535,1.54299999999999);
#445=VECTOR('',#1540,1.54299999999999);
#446=VECTOR('',#1545,1.54299999999999);
#447=VECTOR('',#1548,1.54299999999999);
#448=VECTOR('',#1551,1.54299999999999);
#449=VECTOR('',#1554,1.54299999999999);
#450=VECTOR('',#1557,1.54299999999999);
#451=VECTOR('',#1562,1.543);
#452=VECTOR('',#1567,1.543);
#453=VECTOR('',#1570,1.543);
#454=VECTOR('',#1573,1.543);
#455=VECTOR('',#1576,1.543);
#456=VECTOR('',#1579,1.543);
#457=VECTOR('',#1594,1.75000000000001);
#458=VECTOR('',#1607,1.75);
#459=VECTOR('',#1616,10.);
#460=VECTOR('',#1619,10.);
#461=VECTOR('',#1622,10.);
#462=VECTOR('',#1625,10.);
#463=VECTOR('',#1626,10.);
#464=VECTOR('',#1629,10.);
#465=VECTOR('',#1630,10.);
#466=VECTOR('',#1639,1.74999999999999);
#467=VECTOR('',#1646,10.);
#468=VECTOR('',#1647,10.);
#469=VECTOR('',#1648,10.);
#470=VECTOR('',#1649,10.);
#471=VECTOR('',#1650,10.);
#472=VECTOR('',#1651,10.);
#473=VECTOR('',#1652,10.);
#474=VECTOR('',#1653,10.);
#475=VECTOR('',#1656,10.);
#476=VECTOR('',#1657,10.);
#477=VECTOR('',#1658,10.);
#478=VECTOR('',#1659,10.);
#479=VECTOR('',#1662,10.);
#480=VECTOR('',#1663,10.);
#481=VECTOR('',#1664,10.);
#482=VECTOR('',#1671,10.);
#483=VECTOR('',#1672,10.);
#484=VECTOR('',#1673,10.);
#485=VECTOR('',#1678,10.);
#486=VECTOR('',#1681,10.);
#487=VECTOR('',#1682,10.);
#488=VECTOR('',#1687,10.);
#489=VECTOR('',#1690,10.);
#490=VECTOR('',#1691,10.);
#491=VECTOR('',#1696,10.);
#492=VECTOR('',#1699,10.);
#493=VECTOR('',#1700,10.);
#494=VERTEX_POINT('',#1711);
#495=VERTEX_POINT('',#1712);
#496=VERTEX_POINT('',#1714);
#497=VERTEX_POINT('',#1728);
#498=VERTEX_POINT('',#1750);
#499=VERTEX_POINT('',#1751);
#500=VERTEX_POINT('',#1804);
#501=VERTEX_POINT('',#1805);
#502=VERTEX_POINT('',#1852);
#503=VERTEX_POINT('',#1853);
#504=VERTEX_POINT('',#1906);
#505=VERTEX_POINT('',#1907);
#506=VERTEX_POINT('',#1909);
#507=VERTEX_POINT('',#1926);
#508=VERTEX_POINT('',#1951);
#509=VERTEX_POINT('',#1952);
#510=VERTEX_POINT('',#1954);
#511=VERTEX_POINT('',#1968);
#512=VERTEX_POINT('',#1990);
#513=VERTEX_POINT('',#1991);
#514=VERTEX_POINT('',#2044);
#515=VERTEX_POINT('',#2045);
#516=VERTEX_POINT('',#2092);
#517=VERTEX_POINT('',#2093);
#518=VERTEX_POINT('',#2146);
#519=VERTEX_POINT('',#2147);
#520=VERTEX_POINT('',#2149);
#521=VERTEX_POINT('',#2166);
#522=VERTEX_POINT('',#2191);
#523=VERTEX_POINT('',#2192);
#524=VERTEX_POINT('',#2194);
#525=VERTEX_POINT('',#2208);
#526=VERTEX_POINT('',#2230);
#527=VERTEX_POINT('',#2231);
#528=VERTEX_POINT('',#2284);
#529=VERTEX_POINT('',#2285);
#530=VERTEX_POINT('',#2332);
#531=VERTEX_POINT('',#2333);
#532=VERTEX_POINT('',#2386);
#533=VERTEX_POINT('',#2387);
#534=VERTEX_POINT('',#2389);
#535=VERTEX_POINT('',#2406);
#536=VERTEX_POINT('',#2431);
#537=VERTEX_POINT('',#2432);
#538=VERTEX_POINT('',#2434);
#539=VERTEX_POINT('',#2440);
#540=VERTEX_POINT('',#2449);
#541=VERTEX_POINT('',#2450);
#542=VERTEX_POINT('',#2474);
#543=VERTEX_POINT('',#2475);
#544=VERTEX_POINT('',#2499);
#545=VERTEX_POINT('',#2500);
#546=VERTEX_POINT('',#2524);
#547=VERTEX_POINT('',#2525);
#548=VERTEX_POINT('',#2549);
#549=VERTEX_POINT('',#2550);
#550=VERTEX_POINT('',#2552);
#551=VERTEX_POINT('',#2558);
#552=VERTEX_POINT('',#2566);
#553=VERTEX_POINT('',#2567);
#554=VERTEX_POINT('',#2569);
#555=VERTEX_POINT('',#2575);
#556=VERTEX_POINT('',#2584);
#557=VERTEX_POINT('',#2585);
#558=VERTEX_POINT('',#2609);
#559=VERTEX_POINT('',#2610);
#560=VERTEX_POINT('',#2634);
#561=VERTEX_POINT('',#2635);
#562=VERTEX_POINT('',#2659);
#563=VERTEX_POINT('',#2660);
#564=VERTEX_POINT('',#2684);
#565=VERTEX_POINT('',#2685);
#566=VERTEX_POINT('',#2687);
#567=VERTEX_POINT('',#2693);
#568=VERTEX_POINT('',#2701);
#569=VERTEX_POINT('',#2702);
#570=VERTEX_POINT('',#2704);
#571=VERTEX_POINT('',#2710);
#572=VERTEX_POINT('',#2719);
#573=VERTEX_POINT('',#2720);
#574=VERTEX_POINT('',#2744);
#575=VERTEX_POINT('',#2745);
#576=VERTEX_POINT('',#2769);
#577=VERTEX_POINT('',#2770);
#578=VERTEX_POINT('',#2794);
#579=VERTEX_POINT('',#2795);
#580=VERTEX_POINT('',#2819);
#581=VERTEX_POINT('',#2820);
#582=VERTEX_POINT('',#2822);
#583=VERTEX_POINT('',#2828);
#584=VERTEX_POINT('',#4958);
#585=VERTEX_POINT('',#4960);
#586=VERTEX_POINT('',#4967);
#587=VERTEX_POINT('',#4969);
#588=VERTEX_POINT('',#4974);
#589=VERTEX_POINT('',#4975);
#590=VERTEX_POINT('',#4977);
#591=VERTEX_POINT('',#4979);
#592=VERTEX_POINT('',#4981);
#593=VERTEX_POINT('',#4983);
#594=VERTEX_POINT('',#4985);
#595=VERTEX_POINT('',#4987);
#596=VERTEX_POINT('',#4990);
#597=VERTEX_POINT('',#4991);
#598=VERTEX_POINT('',#5000);
#599=VERTEX_POINT('',#5017);
#600=VERTEX_POINT('',#5018);
#601=VERTEX_POINT('',#5044);
#602=VERTEX_POINT('',#5065);
#603=VERTEX_POINT('',#5100);
#604=VERTEX_POINT('',#5101);
#605=VERTEX_POINT('',#5103);
#606=VERTEX_POINT('',#5105);
#607=VERTEX_POINT('',#5126);
#608=VERTEX_POINT('',#5152);
#609=VERTEX_POINT('',#5156);
#610=VERTEX_POINT('',#5162);
#611=VERTEX_POINT('',#5164);
#612=VERTEX_POINT('',#5197);
#613=VERTEX_POINT('',#5278);
#614=VERTEX_POINT('',#5280);
#615=VERTEX_POINT('',#5342);
#616=VERTEX_POINT('',#5392);
#617=VERTEX_POINT('',#5484);
#618=VERTEX_POINT('',#5486);
#619=VERTEX_POINT('',#5529);
#620=VERTEX_POINT('',#5552);
#621=VERTEX_POINT('',#5603);
#622=VERTEX_POINT('',#5632);
#623=VERTEX_POINT('',#5634);
#624=VERTEX_POINT('',#5638);
#625=VERTEX_POINT('',#5642);
#626=VERTEX_POINT('',#5646);
#627=VERTEX_POINT('',#5650);
#628=VERTEX_POINT('',#5654);
#629=VERTEX_POINT('',#5658);
#630=EDGE_CURVE('',#494,#495,#354,.T.);
#631=EDGE_CURVE('',#495,#496,#264,.T.);
#632=EDGE_CURVE('',#497,#496,#236,.F.);
#633=EDGE_CURVE('',#497,#494,#265,.T.);
#634=EDGE_CURVE('',#498,#499,#355,.T.);
#635=EDGE_CURVE('',#499,#495,#266,.T.);
#636=EDGE_CURVE('',#494,#498,#267,.T.);
#637=EDGE_CURVE('',#500,#501,#356,.T.);
#638=EDGE_CURVE('',#501,#499,#268,.T.);
#639=EDGE_CURVE('',#498,#500,#269,.T.);
#640=EDGE_CURVE('',#502,#503,#357,.T.);
#641=EDGE_CURVE('',#503,#501,#270,.T.);
#642=EDGE_CURVE('',#500,#502,#271,.T.);
#643=EDGE_CURVE('',#504,#505,#358,.T.);
#644=EDGE_CURVE('',#504,#506,#272,.T.);
#645=EDGE_CURVE('',#507,#506,#237,.F.);
#646=EDGE_CURVE('',#507,#505,#273,.T.);
#647=EDGE_CURVE('',#508,#509,#359,.T.);
#648=EDGE_CURVE('',#509,#510,#274,.T.);
#649=EDGE_CURVE('',#511,#510,#238,.F.);
#650=EDGE_CURVE('',#511,#508,#275,.T.);
#651=EDGE_CURVE('',#512,#513,#360,.T.);
#652=EDGE_CURVE('',#513,#509,#276,.T.);
#653=EDGE_CURVE('',#508,#512,#277,.T.);
#654=EDGE_CURVE('',#514,#515,#361,.T.);
#655=EDGE_CURVE('',#515,#513,#278,.T.);
#656=EDGE_CURVE('',#512,#514,#279,.T.);
#657=EDGE_CURVE('',#516,#517,#362,.T.);
#658=EDGE_CURVE('',#517,#515,#280,.T.);
#659=EDGE_CURVE('',#514,#516,#281,.T.);
#660=EDGE_CURVE('',#518,#519,#363,.T.);
#661=EDGE_CURVE('',#518,#520,#282,.T.);
#662=EDGE_CURVE('',#521,#520,#239,.F.);
#663=EDGE_CURVE('',#521,#519,#283,.T.);
#664=EDGE_CURVE('',#522,#523,#364,.T.);
#665=EDGE_CURVE('',#523,#524,#284,.T.);
#666=EDGE_CURVE('',#525,#524,#240,.F.);
#667=EDGE_CURVE('',#525,#522,#285,.T.);
#668=EDGE_CURVE('',#526,#527,#365,.T.);
#669=EDGE_CURVE('',#527,#523,#286,.T.);
#670=EDGE_CURVE('',#522,#526,#287,.T.);
#671=EDGE_CURVE('',#528,#529,#366,.T.);
#672=EDGE_CURVE('',#529,#527,#288,.T.);
#673=EDGE_CURVE('',#526,#528,#289,.T.);
#674=EDGE_CURVE('',#530,#531,#367,.T.);
#675=EDGE_CURVE('',#531,#529,#290,.T.);
#676=EDGE_CURVE('',#528,#530,#291,.T.);
#677=EDGE_CURVE('',#532,#533,#368,.T.);
#678=EDGE_CURVE('',#532,#534,#292,.T.);
#679=EDGE_CURVE('',#535,#534,#241,.F.);
#680=EDGE_CURVE('',#535,#533,#293,.T.);
#681=EDGE_CURVE('',#536,#537,#369,.T.);
#682=EDGE_CURVE('',#537,#538,#294,.T.);
#683=EDGE_CURVE('',#539,#538,#242,.T.);
#684=EDGE_CURVE('',#536,#539,#295,.T.);
#685=EDGE_CURVE('',#540,#541,#370,.T.);
#686=EDGE_CURVE('',#541,#537,#296,.T.);
#687=EDGE_CURVE('',#540,#536,#297,.T.);
#688=EDGE_CURVE('',#542,#543,#371,.T.);
#689=EDGE_CURVE('',#543,#541,#298,.T.);
#690=EDGE_CURVE('',#542,#540,#299,.T.);
#691=EDGE_CURVE('',#544,#545,#372,.T.);
#692=EDGE_CURVE('',#545,#543,#300,.T.);
#693=EDGE_CURVE('',#544,#542,#301,.T.);
#694=EDGE_CURVE('',#546,#547,#373,.T.);
#695=EDGE_CURVE('',#547,#545,#302,.T.);
#696=EDGE_CURVE('',#546,#544,#303,.T.);
#697=EDGE_CURVE('',#548,#549,#374,.T.);
#698=EDGE_CURVE('',#550,#548,#304,.T.);
#699=EDGE_CURVE('',#551,#550,#243,.T.);
#700=EDGE_CURVE('',#551,#549,#305,.T.);
#701=EDGE_CURVE('',#552,#553,#375,.T.);
#702=EDGE_CURVE('',#553,#554,#306,.T.);
#703=EDGE_CURVE('',#555,#554,#244,.T.);
#704=EDGE_CURVE('',#552,#555,#307,.T.);
#705=EDGE_CURVE('',#556,#557,#376,.T.);
#706=EDGE_CURVE('',#557,#553,#308,.T.);
#707=EDGE_CURVE('',#556,#552,#309,.T.);
#708=EDGE_CURVE('',#558,#559,#377,.T.);
#709=EDGE_CURVE('',#559,#557,#310,.T.);
#710=EDGE_CURVE('',#558,#556,#311,.T.);
#711=EDGE_CURVE('',#560,#561,#378,.T.);
#712=EDGE_CURVE('',#561,#559,#312,.T.);
#713=EDGE_CURVE('',#560,#558,#313,.T.);
#714=EDGE_CURVE('',#562,#563,#379,.T.);
#715=EDGE_CURVE('',#563,#561,#314,.T.);
#716=EDGE_CURVE('',#562,#560,#315,.T.);
#717=EDGE_CURVE('',#564,#565,#380,.T.);
#718=EDGE_CURVE('',#566,#564,#316,.T.);
#719=EDGE_CURVE('',#567,#566,#245,.T.);
#720=EDGE_CURVE('',#567,#565,#317,.T.);
#721=EDGE_CURVE('',#568,#569,#381,.T.);
#722=EDGE_CURVE('',#569,#570,#318,.T.);
#723=EDGE_CURVE('',#571,#570,#246,.T.);
#724=EDGE_CURVE('',#568,#571,#319,.T.);
#725=EDGE_CURVE('',#572,#573,#382,.T.);
#726=EDGE_CURVE('',#573,#569,#320,.T.);
#727=EDGE_CURVE('',#572,#568,#321,.T.);
#728=EDGE_CURVE('',#574,#575,#383,.T.);
#729=EDGE_CURVE('',#575,#573,#322,.T.);
#730=EDGE_CURVE('',#574,#572,#323,.T.);
#731=EDGE_CURVE('',#576,#577,#384,.T.);
#732=EDGE_CURVE('',#577,#575,#324,.T.);
#733=EDGE_CURVE('',#576,#574,#325,.T.);
#734=EDGE_CURVE('',#578,#579,#385,.T.);
#735=EDGE_CURVE('',#579,#577,#326,.T.);
#736=EDGE_CURVE('',#578,#576,#327,.T.);
#737=EDGE_CURVE('',#580,#581,#386,.T.);
#738=EDGE_CURVE('',#582,#580,#328,.T.);
#739=EDGE_CURVE('',#583,#582,#247,.T.);
#740=EDGE_CURVE('',#583,#581,#329,.T.);
#741=EDGE_CURVE('',#581,#579,#330,.T.);
#742=EDGE_CURVE('',#580,#578,#331,.T.);
#743=EDGE_CURVE('',#570,#521,#332,.T.);
#744=EDGE_CURVE('',#510,#583,#333,.T.);
#745=EDGE_CURVE('',#519,#517,#334,.T.);
#746=EDGE_CURVE('',#520,#571,#335,.T.);
#747=EDGE_CURVE('',#516,#518,#336,.T.);
#748=EDGE_CURVE('',#582,#511,#337,.T.);
#749=EDGE_CURVE('',#565,#563,#338,.T.);
#750=EDGE_CURVE('',#564,#562,#339,.T.);
#751=EDGE_CURVE('',#554,#535,#340,.T.);
#752=EDGE_CURVE('',#524,#567,#341,.T.);
#753=EDGE_CURVE('',#533,#531,#342,.T.);
#754=EDGE_CURVE('',#534,#555,#343,.T.);
#755=EDGE_CURVE('',#530,#532,#344,.T.);
#756=EDGE_CURVE('',#566,#525,#345,.T.);
#757=EDGE_CURVE('',#549,#547,#346,.T.);
#758=EDGE_CURVE('',#548,#546,#347,.T.);
#759=EDGE_CURVE('',#538,#507,#348,.T.);
#760=EDGE_CURVE('',#496,#551,#349,.T.);
#761=EDGE_CURVE('',#505,#503,#350,.T.);
#762=EDGE_CURVE('',#506,#539,#351,.T.);
#763=EDGE_CURVE('',#502,#504,#352,.T.);
#764=EDGE_CURVE('',#550,#497,#353,.T.);
#765=EDGE_CURVE('',#584,#584,#248,.T.);
#766=EDGE_CURVE('',#584,#585,#387,.T.);
#767=EDGE_CURVE('',#585,#585,#249,.T.);
#768=EDGE_CURVE('',#586,#586,#250,.T.);
#769=EDGE_CURVE('',#586,#587,#388,.T.);
#770=EDGE_CURVE('',#587,#587,#251,.T.);
#771=EDGE_CURVE('',#588,#589,#252,.T.);
#772=EDGE_CURVE('',#590,#588,#389,.T.);
#773=EDGE_CURVE('',#591,#590,#253,.T.);
#774=EDGE_CURVE('',#592,#591,#390,.T.);
#775=EDGE_CURVE('',#593,#592,#254,.T.);
#776=EDGE_CURVE('',#594,#593,#391,.T.);
#777=EDGE_CURVE('',#595,#594,#255,.T.);
#778=EDGE_CURVE('',#589,#595,#392,.T.);
#779=EDGE_CURVE('',#596,#597,#23,.T.);
#780=EDGE_CURVE('',#598,#596,#393,.T.);
#781=EDGE_CURVE('',#597,#598,#24,.T.);
#782=EDGE_CURVE('',#599,#600,#25,.T.);
#783=EDGE_CURVE('',#601,#599,#26,.T.);
#784=EDGE_CURVE('',#602,#601,#27,.T.);
#785=EDGE_CURVE('',#600,#602,#28,.T.);
#786=EDGE_CURVE('',#603,#604,#256,.T.);
#787=EDGE_CURVE('',#605,#603,#394,.T.);
#788=EDGE_CURVE('',#606,#605,#29,.T.);
#789=EDGE_CURVE('',#607,#606,#395,.T.);
#790=EDGE_CURVE('',#604,#607,#30,.T.);
#791=EDGE_CURVE('',#608,#608,#257,.T.);
#792=EDGE_CURVE('',#609,#609,#258,.T.);
#793=EDGE_CURVE('',#609,#608,#396,.T.);
#794=EDGE_CURVE('',#596,#610,#397,.T.);
#795=EDGE_CURVE('',#611,#610,#398,.T.);
#796=EDGE_CURVE('',#598,#611,#399,.T.);
#797=EDGE_CURVE('',#612,#611,#31,.T.);
#798=EDGE_CURVE('',#597,#612,#400,.T.);
#799=EDGE_CURVE('',#610,#612,#32,.T.);
#800=EDGE_CURVE('',#599,#613,#401,.T.);
#801=EDGE_CURVE('',#614,#613,#33,.T.);
#802=EDGE_CURVE('',#601,#614,#402,.T.);
#803=EDGE_CURVE('',#615,#614,#34,.T.);
#804=EDGE_CURVE('',#602,#615,#403,.T.);
#805=EDGE_CURVE('',#616,#615,#35,.T.);
#806=EDGE_CURVE('',#600,#616,#404,.T.);
#807=EDGE_CURVE('',#613,#616,#36,.T.);
#808=EDGE_CURVE('',#603,#617,#405,.T.);
#809=EDGE_CURVE('',#618,#617,#406,.T.);
#810=EDGE_CURVE('',#605,#618,#407,.T.);
#811=EDGE_CURVE('',#619,#618,#37,.T.);
#812=EDGE_CURVE('',#606,#619,#408,.T.);
#813=EDGE_CURVE('',#620,#619,#409,.T.);
#814=EDGE_CURVE('',#607,#620,#410,.T.);
#815=EDGE_CURVE('',#621,#620,#38,.T.);
#816=EDGE_CURVE('',#604,#621,#411,.T.);
#817=EDGE_CURVE('',#617,#621,#259,.T.);
#818=EDGE_CURVE('',#588,#622,#412,.T.);
#819=EDGE_CURVE('',#623,#622,#413,.T.);
#820=EDGE_CURVE('',#590,#623,#414,.T.);
#821=EDGE_CURVE('',#624,#623,#260,.T.);
#822=EDGE_CURVE('',#591,#624,#415,.T.);
#823=EDGE_CURVE('',#625,#624,#416,.T.);
#824=EDGE_CURVE('',#592,#625,#417,.T.);
#825=EDGE_CURVE('',#626,#625,#261,.T.);
#826=EDGE_CURVE('',#593,#626,#418,.T.);
#827=EDGE_CURVE('',#627,#626,#419,.T.);
#828=EDGE_CURVE('',#594,#627,#420,.T.);
#829=EDGE_CURVE('',#628,#627,#262,.T.);
#830=EDGE_CURVE('',#595,#628,#421,.T.);
#831=EDGE_CURVE('',#629,#628,#422,.T.);
#832=EDGE_CURVE('',#589,#629,#423,.T.);
#833=EDGE_CURVE('',#622,#629,#263,.T.);
#834=ORIENTED_EDGE('',*,*,#630,.T.);
#835=ORIENTED_EDGE('',*,*,#631,.T.);
#836=ORIENTED_EDGE('',*,*,#632,.F.);
#837=ORIENTED_EDGE('',*,*,#633,.T.);
#838=ORIENTED_EDGE('',*,*,#634,.T.);
#839=ORIENTED_EDGE('',*,*,#635,.T.);
#840=ORIENTED_EDGE('',*,*,#630,.F.);
#841=ORIENTED_EDGE('',*,*,#636,.T.);
#842=ORIENTED_EDGE('',*,*,#637,.T.);
#843=ORIENTED_EDGE('',*,*,#638,.T.);
#844=ORIENTED_EDGE('',*,*,#634,.F.);
#845=ORIENTED_EDGE('',*,*,#639,.T.);
#846=ORIENTED_EDGE('',*,*,#640,.T.);
#847=ORIENTED_EDGE('',*,*,#641,.T.);
#848=ORIENTED_EDGE('',*,*,#637,.F.);
#849=ORIENTED_EDGE('',*,*,#642,.T.);
#850=ORIENTED_EDGE('',*,*,#643,.F.);
#851=ORIENTED_EDGE('',*,*,#644,.T.);
#852=ORIENTED_EDGE('',*,*,#645,.F.);
#853=ORIENTED_EDGE('',*,*,#646,.T.);
#854=ORIENTED_EDGE('',*,*,#647,.T.);
#855=ORIENTED_EDGE('',*,*,#648,.T.);
#856=ORIENTED_EDGE('',*,*,#649,.F.);
#857=ORIENTED_EDGE('',*,*,#650,.T.);
#858=ORIENTED_EDGE('',*,*,#651,.T.);
#859=ORIENTED_EDGE('',*,*,#652,.T.);
#860=ORIENTED_EDGE('',*,*,#647,.F.);
#861=ORIENTED_EDGE('',*,*,#653,.T.);
#862=ORIENTED_EDGE('',*,*,#654,.T.);
#863=ORIENTED_EDGE('',*,*,#655,.T.);
#864=ORIENTED_EDGE('',*,*,#651,.F.);
#865=ORIENTED_EDGE('',*,*,#656,.T.);
#866=ORIENTED_EDGE('',*,*,#657,.T.);
#867=ORIENTED_EDGE('',*,*,#658,.T.);
#868=ORIENTED_EDGE('',*,*,#654,.F.);
#869=ORIENTED_EDGE('',*,*,#659,.T.);
#870=ORIENTED_EDGE('',*,*,#660,.F.);
#871=ORIENTED_EDGE('',*,*,#661,.T.);
#872=ORIENTED_EDGE('',*,*,#662,.F.);
#873=ORIENTED_EDGE('',*,*,#663,.T.);
#874=ORIENTED_EDGE('',*,*,#664,.T.);
#875=ORIENTED_EDGE('',*,*,#665,.T.);
#876=ORIENTED_EDGE('',*,*,#666,.F.);
#877=ORIENTED_EDGE('',*,*,#667,.T.);
#878=ORIENTED_EDGE('',*,*,#668,.T.);
#879=ORIENTED_EDGE('',*,*,#669,.T.);
#880=ORIENTED_EDGE('',*,*,#664,.F.);
#881=ORIENTED_EDGE('',*,*,#670,.T.);
#882=ORIENTED_EDGE('',*,*,#671,.T.);
#883=ORIENTED_EDGE('',*,*,#672,.T.);
#884=ORIENTED_EDGE('',*,*,#668,.F.);
#885=ORIENTED_EDGE('',*,*,#673,.T.);
#886=ORIENTED_EDGE('',*,*,#674,.T.);
#887=ORIENTED_EDGE('',*,*,#675,.T.);
#888=ORIENTED_EDGE('',*,*,#671,.F.);
#889=ORIENTED_EDGE('',*,*,#676,.T.);
#890=ORIENTED_EDGE('',*,*,#677,.F.);
#891=ORIENTED_EDGE('',*,*,#678,.T.);
#892=ORIENTED_EDGE('',*,*,#679,.F.);
#893=ORIENTED_EDGE('',*,*,#680,.T.);
#894=ORIENTED_EDGE('',*,*,#681,.T.);
#895=ORIENTED_EDGE('',*,*,#682,.T.);
#896=ORIENTED_EDGE('',*,*,#683,.F.);
#897=ORIENTED_EDGE('',*,*,#684,.F.);
#898=ORIENTED_EDGE('',*,*,#685,.T.);
#899=ORIENTED_EDGE('',*,*,#686,.T.);
#900=ORIENTED_EDGE('',*,*,#681,.F.);
#901=ORIENTED_EDGE('',*,*,#687,.F.);
#902=ORIENTED_EDGE('',*,*,#688,.T.);
#903=ORIENTED_EDGE('',*,*,#689,.T.);
#904=ORIENTED_EDGE('',*,*,#685,.F.);
#905=ORIENTED_EDGE('',*,*,#690,.F.);
#906=ORIENTED_EDGE('',*,*,#691,.T.);
#907=ORIENTED_EDGE('',*,*,#692,.T.);
#908=ORIENTED_EDGE('',*,*,#688,.F.);
#909=ORIENTED_EDGE('',*,*,#693,.F.);
#910=ORIENTED_EDGE('',*,*,#694,.T.);
#911=ORIENTED_EDGE('',*,*,#695,.T.);
#912=ORIENTED_EDGE('',*,*,#691,.F.);
#913=ORIENTED_EDGE('',*,*,#696,.F.);
#914=ORIENTED_EDGE('',*,*,#697,.F.);
#915=ORIENTED_EDGE('',*,*,#698,.F.);
#916=ORIENTED_EDGE('',*,*,#699,.F.);
#917=ORIENTED_EDGE('',*,*,#700,.T.);
#918=ORIENTED_EDGE('',*,*,#701,.T.);
#919=ORIENTED_EDGE('',*,*,#702,.T.);
#920=ORIENTED_EDGE('',*,*,#703,.F.);
#921=ORIENTED_EDGE('',*,*,#704,.F.);
#922=ORIENTED_EDGE('',*,*,#705,.T.);
#923=ORIENTED_EDGE('',*,*,#706,.T.);
#924=ORIENTED_EDGE('',*,*,#701,.F.);
#925=ORIENTED_EDGE('',*,*,#707,.F.);
#926=ORIENTED_EDGE('',*,*,#708,.T.);
#927=ORIENTED_EDGE('',*,*,#709,.T.);
#928=ORIENTED_EDGE('',*,*,#705,.F.);
#929=ORIENTED_EDGE('',*,*,#710,.F.);
#930=ORIENTED_EDGE('',*,*,#711,.T.);
#931=ORIENTED_EDGE('',*,*,#712,.T.);
#932=ORIENTED_EDGE('',*,*,#708,.F.);
#933=ORIENTED_EDGE('',*,*,#713,.F.);
#934=ORIENTED_EDGE('',*,*,#714,.T.);
#935=ORIENTED_EDGE('',*,*,#715,.T.);
#936=ORIENTED_EDGE('',*,*,#711,.F.);
#937=ORIENTED_EDGE('',*,*,#716,.F.);
#938=ORIENTED_EDGE('',*,*,#717,.F.);
#939=ORIENTED_EDGE('',*,*,#718,.F.);
#940=ORIENTED_EDGE('',*,*,#719,.F.);
#941=ORIENTED_EDGE('',*,*,#720,.T.);
#942=ORIENTED_EDGE('',*,*,#721,.T.);
#943=ORIENTED_EDGE('',*,*,#722,.T.);
#944=ORIENTED_EDGE('',*,*,#723,.F.);
#945=ORIENTED_EDGE('',*,*,#724,.F.);
#946=ORIENTED_EDGE('',*,*,#725,.T.);
#947=ORIENTED_EDGE('',*,*,#726,.T.);
#948=ORIENTED_EDGE('',*,*,#721,.F.);
#949=ORIENTED_EDGE('',*,*,#727,.F.);
#950=ORIENTED_EDGE('',*,*,#728,.T.);
#951=ORIENTED_EDGE('',*,*,#729,.T.);
#952=ORIENTED_EDGE('',*,*,#725,.F.);
#953=ORIENTED_EDGE('',*,*,#730,.F.);
#954=ORIENTED_EDGE('',*,*,#731,.T.);
#955=ORIENTED_EDGE('',*,*,#732,.T.);
#956=ORIENTED_EDGE('',*,*,#728,.F.);
#957=ORIENTED_EDGE('',*,*,#733,.F.);
#958=ORIENTED_EDGE('',*,*,#734,.T.);
#959=ORIENTED_EDGE('',*,*,#735,.T.);
#960=ORIENTED_EDGE('',*,*,#731,.F.);
#961=ORIENTED_EDGE('',*,*,#736,.F.);
#962=ORIENTED_EDGE('',*,*,#737,.F.);
#963=ORIENTED_EDGE('',*,*,#738,.F.);
#964=ORIENTED_EDGE('',*,*,#739,.F.);
#965=ORIENTED_EDGE('',*,*,#740,.T.);
#966=ORIENTED_EDGE('',*,*,#737,.T.);
#967=ORIENTED_EDGE('',*,*,#741,.T.);
#968=ORIENTED_EDGE('',*,*,#734,.F.);
#969=ORIENTED_EDGE('',*,*,#742,.F.);
#970=ORIENTED_EDGE('',*,*,#743,.F.);
#971=ORIENTED_EDGE('',*,*,#722,.F.);
#972=ORIENTED_EDGE('',*,*,#726,.F.);
#973=ORIENTED_EDGE('',*,*,#729,.F.);
#974=ORIENTED_EDGE('',*,*,#732,.F.);
#975=ORIENTED_EDGE('',*,*,#735,.F.);
#976=ORIENTED_EDGE('',*,*,#741,.F.);
#977=ORIENTED_EDGE('',*,*,#740,.F.);
#978=ORIENTED_EDGE('',*,*,#744,.F.);
#979=ORIENTED_EDGE('',*,*,#648,.F.);
#980=ORIENTED_EDGE('',*,*,#652,.F.);
#981=ORIENTED_EDGE('',*,*,#655,.F.);
#982=ORIENTED_EDGE('',*,*,#658,.F.);
#983=ORIENTED_EDGE('',*,*,#745,.F.);
#984=ORIENTED_EDGE('',*,*,#663,.F.);
#985=ORIENTED_EDGE('',*,*,#746,.F.);
#986=ORIENTED_EDGE('',*,*,#661,.F.);
#987=ORIENTED_EDGE('',*,*,#747,.F.);
#988=ORIENTED_EDGE('',*,*,#659,.F.);
#989=ORIENTED_EDGE('',*,*,#656,.F.);
#990=ORIENTED_EDGE('',*,*,#653,.F.);
#991=ORIENTED_EDGE('',*,*,#650,.F.);
#992=ORIENTED_EDGE('',*,*,#748,.F.);
#993=ORIENTED_EDGE('',*,*,#738,.T.);
#994=ORIENTED_EDGE('',*,*,#742,.T.);
#995=ORIENTED_EDGE('',*,*,#736,.T.);
#996=ORIENTED_EDGE('',*,*,#733,.T.);
#997=ORIENTED_EDGE('',*,*,#730,.T.);
#998=ORIENTED_EDGE('',*,*,#727,.T.);
#999=ORIENTED_EDGE('',*,*,#724,.T.);
#1000=ORIENTED_EDGE('',*,*,#717,.T.);
#1001=ORIENTED_EDGE('',*,*,#749,.T.);
#1002=ORIENTED_EDGE('',*,*,#714,.F.);
#1003=ORIENTED_EDGE('',*,*,#750,.F.);
#1004=ORIENTED_EDGE('',*,*,#751,.F.);
#1005=ORIENTED_EDGE('',*,*,#702,.F.);
#1006=ORIENTED_EDGE('',*,*,#706,.F.);
#1007=ORIENTED_EDGE('',*,*,#709,.F.);
#1008=ORIENTED_EDGE('',*,*,#712,.F.);
#1009=ORIENTED_EDGE('',*,*,#715,.F.);
#1010=ORIENTED_EDGE('',*,*,#749,.F.);
#1011=ORIENTED_EDGE('',*,*,#720,.F.);
#1012=ORIENTED_EDGE('',*,*,#752,.F.);
#1013=ORIENTED_EDGE('',*,*,#665,.F.);
#1014=ORIENTED_EDGE('',*,*,#669,.F.);
#1015=ORIENTED_EDGE('',*,*,#672,.F.);
#1016=ORIENTED_EDGE('',*,*,#675,.F.);
#1017=ORIENTED_EDGE('',*,*,#753,.F.);
#1018=ORIENTED_EDGE('',*,*,#680,.F.);
#1019=ORIENTED_EDGE('',*,*,#754,.F.);
#1020=ORIENTED_EDGE('',*,*,#678,.F.);
#1021=ORIENTED_EDGE('',*,*,#755,.F.);
#1022=ORIENTED_EDGE('',*,*,#676,.F.);
#1023=ORIENTED_EDGE('',*,*,#673,.F.);
#1024=ORIENTED_EDGE('',*,*,#670,.F.);
#1025=ORIENTED_EDGE('',*,*,#667,.F.);
#1026=ORIENTED_EDGE('',*,*,#756,.F.);
#1027=ORIENTED_EDGE('',*,*,#718,.T.);
#1028=ORIENTED_EDGE('',*,*,#750,.T.);
#1029=ORIENTED_EDGE('',*,*,#716,.T.);
#1030=ORIENTED_EDGE('',*,*,#713,.T.);
#1031=ORIENTED_EDGE('',*,*,#710,.T.);
#1032=ORIENTED_EDGE('',*,*,#707,.T.);
#1033=ORIENTED_EDGE('',*,*,#704,.T.);
#1034=ORIENTED_EDGE('',*,*,#697,.T.);
#1035=ORIENTED_EDGE('',*,*,#757,.T.);
#1036=ORIENTED_EDGE('',*,*,#694,.F.);
#1037=ORIENTED_EDGE('',*,*,#758,.F.);
#1038=ORIENTED_EDGE('',*,*,#759,.F.);
#1039=ORIENTED_EDGE('',*,*,#682,.F.);
#1040=ORIENTED_EDGE('',*,*,#686,.F.);
#1041=ORIENTED_EDGE('',*,*,#689,.F.);
#1042=ORIENTED_EDGE('',*,*,#692,.F.);
#1043=ORIENTED_EDGE('',*,*,#695,.F.);
#1044=ORIENTED_EDGE('',*,*,#757,.F.);
#1045=ORIENTED_EDGE('',*,*,#700,.F.);
#1046=ORIENTED_EDGE('',*,*,#760,.F.);
#1047=ORIENTED_EDGE('',*,*,#631,.F.);
#1048=ORIENTED_EDGE('',*,*,#635,.F.);
#1049=ORIENTED_EDGE('',*,*,#638,.F.);
#1050=ORIENTED_EDGE('',*,*,#641,.F.);
#1051=ORIENTED_EDGE('',*,*,#761,.F.);
#1052=ORIENTED_EDGE('',*,*,#646,.F.);
#1053=ORIENTED_EDGE('',*,*,#762,.F.);
#1054=ORIENTED_EDGE('',*,*,#644,.F.);
#1055=ORIENTED_EDGE('',*,*,#763,.F.);
#1056=ORIENTED_EDGE('',*,*,#642,.F.);
#1057=ORIENTED_EDGE('',*,*,#639,.F.);
#1058=ORIENTED_EDGE('',*,*,#636,.F.);
#1059=ORIENTED_EDGE('',*,*,#633,.F.);
#1060=ORIENTED_EDGE('',*,*,#764,.F.);
#1061=ORIENTED_EDGE('',*,*,#698,.T.);
#1062=ORIENTED_EDGE('',*,*,#758,.T.);
#1063=ORIENTED_EDGE('',*,*,#696,.T.);
#1064=ORIENTED_EDGE('',*,*,#693,.T.);
#1065=ORIENTED_EDGE('',*,*,#690,.T.);
#1066=ORIENTED_EDGE('',*,*,#687,.T.);
#1067=ORIENTED_EDGE('',*,*,#684,.T.);
#1068=ORIENTED_EDGE('',*,*,#677,.T.);
#1069=ORIENTED_EDGE('',*,*,#753,.T.);
#1070=ORIENTED_EDGE('',*,*,#674,.F.);
#1071=ORIENTED_EDGE('',*,*,#755,.T.);
#1072=ORIENTED_EDGE('',*,*,#765,.F.);
#1073=ORIENTED_EDGE('',*,*,#766,.T.);
#1074=ORIENTED_EDGE('',*,*,#767,.F.);
#1075=ORIENTED_EDGE('',*,*,#766,.F.);
#1076=ORIENTED_EDGE('',*,*,#765,.T.);
#1077=ORIENTED_EDGE('',*,*,#751,.T.);
#1078=ORIENTED_EDGE('',*,*,#679,.T.);
#1079=ORIENTED_EDGE('',*,*,#754,.T.);
#1080=ORIENTED_EDGE('',*,*,#703,.T.);
#1081=ORIENTED_EDGE('',*,*,#666,.T.);
#1082=ORIENTED_EDGE('',*,*,#752,.T.);
#1083=ORIENTED_EDGE('',*,*,#719,.T.);
#1084=ORIENTED_EDGE('',*,*,#756,.T.);
#1085=ORIENTED_EDGE('',*,*,#660,.T.);
#1086=ORIENTED_EDGE('',*,*,#745,.T.);
#1087=ORIENTED_EDGE('',*,*,#657,.F.);
#1088=ORIENTED_EDGE('',*,*,#747,.T.);
#1089=ORIENTED_EDGE('',*,*,#768,.F.);
#1090=ORIENTED_EDGE('',*,*,#769,.T.);
#1091=ORIENTED_EDGE('',*,*,#770,.F.);
#1092=ORIENTED_EDGE('',*,*,#769,.F.);
#1093=ORIENTED_EDGE('',*,*,#768,.T.);
#1094=ORIENTED_EDGE('',*,*,#743,.T.);
#1095=ORIENTED_EDGE('',*,*,#662,.T.);
#1096=ORIENTED_EDGE('',*,*,#746,.T.);
#1097=ORIENTED_EDGE('',*,*,#723,.T.);
#1098=ORIENTED_EDGE('',*,*,#771,.F.);
#1099=ORIENTED_EDGE('',*,*,#772,.F.);
#1100=ORIENTED_EDGE('',*,*,#773,.F.);
#1101=ORIENTED_EDGE('',*,*,#774,.F.);
#1102=ORIENTED_EDGE('',*,*,#775,.F.);
#1103=ORIENTED_EDGE('',*,*,#776,.F.);
#1104=ORIENTED_EDGE('',*,*,#777,.F.);
#1105=ORIENTED_EDGE('',*,*,#778,.F.);
#1106=ORIENTED_EDGE('',*,*,#770,.T.);
#1107=ORIENTED_EDGE('',*,*,#779,.F.);
#1108=ORIENTED_EDGE('',*,*,#780,.F.);
#1109=ORIENTED_EDGE('',*,*,#781,.F.);
#1110=ORIENTED_EDGE('',*,*,#782,.F.);
#1111=ORIENTED_EDGE('',*,*,#783,.F.);
#1112=ORIENTED_EDGE('',*,*,#784,.F.);
#1113=ORIENTED_EDGE('',*,*,#785,.F.);
#1114=ORIENTED_EDGE('',*,*,#786,.F.);
#1115=ORIENTED_EDGE('',*,*,#787,.F.);
#1116=ORIENTED_EDGE('',*,*,#788,.F.);
#1117=ORIENTED_EDGE('',*,*,#789,.F.);
#1118=ORIENTED_EDGE('',*,*,#790,.F.);
#1119=ORIENTED_EDGE('',*,*,#791,.T.);
#1120=ORIENTED_EDGE('',*,*,#767,.T.);
#1121=ORIENTED_EDGE('',*,*,#643,.T.);
#1122=ORIENTED_EDGE('',*,*,#761,.T.);
#1123=ORIENTED_EDGE('',*,*,#640,.F.);
#1124=ORIENTED_EDGE('',*,*,#763,.T.);
#1125=ORIENTED_EDGE('',*,*,#792,.F.);
#1126=ORIENTED_EDGE('',*,*,#793,.T.);
#1127=ORIENTED_EDGE('',*,*,#791,.F.);
#1128=ORIENTED_EDGE('',*,*,#793,.F.);
#1129=ORIENTED_EDGE('',*,*,#792,.T.);
#1130=ORIENTED_EDGE('',*,*,#759,.T.);
#1131=ORIENTED_EDGE('',*,*,#645,.T.);
#1132=ORIENTED_EDGE('',*,*,#762,.T.);
#1133=ORIENTED_EDGE('',*,*,#683,.T.);
#1134=ORIENTED_EDGE('',*,*,#649,.T.);
#1135=ORIENTED_EDGE('',*,*,#744,.T.);
#1136=ORIENTED_EDGE('',*,*,#739,.T.);
#1137=ORIENTED_EDGE('',*,*,#748,.T.);
#1138=ORIENTED_EDGE('',*,*,#780,.T.);
#1139=ORIENTED_EDGE('',*,*,#794,.T.);
#1140=ORIENTED_EDGE('',*,*,#795,.F.);
#1141=ORIENTED_EDGE('',*,*,#796,.F.);
#1142=ORIENTED_EDGE('',*,*,#781,.T.);
#1143=ORIENTED_EDGE('',*,*,#796,.T.);
#1144=ORIENTED_EDGE('',*,*,#797,.F.);
#1145=ORIENTED_EDGE('',*,*,#798,.F.);
#1146=ORIENTED_EDGE('',*,*,#779,.T.);
#1147=ORIENTED_EDGE('',*,*,#798,.T.);
#1148=ORIENTED_EDGE('',*,*,#799,.F.);
#1149=ORIENTED_EDGE('',*,*,#794,.F.);
#1150=ORIENTED_EDGE('',*,*,#783,.T.);
#1151=ORIENTED_EDGE('',*,*,#800,.T.);
#1152=ORIENTED_EDGE('',*,*,#801,.F.);
#1153=ORIENTED_EDGE('',*,*,#802,.F.);
#1154=ORIENTED_EDGE('',*,*,#784,.T.);
#1155=ORIENTED_EDGE('',*,*,#802,.T.);
#1156=ORIENTED_EDGE('',*,*,#803,.F.);
#1157=ORIENTED_EDGE('',*,*,#804,.F.);
#1158=ORIENTED_EDGE('',*,*,#785,.T.);
#1159=ORIENTED_EDGE('',*,*,#804,.T.);
#1160=ORIENTED_EDGE('',*,*,#805,.F.);
#1161=ORIENTED_EDGE('',*,*,#806,.F.);
#1162=ORIENTED_EDGE('',*,*,#782,.T.);
#1163=ORIENTED_EDGE('',*,*,#806,.T.);
#1164=ORIENTED_EDGE('',*,*,#807,.F.);
#1165=ORIENTED_EDGE('',*,*,#800,.F.);
#1166=ORIENTED_EDGE('',*,*,#787,.T.);
#1167=ORIENTED_EDGE('',*,*,#808,.T.);
#1168=ORIENTED_EDGE('',*,*,#809,.F.);
#1169=ORIENTED_EDGE('',*,*,#810,.F.);
#1170=ORIENTED_EDGE('',*,*,#788,.T.);
#1171=ORIENTED_EDGE('',*,*,#810,.T.);
#1172=ORIENTED_EDGE('',*,*,#811,.F.);
#1173=ORIENTED_EDGE('',*,*,#812,.F.);
#1174=ORIENTED_EDGE('',*,*,#789,.T.);
#1175=ORIENTED_EDGE('',*,*,#812,.T.);
#1176=ORIENTED_EDGE('',*,*,#813,.F.);
#1177=ORIENTED_EDGE('',*,*,#814,.F.);
#1178=ORIENTED_EDGE('',*,*,#790,.T.);
#1179=ORIENTED_EDGE('',*,*,#814,.T.);
#1180=ORIENTED_EDGE('',*,*,#815,.F.);
#1181=ORIENTED_EDGE('',*,*,#816,.F.);
#1182=ORIENTED_EDGE('',*,*,#786,.T.);
#1183=ORIENTED_EDGE('',*,*,#816,.T.);
#1184=ORIENTED_EDGE('',*,*,#817,.F.);
#1185=ORIENTED_EDGE('',*,*,#808,.F.);
#1186=ORIENTED_EDGE('',*,*,#772,.T.);
#1187=ORIENTED_EDGE('',*,*,#818,.T.);
#1188=ORIENTED_EDGE('',*,*,#819,.F.);
#1189=ORIENTED_EDGE('',*,*,#820,.F.);
#1190=ORIENTED_EDGE('',*,*,#773,.T.);
#1191=ORIENTED_EDGE('',*,*,#820,.T.);
#1192=ORIENTED_EDGE('',*,*,#821,.F.);
#1193=ORIENTED_EDGE('',*,*,#822,.F.);
#1194=ORIENTED_EDGE('',*,*,#774,.T.);
#1195=ORIENTED_EDGE('',*,*,#822,.T.);
#1196=ORIENTED_EDGE('',*,*,#823,.F.);
#1197=ORIENTED_EDGE('',*,*,#824,.F.);
#1198=ORIENTED_EDGE('',*,*,#775,.T.);
#1199=ORIENTED_EDGE('',*,*,#824,.T.);
#1200=ORIENTED_EDGE('',*,*,#825,.F.);
#1201=ORIENTED_EDGE('',*,*,#826,.F.);
#1202=ORIENTED_EDGE('',*,*,#776,.T.);
#1203=ORIENTED_EDGE('',*,*,#826,.T.);
#1204=ORIENTED_EDGE('',*,*,#827,.F.);
#1205=ORIENTED_EDGE('',*,*,#828,.F.);
#1206=ORIENTED_EDGE('',*,*,#777,.T.);
#1207=ORIENTED_EDGE('',*,*,#828,.T.);
#1208=ORIENTED_EDGE('',*,*,#829,.F.);
#1209=ORIENTED_EDGE('',*,*,#830,.F.);
#1210=ORIENTED_EDGE('',*,*,#778,.T.);
#1211=ORIENTED_EDGE('',*,*,#830,.T.);
#1212=ORIENTED_EDGE('',*,*,#831,.F.);
#1213=ORIENTED_EDGE('',*,*,#832,.F.);
#1214=ORIENTED_EDGE('',*,*,#771,.T.);
#1215=ORIENTED_EDGE('',*,*,#832,.T.);
#1216=ORIENTED_EDGE('',*,*,#833,.F.);
#1217=ORIENTED_EDGE('',*,*,#818,.F.);
#1218=ORIENTED_EDGE('',*,*,#833,.T.);
#1219=ORIENTED_EDGE('',*,*,#831,.T.);
#1220=ORIENTED_EDGE('',*,*,#829,.T.);
#1221=ORIENTED_EDGE('',*,*,#827,.T.);
#1222=ORIENTED_EDGE('',*,*,#825,.T.);
#1223=ORIENTED_EDGE('',*,*,#823,.T.);
#1224=ORIENTED_EDGE('',*,*,#821,.T.);
#1225=ORIENTED_EDGE('',*,*,#819,.T.);
#1226=ORIENTED_EDGE('',*,*,#817,.T.);
#1227=ORIENTED_EDGE('',*,*,#815,.T.);
#1228=ORIENTED_EDGE('',*,*,#813,.T.);
#1229=ORIENTED_EDGE('',*,*,#811,.T.);
#1230=ORIENTED_EDGE('',*,*,#809,.T.);
#1231=ORIENTED_EDGE('',*,*,#807,.T.);
#1232=ORIENTED_EDGE('',*,*,#805,.T.);
#1233=ORIENTED_EDGE('',*,*,#803,.T.);
#1234=ORIENTED_EDGE('',*,*,#801,.T.);
#1235=ORIENTED_EDGE('',*,*,#799,.T.);
#1236=ORIENTED_EDGE('',*,*,#797,.T.);
#1237=ORIENTED_EDGE('',*,*,#795,.T.);
#1238=ORIENTED_EDGE('',*,*,#632,.T.);
#1239=ORIENTED_EDGE('',*,*,#760,.T.);
#1240=ORIENTED_EDGE('',*,*,#699,.T.);
#1241=ORIENTED_EDGE('',*,*,#764,.T.);
#1242=CYLINDRICAL_SURFACE('',#1367,1.2645);
#1243=CYLINDRICAL_SURFACE('',#1369,1.2645);
#1244=CYLINDRICAL_SURFACE('',#1370,1.2645);
#1245=CYLINDRICAL_SURFACE('',#1371,1.2645);
#1246=CYLINDRICAL_SURFACE('',#1372,1.2645);
#1247=CYLINDRICAL_SURFACE('',#1374,1.2645);
#1248=CYLINDRICAL_SURFACE('',#1376,1.2645);
#1249=CYLINDRICAL_SURFACE('',#1377,1.2645);
#1250=CYLINDRICAL_SURFACE('',#1378,1.2645);
#1251=CYLINDRICAL_SURFACE('',#1379,1.2645);
#1252=CYLINDRICAL_SURFACE('',#1381,1.2645);
#1253=CYLINDRICAL_SURFACE('',#1383,1.2645);
#1254=CYLINDRICAL_SURFACE('',#1384,1.2645);
#1255=CYLINDRICAL_SURFACE('',#1385,1.2645);
#1256=CYLINDRICAL_SURFACE('',#1386,1.2645);
#1257=CYLINDRICAL_SURFACE('',#1388,1.54299999999999);
#1258=CYLINDRICAL_SURFACE('',#1390,1.54299999999999);
#1259=CYLINDRICAL_SURFACE('',#1391,1.54299999999999);
#1260=CYLINDRICAL_SURFACE('',#1392,1.54299999999999);
#1261=CYLINDRICAL_SURFACE('',#1393,1.54299999999999);
#1262=CYLINDRICAL_SURFACE('',#1394,1.54299999999999);
#1263=CYLINDRICAL_SURFACE('',#1396,1.54299999999999);
#1264=CYLINDRICAL_SURFACE('',#1398,1.54299999999999);
#1265=CYLINDRICAL_SURFACE('',#1399,1.54299999999999);
#1266=CYLINDRICAL_SURFACE('',#1400,1.54299999999999);
#1267=CYLINDRICAL_SURFACE('',#1401,1.54299999999999);
#1268=CYLINDRICAL_SURFACE('',#1402,1.54299999999999);
#1269=CYLINDRICAL_SURFACE('',#1404,1.543);
#1270=CYLINDRICAL_SURFACE('',#1406,1.543);
#1271=CYLINDRICAL_SURFACE('',#1407,1.543);
#1272=CYLINDRICAL_SURFACE('',#1408,1.543);
#1273=CYLINDRICAL_SURFACE('',#1409,1.543);
#1274=CYLINDRICAL_SURFACE('',#1410,1.543);
#1275=CYLINDRICAL_SURFACE('',#1412,1.543);
#1276=CYLINDRICAL_SURFACE('',#1413,1.54299999999999);
#1277=CYLINDRICAL_SURFACE('',#1414,1.54299999999999);
#1278=CYLINDRICAL_SURFACE('',#1415,1.2645);
#1279=CYLINDRICAL_SURFACE('',#1416,1.75000000000001);
#1280=CYLINDRICAL_SURFACE('',#1421,1.2645);
#1281=CYLINDRICAL_SURFACE('',#1422,1.75);
#1282=CYLINDRICAL_SURFACE('',#1433,1.2645);
#1283=CYLINDRICAL_SURFACE('',#1434,1.74999999999999);
#1284=CYLINDRICAL_SURFACE('',#1441,0.158700591152314);
#1285=CYLINDRICAL_SURFACE('',#1444,7.27501856297666);
#1286=CYLINDRICAL_SURFACE('',#1447,7.27501856297662);
#1287=CYLINDRICAL_SURFACE('',#1450,7.27501856297664);
#1288=CYLINDRICAL_SURFACE('',#1453,7.27501856297661);
#1289=ADVANCED_FACE('',(#72),#1242,.F.);
#1290=ADVANCED_FACE('',(#73),#1243,.F.);
#1291=ADVANCED_FACE('',(#74),#1244,.F.);
#1292=ADVANCED_FACE('',(#75),#1245,.F.);
#1293=ADVANCED_FACE('',(#76),#1246,.F.);
#1294=ADVANCED_FACE('',(#77),#1247,.F.);
#1295=ADVANCED_FACE('',(#78),#1248,.F.);
#1296=ADVANCED_FACE('',(#79),#1249,.F.);
#1297=ADVANCED_FACE('',(#80),#1250,.F.);
#1298=ADVANCED_FACE('',(#81),#1251,.F.);
#1299=ADVANCED_FACE('',(#82),#1252,.F.);
#1300=ADVANCED_FACE('',(#83),#1253,.F.);
#1301=ADVANCED_FACE('',(#84),#1254,.F.);
#1302=ADVANCED_FACE('',(#85),#1255,.F.);
#1303=ADVANCED_FACE('',(#86),#1256,.F.);
#1304=ADVANCED_FACE('',(#87),#1257,.F.);
#1305=ADVANCED_FACE('',(#88),#1258,.F.);
#1306=ADVANCED_FACE('',(#89),#1259,.F.);
#1307=ADVANCED_FACE('',(#90),#1260,.F.);
#1308=ADVANCED_FACE('',(#91),#1261,.F.);
#1309=ADVANCED_FACE('',(#92),#1262,.F.);
#1310=ADVANCED_FACE('',(#93),#1263,.F.);
#1311=ADVANCED_FACE('',(#94),#1264,.F.);
#1312=ADVANCED_FACE('',(#95),#1265,.F.);
#1313=ADVANCED_FACE('',(#96),#1266,.F.);
#1314=ADVANCED_FACE('',(#97),#1267,.F.);
#1315=ADVANCED_FACE('',(#98),#1268,.F.);
#1316=ADVANCED_FACE('',(#99),#1269,.F.);
#1317=ADVANCED_FACE('',(#100),#1270,.F.);
#1318=ADVANCED_FACE('',(#101),#1271,.F.);
#1319=ADVANCED_FACE('',(#102),#1272,.F.);
#1320=ADVANCED_FACE('',(#103),#1273,.F.);
#1321=ADVANCED_FACE('',(#104),#1274,.F.);
#1322=ADVANCED_FACE('',(#105),#1275,.F.);
#1323=ADVANCED_FACE('',(#106),#66,.F.);
#1324=ADVANCED_FACE('',(#107),#67,.F.);
#1325=ADVANCED_FACE('',(#108),#1276,.F.);
#1326=ADVANCED_FACE('',(#109),#68,.F.);
#1327=ADVANCED_FACE('',(#110),#69,.F.);
#1328=ADVANCED_FACE('',(#111),#1277,.F.);
#1329=ADVANCED_FACE('',(#112),#70,.F.);
#1330=ADVANCED_FACE('',(#113),#71,.F.);
#1331=ADVANCED_FACE('',(#114),#1278,.F.);
#1332=ADVANCED_FACE('',(#115),#1279,.T.);
#1333=ADVANCED_FACE('',(#116,#39),#51,.T.);
#1334=ADVANCED_FACE('',(#117),#52,.F.);
#1335=ADVANCED_FACE('',(#118),#1280,.F.);
#1336=ADVANCED_FACE('',(#119),#1281,.T.);
#1337=ADVANCED_FACE('',(#120,#40),#53,.T.);
#1338=ADVANCED_FACE('',(#121,#41,#42,#43,#44,#45,#46),#54,.F.);
#1339=ADVANCED_FACE('',(#122),#1282,.F.);
#1340=ADVANCED_FACE('',(#123),#1283,.T.);
#1341=ADVANCED_FACE('',(#124,#47),#55,.T.);
#1342=ADVANCED_FACE('',(#125),#56,.F.);
#1343=ADVANCED_FACE('',(#126),#57,.T.);
#1344=ADVANCED_FACE('',(#127),#15,.T.);
#1345=ADVANCED_FACE('',(#128),#16,.T.);
#1346=ADVANCED_FACE('',(#129),#17,.T.);
#1347=ADVANCED_FACE('',(#130),#18,.T.);
#1348=ADVANCED_FACE('',(#131),#19,.T.);
#1349=ADVANCED_FACE('',(#132),#20,.T.);
#1350=ADVANCED_FACE('',(#133),#58,.T.);
#1351=ADVANCED_FACE('',(#134),#21,.T.);
#1352=ADVANCED_FACE('',(#135),#59,.T.);
#1353=ADVANCED_FACE('',(#136),#22,.T.);
#1354=ADVANCED_FACE('',(#137),#1284,.F.);
#1355=ADVANCED_FACE('',(#138),#60,.T.);
#1356=ADVANCED_FACE('',(#139),#1285,.T.);
#1357=ADVANCED_FACE('',(#140),#61,.T.);
#1358=ADVANCED_FACE('',(#141),#1286,.T.);
#1359=ADVANCED_FACE('',(#142),#62,.T.);
#1360=ADVANCED_FACE('',(#143),#1287,.T.);
#1361=ADVANCED_FACE('',(#144),#63,.T.);
#1362=ADVANCED_FACE('',(#145),#1288,.T.);
#1363=ADVANCED_FACE('',(#146,#48,#49,#50),#64,.T.);
#1364=ADVANCED_FACE('',(#147),#65,.F.);
#1365=CLOSED_SHELL('',(#1289,#1290,#1291,#1292,#1293,#1294,#1295,#1296,
#1297,#1298,#1299,#1300,#1301,#1302,#1303,#1304,#1305,#1306,#1307,#1308,
#1309,#1310,#1311,#1312,#1313,#1314,#1315,#1316,#1317,#1318,#1319,#1320,
#1321,#1322,#1323,#1324,#1325,#1326,#1327,#1328,#1329,#1330,#1331,#1332,
#1333,#1334,#1335,#1336,#1337,#1338,#1339,#1340,#1341,#1342,#1343,#1344,
#1345,#1346,#1347,#1348,#1349,#1350,#1351,#1352,#1353,#1354,#1355,#1356,
#1357,#1358,#1359,#1360,#1361,#1362,#1363,#1364));
#1366=AXIS2_PLACEMENT_3D('',#1709,#1457,#1458);
#1367=AXIS2_PLACEMENT_3D('',#1710,#1459,#1460);
#1368=AXIS2_PLACEMENT_3D('',#1729,#1462,#1463);
#1369=AXIS2_PLACEMENT_3D('',#1749,#1464,#1465);
#1370=AXIS2_PLACEMENT_3D('',#1803,#1467,#1468);
#1371=AXIS2_PLACEMENT_3D('',#1851,#1470,#1471);
#1372=AXIS2_PLACEMENT_3D('',#1905,#1473,#1474);
#1373=AXIS2_PLACEMENT_3D('',#1927,#1476,#1477);
#1374=AXIS2_PLACEMENT_3D('',#1950,#1478,#1479);
#1375=AXIS2_PLACEMENT_3D('',#1969,#1481,#1482);
#1376=AXIS2_PLACEMENT_3D('',#1989,#1483,#1484);
#1377=AXIS2_PLACEMENT_3D('',#2043,#1486,#1487);
#1378=AXIS2_PLACEMENT_3D('',#2091,#1489,#1490);
#1379=AXIS2_PLACEMENT_3D('',#2145,#1492,#1493);
#1380=AXIS2_PLACEMENT_3D('',#2167,#1495,#1496);
#1381=AXIS2_PLACEMENT_3D('',#2190,#1497,#1498);
#1382=AXIS2_PLACEMENT_3D('',#2209,#1500,#1501);
#1383=AXIS2_PLACEMENT_3D('',#2229,#1502,#1503);
#1384=AXIS2_PLACEMENT_3D('',#2283,#1505,#1506);
#1385=AXIS2_PLACEMENT_3D('',#2331,#1508,#1509);
#1386=AXIS2_PLACEMENT_3D('',#2385,#1511,#1512);
#1387=AXIS2_PLACEMENT_3D('',#2407,#1514,#1515);
#1388=AXIS2_PLACEMENT_3D('',#2430,#1516,#1517);
#1389=AXIS2_PLACEMENT_3D('',#2441,#1519,#1520);
#1390=AXIS2_PLACEMENT_3D('',#2448,#1521,#1522);
#1391=AXIS2_PLACEMENT_3D('',#2473,#1524,#1525);
#1392=AXIS2_PLACEMENT_3D('',#2498,#1527,#1528);
#1393=AXIS2_PLACEMENT_3D('',#2523,#1530,#1531);
#1394=AXIS2_PLACEMENT_3D('',#2548,#1533,#1534);
#1395=AXIS2_PLACEMENT_3D('',#2559,#1536,#1537);
#1396=AXIS2_PLACEMENT_3D('',#2565,#1538,#1539);
#1397=AXIS2_PLACEMENT_3D('',#2576,#1541,#1542);
#1398=AXIS2_PLACEMENT_3D('',#2583,#1543,#1544);
#1399=AXIS2_PLACEMENT_3D('',#2608,#1546,#1547);
#1400=AXIS2_PLACEMENT_3D('',#2633,#1549,#1550);
#1401=AXIS2_PLACEMENT_3D('',#2658,#1552,#1553);
#1402=AXIS2_PLACEMENT_3D('',#2683,#1555,#1556);
#1403=AXIS2_PLACEMENT_3D('',#2694,#1558,#1559);
#1404=AXIS2_PLACEMENT_3D('',#2700,#1560,#1561);
#1405=AXIS2_PLACEMENT_3D('',#2711,#1563,#1564);
#1406=AXIS2_PLACEMENT_3D('',#2718,#1565,#1566);
#1407=AXIS2_PLACEMENT_3D('',#2743,#1568,#1569);
#1408=AXIS2_PLACEMENT_3D('',#2768,#1571,#1572);
#1409=AXIS2_PLACEMENT_3D('',#2793,#1574,#1575);
#1410=AXIS2_PLACEMENT_3D('',#2818,#1577,#1578);
#1411=AXIS2_PLACEMENT_3D('',#2829,#1580,#1581);
#1412=AXIS2_PLACEMENT_3D('',#2835,#1582,#1583);
#1413=AXIS2_PLACEMENT_3D('',#3542,#1584,#1585);
#1414=AXIS2_PLACEMENT_3D('',#4249,#1586,#1587);
#1415=AXIS2_PLACEMENT_3D('',#4956,#1588,#1589);
#1416=AXIS2_PLACEMENT_3D('',#4957,#1590,#1591);
#1417=AXIS2_PLACEMENT_3D('',#4959,#1592,#1593);
#1418=AXIS2_PLACEMENT_3D('',#4962,#1595,#1596);
#1419=AXIS2_PLACEMENT_3D('',#4963,#1597,#1598);
#1420=AXIS2_PLACEMENT_3D('',#4964,#1599,#1600);
#1421=AXIS2_PLACEMENT_3D('',#4965,#1601,#1602);
#1422=AXIS2_PLACEMENT_3D('',#4966,#1603,#1604);
#1423=AXIS2_PLACEMENT_3D('',#4968,#1605,#1606);
#1424=AXIS2_PLACEMENT_3D('',#4971,#1608,#1609);
#1425=AXIS2_PLACEMENT_3D('',#4972,#1610,#1611);
#1426=AXIS2_PLACEMENT_3D('',#4973,#1612,#1613);
#1427=AXIS2_PLACEMENT_3D('',#4976,#1614,#1615);
#1428=AXIS2_PLACEMENT_3D('',#4980,#1617,#1618);
#1429=AXIS2_PLACEMENT_3D('',#4984,#1620,#1621);
#1430=AXIS2_PLACEMENT_3D('',#4988,#1623,#1624);
#1431=AXIS2_PLACEMENT_3D('',#5102,#1627,#1628);
#1432=AXIS2_PLACEMENT_3D('',#5153,#1631,#1632);
#1433=AXIS2_PLACEMENT_3D('',#5154,#1633,#1634);
#1434=AXIS2_PLACEMENT_3D('',#5155,#1635,#1636);
#1435=AXIS2_PLACEMENT_3D('',#5157,#1637,#1638);
#1436=AXIS2_PLACEMENT_3D('',#5159,#1640,#1641);
#1437=AXIS2_PLACEMENT_3D('',#5160,#1642,#1643);
#1438=AXIS2_PLACEMENT_3D('',#5161,#1644,#1645);
#1439=AXIS2_PLACEMENT_3D('',#5483,#1654,#1655);
#1440=AXIS2_PLACEMENT_3D('',#5551,#1660,#1661);
#1441=AXIS2_PLACEMENT_3D('',#5629,#1665,#1666);
#1442=AXIS2_PLACEMENT_3D('',#5630,#1667,#1668);
#1443=AXIS2_PLACEMENT_3D('',#5631,#1669,#1670);
#1444=AXIS2_PLACEMENT_3D('',#5637,#1674,#1675);
#1445=AXIS2_PLACEMENT_3D('',#5639,#1676,#1677);
#1446=AXIS2_PLACEMENT_3D('',#5641,#1679,#1680);
#1447=AXIS2_PLACEMENT_3D('',#5645,#1683,#1684);
#1448=AXIS2_PLACEMENT_3D('',#5647,#1685,#1686);
#1449=AXIS2_PLACEMENT_3D('',#5649,#1688,#1689);
#1450=AXIS2_PLACEMENT_3D('',#5653,#1692,#1693);
#1451=AXIS2_PLACEMENT_3D('',#5655,#1694,#1695);
#1452=AXIS2_PLACEMENT_3D('',#5657,#1697,#1698);
#1453=AXIS2_PLACEMENT_3D('',#5661,#1701,#1702);
#1454=AXIS2_PLACEMENT_3D('',#5662,#1703,#1704);
#1455=AXIS2_PLACEMENT_3D('',#5663,#1705,#1706);
#1456=AXIS2_PLACEMENT_3D('',#5664,#1707,#1708);
#1457=DIRECTION('axis',(0.,0.,1.));
#1458=DIRECTION('refdir',(1.,0.,0.));
#1459=DIRECTION('center_axis',(0.,0.,-1.));
#1460=DIRECTION('ref_axis',(0.937380603454591,-0.348306767472449,0.));
#1461=DIRECTION('',(0.,0.,1.));
#1462=DIRECTION('center_axis',(0.,0.,1.));
#1463=DIRECTION('ref_axis',(1.,0.,0.));
#1464=DIRECTION('center_axis',(0.,0.,-1.));
#1465=DIRECTION('ref_axis',(1.,0.,0.));
#1466=DIRECTION('',(0.,0.,1.));
#1467=DIRECTION('center_axis',(0.,0.,-1.));
#1468=DIRECTION('ref_axis',(1.,0.,0.));
#1469=DIRECTION('',(0.,0.,1.));
#1470=DIRECTION('center_axis',(0.,0.,-1.));
#1471=DIRECTION('ref_axis',(1.,0.,0.));
#1472=DIRECTION('',(0.,0.,1.));
#1473=DIRECTION('center_axis',(0.,0.,-1.));
#1474=DIRECTION('ref_axis',(0.999144444644643,0.0413567253992413,0.));
#1475=DIRECTION('',(0.,0.,1.));
#1476=DIRECTION('center_axis',(0.,0.,-1.));
#1477=DIRECTION('ref_axis',(1.,0.,0.));
#1478=DIRECTION('center_axis',(0.,0.,-1.));
#1479=DIRECTION('ref_axis',(0.937383021201252,-0.348300260642471,0.));
#1480=DIRECTION('',(0.,0.,1.));
#1481=DIRECTION('center_axis',(0.,0.,1.));
#1482=DIRECTION('ref_axis',(1.,0.,0.));
#1483=DIRECTION('center_axis',(0.,0.,-1.));
#1484=DIRECTION('ref_axis',(1.,0.,0.));
#1485=DIRECTION('',(0.,0.,1.));
#1486=DIRECTION('center_axis',(0.,0.,-1.));
#1487=DIRECTION('ref_axis',(1.,0.,0.));
#1488=DIRECTION('',(0.,0.,1.));
#1489=DIRECTION('center_axis',(0.,0.,-1.));
#1490=DIRECTION('ref_axis',(1.,0.,0.));
#1491=DIRECTION('',(0.,0.,1.));
#1492=DIRECTION('center_axis',(0.,0.,-1.));
#1493=DIRECTION('ref_axis',(0.999144758471586,0.0413491429023197,0.));
#1494=DIRECTION('',(0.,0.,1.));
#1495=DIRECTION('center_axis',(0.,0.,-1.));
#1496=DIRECTION('ref_axis',(1.,0.,0.));
#1497=DIRECTION('center_axis',(0.,0.,-1.));
#1498=DIRECTION('ref_axis',(0.93738316318524,-0.348299878519694,0.));
#1499=DIRECTION('',(0.,0.,1.));
#1500=DIRECTION('center_axis',(0.,0.,1.));
#1501=DIRECTION('ref_axis',(1.,0.,0.));
#1502=DIRECTION('center_axis',(0.,0.,-1.));
#1503=DIRECTION('ref_axis',(1.,0.,0.));
#1504=DIRECTION('',(0.,0.,1.));
#1505=DIRECTION('center_axis',(0.,0.,-1.));
#1506=DIRECTION('ref_axis',(1.,0.,0.));
#1507=DIRECTION('',(0.,0.,1.));
#1508=DIRECTION('center_axis',(0.,0.,-1.));
#1509=DIRECTION('ref_axis',(1.,0.,0.));
#1510=DIRECTION('',(0.,0.,1.));
#1511=DIRECTION('center_axis',(0.,0.,-1.));
#1512=DIRECTION('ref_axis',(0.999144779560101,0.0413486333244117,0.));
#1513=DIRECTION('',(0.,0.,1.));
#1514=DIRECTION('center_axis',(0.,0.,-1.));
#1515=DIRECTION('ref_axis',(1.,0.,0.));
#1516=DIRECTION('center_axis',(0.,0.,-1.));
#1517=DIRECTION('ref_axis',(-0.334095435996392,0.942539250984478,0.));
#1518=DIRECTION('',(1.22464679914735E-16,-2.12978345412769E-30,-1.));
#1519=DIRECTION('center_axis',(0.,0.,1.));
#1520=DIRECTION('ref_axis',(1.,-1.72685370000025E-14,0.));
#1521=DIRECTION('center_axis',(0.,0.,-1.));
#1522=DIRECTION('ref_axis',(1.,-1.72685370000025E-14,0.));
#1523=DIRECTION('',(1.22464679914735E-16,-2.12978345412769E-30,-1.));
#1524=DIRECTION('center_axis',(0.,0.,-1.));
#1525=DIRECTION('ref_axis',(1.,-1.72685370000025E-14,0.));
#1526=DIRECTION('',(1.22464679914735E-16,-2.12978345412769E-30,-1.));
#1527=DIRECTION('center_axis',(0.,0.,-1.));
#1528=DIRECTION('ref_axis',(1.,-1.72685370000025E-14,0.));
#1529=DIRECTION('',(1.22464679914735E-16,-2.12978345412769E-30,-1.));
#1530=DIRECTION('center_axis',(0.,0.,-1.));
#1531=DIRECTION('ref_axis',(1.,-1.72685370000025E-14,0.));
#1532=DIRECTION('',(1.22464679914735E-16,-2.12978345412769E-30,-1.));
#1533=DIRECTION('center_axis',(0.,0.,-1.));
#1534=DIRECTION('ref_axis',(-0.608994628521218,-0.793174345545986,0.));
#1535=DIRECTION('',(1.22464679914735E-16,-2.12978345412769E-30,-1.));
#1536=DIRECTION('center_axis',(0.,0.,-1.));
#1537=DIRECTION('ref_axis',(1.,-1.72685370000025E-14,0.));
#1538=DIRECTION('center_axis',(0.,0.,-1.));
#1539=DIRECTION('ref_axis',(-0.334087834985492,0.942541945228278,0.));
#1540=DIRECTION('',(1.22464679914735E-16,-1.49975978266186E-32,-1.));
#1541=DIRECTION('center_axis',(0.,0.,1.));
#1542=DIRECTION('ref_axis',(1.,0.,0.));
#1543=DIRECTION('center_axis',(0.,0.,-1.));
#1544=DIRECTION('ref_axis',(1.,0.,0.));
#1545=DIRECTION('',(1.22464679914735E-16,-1.49975978266186E-32,-1.));
#1546=DIRECTION('center_axis',(0.,0.,-1.));
#1547=DIRECTION('ref_axis',(1.,0.,0.));
#1548=DIRECTION('',(1.22464679914735E-16,-1.49975978266186E-32,-1.));
#1549=DIRECTION('center_axis',(0.,0.,-1.));
#1550=DIRECTION('ref_axis',(1.,0.,0.));
#1551=DIRECTION('',(1.22464679914735E-16,-1.49975978266186E-32,-1.));
#1552=DIRECTION('center_axis',(0.,0.,-1.));
#1553=DIRECTION('ref_axis',(1.,0.,0.));
#1554=DIRECTION('',(1.22464679914735E-16,-1.49975978266186E-32,-1.));
#1555=DIRECTION('center_axis',(0.,0.,-1.));
#1556=DIRECTION('ref_axis',(-0.608988027338185,-0.79317941385209,0.));
#1557=DIRECTION('',(1.22464679914735E-16,-1.49975978266186E-32,-1.));
#1558=DIRECTION('center_axis',(0.,0.,-1.));
#1559=DIRECTION('ref_axis',(1.,0.,0.));
#1560=DIRECTION('center_axis',(0.,0.,-1.));
#1561=DIRECTION('ref_axis',(-0.334088311298225,0.942541776397153,0.));
#1562=DIRECTION('',(1.22464679914735E-16,6.89931020940402E-31,-1.));
#1563=DIRECTION('center_axis',(0.,0.,1.));
#1564=DIRECTION('ref_axis',(1.,5.75617900000081E-15,0.));
#1565=DIRECTION('center_axis',(0.,0.,-1.));
#1566=DIRECTION('ref_axis',(1.,5.75617900000081E-15,0.));
#1567=DIRECTION('',(1.22464679914735E-16,6.89931020940402E-31,-1.));
#1568=DIRECTION('center_axis',(0.,0.,-1.));
#1569=DIRECTION('ref_axis',(1.,5.75617900000081E-15,0.));
#1570=DIRECTION('',(1.22464679914735E-16,6.89931020940402E-31,-1.));
#1571=DIRECTION('center_axis',(0.,0.,-1.));
#1572=DIRECTION('ref_axis',(1.,5.75617900000081E-15,0.));
#1573=DIRECTION('',(1.22464679914735E-16,6.89931020940402E-31,-1.));
#1574=DIRECTION('center_axis',(0.,0.,-1.));
#1575=DIRECTION('ref_axis',(1.,5.75617900000081E-15,0.));
#1576=DIRECTION('',(1.22464679914735E-16,6.89931020940402E-31,-1.));
#1577=DIRECTION('center_axis',(0.,0.,-1.));
#1578=DIRECTION('ref_axis',(-0.608988466709931,-0.793179076510649,0.));
#1579=DIRECTION('',(1.22464679914735E-16,6.89931020940402E-31,-1.));
#1580=DIRECTION('center_axis',(0.,0.,-1.));
#1581=DIRECTION('ref_axis',(1.,5.75617900000081E-15,0.));
#1582=DIRECTION('center_axis',(0.,0.,-1.));
#1583=DIRECTION('ref_axis',(1.,5.75617900000081E-15,0.));
#1584=DIRECTION('center_axis',(0.,0.,-1.));
#1585=DIRECTION('ref_axis',(1.,0.,0.));
#1586=DIRECTION('center_axis',(0.,0.,-1.));
#1587=DIRECTION('ref_axis',(1.,-1.72685370000025E-14,0.));
#1588=DIRECTION('center_axis',(0.,0.,-1.));
#1589=DIRECTION('ref_axis',(1.,0.,0.));
#1590=DIRECTION('center_axis',(0.,0.,-1.));
#1591=DIRECTION('ref_axis',(1.,0.,0.));
#1592=DIRECTION('center_axis',(0.,0.,-1.));
#1593=DIRECTION('ref_axis',(1.,0.,0.));
#1594=DIRECTION('',(0.,0.,1.));
#1595=DIRECTION('center_axis',(0.,0.,1.));
#1596=DIRECTION('ref_axis',(1.,0.,0.));
#1597=DIRECTION('center_axis',(0.,0.,-1.));
#1598=DIRECTION('ref_axis',(1.,0.,0.));
#1599=DIRECTION('center_axis',(0.,0.,1.));
#1600=DIRECTION('ref_axis',(-1.,0.,0.));
#1601=DIRECTION('center_axis',(0.,0.,-1.));
#1602=DIRECTION('ref_axis',(1.,0.,0.));
#1603=DIRECTION('center_axis',(0.,0.,-1.));
#1604=DIRECTION('ref_axis',(1.,0.,0.));
#1605=DIRECTION('center_axis',(0.,0.,-1.));
#1606=DIRECTION('ref_axis',(1.,0.,0.));
#1607=DIRECTION('',(0.,0.,1.));
#1608=DIRECTION('center_axis',(0.,0.,1.));
#1609=DIRECTION('ref_axis',(1.,0.,0.));
#1610=DIRECTION('center_axis',(0.,0.,-1.));
#1611=DIRECTION('ref_axis',(1.,0.,0.));
#1612=DIRECTION('center_axis',(0.,0.,1.));
#1613=DIRECTION('ref_axis',(-1.,0.,0.));
#1614=DIRECTION('center_axis',(0.,0.,1.));
#1615=DIRECTION('ref_axis',(-1.,6.10430345992631E-15,0.));
#1616=DIRECTION('',(2.31718867649393E-16,-1.,0.));
#1617=DIRECTION('center_axis',(0.,0.,1.));
#1618=DIRECTION('ref_axis',(0.,1.,0.));
#1619=DIRECTION('',(-1.,1.39636058018047E-16,0.));
#1620=DIRECTION('center_axis',(0.,0.,1.));
#1621=DIRECTION('ref_axis',(1.,-3.05215172996315E-15,0.));
#1622=DIRECTION('',(0.,1.,0.));
#1623=DIRECTION('center_axis',(0.,0.,1.));
#1624=DIRECTION('ref_axis',(-2.44172138397051E-15,-1.,0.));
#1625=DIRECTION('',(1.,-9.30907053453648E-17,0.));
#1626=DIRECTION('',(-1.,9.30907053453648E-17,0.));
#1627=DIRECTION('center_axis',(0.,0.,-1.));
#1628=DIRECTION('ref_axis',(0.30194227662082,-0.953326209431502,0.));
#1629=DIRECTION('',(1.,-1.39636058018047E-16,0.));
#1630=DIRECTION('',(-2.31718867649394E-16,1.,0.));
#1631=DIRECTION('center_axis',(0.,0.,1.));
#1632=DIRECTION('ref_axis',(1.,0.,0.));
#1633=DIRECTION('center_axis',(0.,0.,-1.));
#1634=DIRECTION('ref_axis',(1.,0.,0.));
#1635=DIRECTION('center_axis',(0.,0.,-1.));
#1636=DIRECTION('ref_axis',(1.,0.,0.));
#1637=DIRECTION('center_axis',(0.,0.,-1.));
#1638=DIRECTION('ref_axis',(1.,0.,0.));
#1639=DIRECTION('',(0.,0.,1.));
#1640=DIRECTION('center_axis',(0.,0.,-1.));
#1641=DIRECTION('ref_axis',(1.,0.,0.));
#1642=DIRECTION('center_axis',(0.,0.,1.));
#1643=DIRECTION('ref_axis',(-1.,0.,0.));
#1644=DIRECTION('center_axis',(9.30907053453648E-17,1.,0.));
#1645=DIRECTION('ref_axis',(-1.,9.30907053453648E-17,0.));
#1646=DIRECTION('',(0.,0.,1.));
#1647=DIRECTION('',(-1.,9.30907053453648E-17,0.));
#1648=DIRECTION('',(0.,0.,1.));
#1649=DIRECTION('',(0.,0.,1.));
#1650=DIRECTION('',(0.,0.,1.));
#1651=DIRECTION('',(0.,0.,1.));
#1652=DIRECTION('',(0.,0.,1.));
#1653=DIRECTION('',(0.,0.,1.));
#1654=DIRECTION('center_axis',(-1.39636058018047E-16,-1.,0.));
#1655=DIRECTION('ref_axis',(1.,-1.39636058018047E-16,0.));
#1656=DIRECTION('',(0.,0.,1.));
#1657=DIRECTION('',(1.,-1.39636058018047E-16,0.));
#1658=DIRECTION('',(0.,0.,1.));
#1659=DIRECTION('',(0.,0.,1.));
#1660=DIRECTION('center_axis',(1.,2.31718867649394E-16,0.));
#1661=DIRECTION('ref_axis',(-2.31718867649394E-16,1.,0.));
#1662=DIRECTION('',(-2.31718867649394E-16,1.,0.));
#1663=DIRECTION('',(0.,0.,1.));
#1664=DIRECTION('',(0.,0.,1.));
#1665=DIRECTION('center_axis',(0.,0.,1.));
#1666=DIRECTION('ref_axis',(0.30194227662082,-0.953326209431502,0.));
#1667=DIRECTION('center_axis',(0.,0.,-1.));
#1668=DIRECTION('ref_axis',(0.30194227662082,-0.953326209431502,0.));
#1669=DIRECTION('center_axis',(-1.,-2.31718867649393E-16,0.));
#1670=DIRECTION('ref_axis',(2.31718867649393E-16,-1.,0.));
#1671=DIRECTION('',(0.,0.,1.));
#1672=DIRECTION('',(2.31718867649393E-16,-1.,0.));
#1673=DIRECTION('',(0.,0.,1.));
#1674=DIRECTION('center_axis',(0.,0.,1.));
#1675=DIRECTION('ref_axis',(0.,1.,0.));
#1676=DIRECTION('center_axis',(0.,0.,1.));
#1677=DIRECTION('ref_axis',(0.,1.,0.));
#1678=DIRECTION('',(0.,0.,1.));
#1679=DIRECTION('center_axis',(1.39636058018047E-16,1.,0.));
#1680=DIRECTION('ref_axis',(-1.,1.39636058018047E-16,0.));
#1681=DIRECTION('',(-1.,1.39636058018047E-16,0.));
#1682=DIRECTION('',(0.,0.,1.));
#1683=DIRECTION('center_axis',(0.,0.,1.));
#1684=DIRECTION('ref_axis',(1.,-3.05215172996315E-15,0.));
#1685=DIRECTION('center_axis',(0.,0.,1.));
#1686=DIRECTION('ref_axis',(1.,-3.05215172996315E-15,0.));
#1687=DIRECTION('',(0.,0.,1.));
#1688=DIRECTION('center_axis',(1.,0.,0.));
#1689=DIRECTION('ref_axis',(0.,1.,0.));
#1690=DIRECTION('',(0.,1.,0.));
#1691=DIRECTION('',(0.,0.,1.));
#1692=DIRECTION('center_axis',(0.,0.,1.));
#1693=DIRECTION('ref_axis',(-2.44172138397051E-15,-1.,0.));
#1694=DIRECTION('center_axis',(0.,0.,1.));
#1695=DIRECTION('ref_axis',(-2.44172138397051E-15,-1.,0.));
#1696=DIRECTION('',(0.,0.,1.));
#1697=DIRECTION('center_axis',(-9.30907053453648E-17,-1.,0.));
#1698=DIRECTION('ref_axis',(1.,-9.30907053453648E-17,0.));
#1699=DIRECTION('',(1.,-9.30907053453648E-17,0.));
#1700=DIRECTION('',(0.,0.,1.));
#1701=DIRECTION('center_axis',(0.,0.,1.));
#1702=DIRECTION('ref_axis',(-1.,6.10430345992631E-15,0.));
#1703=DIRECTION('center_axis',(0.,0.,1.));
#1704=DIRECTION('ref_axis',(-1.,6.10430345992631E-15,0.));
#1705=DIRECTION('center_axis',(0.,0.,1.));
#1706=DIRECTION('ref_axis',(-1.,0.,0.));
#1707=DIRECTION('center_axis',(0.,0.,1.));
#1708=DIRECTION('ref_axis',(-1.,0.,0.));
#1709=CARTESIAN_POINT('',(0.,0.,0.));
#1710=CARTESIAN_POINT('Origin',(146.47,-59.47,13.));
#1711=CARTESIAN_POINT('',(145.205560796176,-59.4689522081168,12.5565803263806));
#1712=CARTESIAN_POINT('',(145.203727031785,-59.4695804418516,12.6934196736194));
#1713=CARTESIAN_POINT('',(145.2055,-59.47,13.));
#1714=CARTESIAN_POINT('',(147.428116152722,-58.6447887010635,13.));
#1715=CARTESIAN_POINT('Ctrl Pts',(145.203727031785,-59.4695804418516,12.6934196736194));
#1716=CARTESIAN_POINT('Ctrl Pts',(145.205502143072,-59.8538849873887,12.7176975354839));
#1717=CARTESIAN_POINT('Ctrl Pts',(145.393360637767,-60.2396355127791,12.7419753973485));
#1718=CARTESIAN_POINT('Ctrl Pts',(145.697926501361,-60.473909231626,12.766253259213));
#1719=CARTESIAN_POINT('Ctrl Pts',(146.023743578698,-60.7245294996716,12.7922251193004));
#1720=CARTESIAN_POINT('Ctrl Pts',(146.483122841081,-60.8017967613353,12.8181969793879));
#1721=CARTESIAN_POINT('Ctrl Pts',(146.87269003099,-60.6709681602952,12.8441688394753));
#1722=CARTESIAN_POINT('Ctrl Pts',(147.262257220898,-60.5401395592551,12.8701406995628));
#1723=CARTESIAN_POINT('Ctrl Pts',(147.582012338332,-60.2012150955111,12.8961125596502));
#1724=CARTESIAN_POINT('Ctrl Pts',(147.690808540805,-59.8055529568599,12.9220844197377));
#1725=CARTESIAN_POINT('Ctrl Pts',(147.799604743278,-59.4098908182087,12.9480562798251));
#1726=CARTESIAN_POINT('Ctrl Pts',(147.697442030791,-58.9574910046504,12.9740281399126));
#1727=CARTESIAN_POINT('Ctrl Pts',(147.428116152722,-58.6447887010635,13.));
#1728=CARTESIAN_POINT('',(145.510122168595,-58.6437847516927,13.));
#1729=CARTESIAN_POINT('Origin',(146.47,-59.47,13.));
#1730=CARTESIAN_POINT('Ctrl Pts',(145.510107334113,-58.6437762977854,13.));
#1731=CARTESIAN_POINT('Ctrl Pts',(145.76258028789,-58.3531825899039,12.9756817697274));
#1732=CARTESIAN_POINT('Ctrl Pts',(146.157942175967,-58.1836209025103,12.9513635394548));
#1733=CARTESIAN_POINT('Ctrl Pts',(146.542198617285,-58.2055958190367,12.9270453091823));
#1734=CARTESIAN_POINT('Ctrl Pts',(146.95258434107,-58.2290650209917,12.9010734490948));
#1735=CARTESIAN_POINT('Ctrl Pts',(147.350302935353,-58.4710053046497,12.8751015890074));
#1736=CARTESIAN_POINT('Ctrl Pts',(147.559696930287,-58.8246020982828,12.8491297289199));
#1737=CARTESIAN_POINT('Ctrl Pts',(147.769090925221,-59.1781988919159,12.8231578688325));
#1738=CARTESIAN_POINT('Ctrl Pts',(147.790160320806,-59.6434521955242,12.797186008745));
#1739=CARTESIAN_POINT('Ctrl Pts',(147.613478170883,-60.0145242958433,12.7712141486576));
#1740=CARTESIAN_POINT('Ctrl Pts',(147.436796020959,-60.3855963961624,12.7452422885701));
#1741=CARTESIAN_POINT('Ctrl Pts',(147.062362325527,-60.6624872931922,12.7192704284827));
#1742=CARTESIAN_POINT('Ctrl Pts',(146.655819162467,-60.7227829837201,12.6932985683952));
#1743=CARTESIAN_POINT('Ctrl Pts',(146.249275999407,-60.7830786742479,12.6673267083078));
#1744=CARTESIAN_POINT('Ctrl Pts',(145.810623368718,-60.6267791582737,12.6413548482203));
#1745=CARTESIAN_POINT('Ctrl Pts',(145.533828501791,-60.3229885399977,12.6153829881329));
#1746=CARTESIAN_POINT('Ctrl Pts',(145.324932220971,-60.0937186441713,12.5957821008821));
#1747=CARTESIAN_POINT('Ctrl Pts',(145.2082248942,-59.7804425806035,12.5761812136313));
#1748=CARTESIAN_POINT('Ctrl Pts',(145.205560796176,-59.4689522081168,12.5565803263806));
#1749=CARTESIAN_POINT('Origin',(146.47,-59.47,13.));
#1750=CARTESIAN_POINT('',(145.20470558527,-59.4709500412109,12.0565803263806));
#1751=CARTESIAN_POINT('',(145.206663104914,-59.4708154964997,12.1934196736194));
#1752=CARTESIAN_POINT('',(145.2055,-59.47,13.));
#1753=CARTESIAN_POINT('Ctrl Pts',(145.206663104914,-59.4708154964997,12.1934196736194));
#1754=CARTESIAN_POINT('Ctrl Pts',(145.205763928983,-59.6164116008414,12.2025611815385));
#1755=CARTESIAN_POINT('Ctrl Pts',(145.229101684713,-59.7617284467371,12.2117026894575));
#1756=CARTESIAN_POINT('Ctrl Pts',(145.277973336648,-59.897879708491,12.2208441973765));
#1757=CARTESIAN_POINT('Ctrl Pts',(145.416822169637,-60.284697895635,12.246816057464));
#1758=CARTESIAN_POINT('Ctrl Pts',(145.761775523602,-60.5975333143914,12.2727879175514));
#1759=CARTESIAN_POINT('Ctrl Pts',(146.160280988679,-60.6980394947434,12.2987597776389));
#1760=CARTESIAN_POINT('Ctrl Pts',(146.558786453756,-60.7985456750954,12.3247316377263));
#1761=CARTESIAN_POINT('Ctrl Pts',(147.010844029945,-60.6867226170429,12.3507034978138));
#1762=CARTESIAN_POINT('Ctrl Pts',(147.316532059676,-60.4120170080307,12.3766753579012));
#1763=CARTESIAN_POINT('Ctrl Pts',(147.622220089407,-60.1373113990185,12.4026472179887));
#1764=CARTESIAN_POINT('Ctrl Pts',(147.78153857268,-59.6997232390467,12.4286190780761));
#1765=CARTESIAN_POINT('Ctrl Pts',(147.724034415131,-59.2927865690727,12.4545909381636));
#1766=CARTESIAN_POINT('Ctrl Pts',(147.666530257582,-58.8858498990988,12.480562798251));
#1767=CARTESIAN_POINT('Ctrl Pts',(147.392203459211,-58.5095647191227,12.5065346583385));
#1768=CARTESIAN_POINT('Ctrl Pts',(147.022363728746,-58.3303120239424,12.5325065184259));
#1769=CARTESIAN_POINT('Ctrl Pts',(146.652523998281,-58.1510593287622,12.5584783785134));
#1770=CARTESIAN_POINT('Ctrl Pts',(146.187171335721,-58.1688391183778,12.5844502386008));
#1771=CARTESIAN_POINT('Ctrl Pts',(145.832125165488,-58.3758495976409,12.6104220986883));
#1772=CARTESIAN_POINT('Ctrl Pts',(145.477078995255,-58.582860076904,12.6363939587757));
#1773=CARTESIAN_POINT('Ctrl Pts',(145.232339317349,-58.9791012458147,12.6623658188632));
#1774=CARTESIAN_POINT('Ctrl Pts',(145.206096924541,-59.3892084674838,12.6883376789506));
#1775=CARTESIAN_POINT('Ctrl Pts',(145.204385280992,-59.4159574528234,12.6900316771736));
#1776=CARTESIAN_POINT('Ctrl Pts',(145.203603172634,-59.4427654273812,12.6917256753965));
#1777=CARTESIAN_POINT('Ctrl Pts',(145.203727031785,-59.4695804418516,12.6934196736194));
#1778=CARTESIAN_POINT('Ctrl Pts',(145.205560796176,-59.4689522081168,12.5565803263806));
#1779=CARTESIAN_POINT('Ctrl Pts',(145.204694871285,-59.3677069595413,12.5502093535439));
#1780=CARTESIAN_POINT('Ctrl Pts',(145.215877351188,-59.2666503651211,12.5438383807072));
#1781=CARTESIAN_POINT('Ctrl Pts',(145.239858694014,-59.1687284479462,12.5374674078705));
#1782=CARTESIAN_POINT('Ctrl Pts',(145.337620856332,-58.7695406947486,12.5114955477831));
#1783=CARTESIAN_POINT('Ctrl Pts',(145.648082284135,-58.4224469089312,12.4855236876956));
#1784=CARTESIAN_POINT('Ctrl Pts',(146.033938096226,-58.2809430259955,12.4595518276082));
#1785=CARTESIAN_POINT('Ctrl Pts',(146.419793908318,-58.1394391430598,12.4335799675207));
#1786=CARTESIAN_POINT('Ctrl Pts',(146.881044104697,-58.2035251630058,12.4076081074332));
#1787=CARTESIAN_POINT('Ctrl Pts',(147.213706253825,-58.4448613624725,12.3816362473458));
#1788=CARTESIAN_POINT('Ctrl Pts',(147.546368402953,-58.6861975619392,12.3556643872583));
#1789=CARTESIAN_POINT('Ctrl Pts',(147.750442504829,-59.1047839409266,12.3296925271709));
#1790=CARTESIAN_POINT('Ctrl Pts',(147.735676928745,-59.5155024734715,12.3037206670834));
#1791=CARTESIAN_POINT('Ctrl Pts',(147.72091135266,-59.9262210060163,12.277748806996));
#1792=CARTESIAN_POINT('Ctrl Pts',(147.487306098616,-60.3290716921187,12.2517769469086));
#1793=CARTESIAN_POINT('Ctrl Pts',(147.138172137129,-60.545896831286,12.2258050868211));
#1794=CARTESIAN_POINT('Ctrl Pts',(146.789038175641,-60.7627219704533,12.1998332267337));
#1795=CARTESIAN_POINT('Ctrl Pts',(146.324375506711,-60.7935215626856,12.1738613666462));
#1796=CARTESIAN_POINT('Ctrl Pts',(145.949677943953,-60.6246744888751,12.1478895065587));
#1797=CARTESIAN_POINT('Ctrl Pts',(145.574980381195,-60.4558274150646,12.1219176464713));
#1798=CARTESIAN_POINT('Ctrl Pts',(145.290247924608,-60.0873336752113,12.0959457863839));
#1799=CARTESIAN_POINT('Ctrl Pts',(145.221401791069,-59.6821573454915,12.0699739262964));
#1800=CARTESIAN_POINT('Ctrl Pts',(145.209567218762,-59.6125079937527,12.0655093929911));
#1801=CARTESIAN_POINT('Ctrl Pts',(145.204111918963,-59.5417747000868,12.0610448596859));
#1802=CARTESIAN_POINT('Ctrl Pts',(145.20470558527,-59.4709500412109,12.0565803263806));
#1803=CARTESIAN_POINT('Origin',(146.47,-59.47,13.));
#1804=CARTESIAN_POINT('',(145.20707591977,-59.4694658413158,11.5565803263806));
#1805=CARTESIAN_POINT('',(145.205391149186,-59.4689537383368,11.6934196736194));
#1806=CARTESIAN_POINT('',(145.2055,-59.47,13.));
#1807=CARTESIAN_POINT('Ctrl Pts',(145.205391149186,-59.4689537383368,11.6934196736194));
#1808=CARTESIAN_POINT('Ctrl Pts',(145.20813524321,-59.7863106550693,11.7133966876804));
#1809=CARTESIAN_POINT('Ctrl Pts',(145.32981485636,-60.1055457461858,11.7333737017414));
#1810=CARTESIAN_POINT('Ctrl Pts',(145.546014236188,-60.3361748672626,11.7533507158024));
#1811=CARTESIAN_POINT('Ctrl Pts',(145.827092280522,-60.6360128333575,11.7793225758899));
#1812=CARTESIAN_POINT('Ctrl Pts',(146.267930158475,-60.7860866228278,11.8052944359773));
#1813=CARTESIAN_POINT('Ctrl Pts',(146.673570168167,-60.7200271008795,11.8312662960648));
#1814=CARTESIAN_POINT('Ctrl Pts',(147.079210177859,-60.6539675789312,11.8572381561522));
#1815=CARTESIAN_POINT('Ctrl Pts',(147.44965231929,-60.3717747455642,11.8832100162397));
#1816=CARTESIAN_POINT('Ctrl Pts',(147.621070918623,-59.9982464956676,11.9091818763271));
#1817=CARTESIAN_POINT('Ctrl Pts',(147.792489517955,-59.6247182457709,11.9351537364146));
#1818=CARTESIAN_POINT('Ctrl Pts',(147.764884575189,-59.1598545793447,11.961125596502));
#1819=CARTESIAN_POINT('Ctrl Pts',(147.550464246665,-58.8092386041823,11.9870974565895));
#1820=CARTESIAN_POINT('Ctrl Pts',(147.336043918142,-58.4586226290198,12.0130693166769));
#1821=CARTESIAN_POINT('Ctrl Pts',(146.93480820386,-58.222254345121,12.0390411767644));
#1822=CARTESIAN_POINT('Ctrl Pts',(146.524200911729,-58.2046657946819,12.0650130368518));
#1823=CARTESIAN_POINT('Ctrl Pts',(146.113593619598,-58.1870772442428,12.0909848969393));
#1824=CARTESIAN_POINT('Ctrl Pts',(145.693614749617,-58.3882684272633,12.1169567570267));
#1825=CARTESIAN_POINT('Ctrl Pts',(145.449997470632,-58.7192644965394,12.1429286171142));
#1826=CARTESIAN_POINT('Ctrl Pts',(145.292127969341,-58.9337574282556,12.1597589692826));
#1827=CARTESIAN_POINT('Ctrl Pts',(145.208318570041,-59.2027597520726,12.176589321451));
#1828=CARTESIAN_POINT('Ctrl Pts',(145.206663104914,-59.4708154964997,12.1934196736194));
#1829=CARTESIAN_POINT('Ctrl Pts',(145.20470558527,-59.4709500412109,12.0565803263806));
#1830=CARTESIAN_POINT('Ctrl Pts',(145.207565497917,-59.1297611691553,12.0350729995984));
#1831=CARTESIAN_POINT('Ctrl Pts',(145.350804326542,-58.7864519762178,12.0135656728162));
#1832=CARTESIAN_POINT('Ctrl Pts',(145.59749472562,-58.551989804453,11.992058346034));
#1833=CARTESIAN_POINT('Ctrl Pts',(145.895393604205,-58.2688575127205,11.9660864859466));
#1834=CARTESIAN_POINT('Ctrl Pts',(146.344151171867,-58.144451848842,11.9401146258591));
#1835=CARTESIAN_POINT('Ctrl Pts',(146.745307311231,-58.2337904370712,11.9141427657717));
#1836=CARTESIAN_POINT('Ctrl Pts',(147.146463450596,-58.3231290253004,11.8881709056842));
#1837=CARTESIAN_POINT('Ctrl Pts',(147.500018161661,-58.6262118656374,11.8621990455968));
#1838=CARTESIAN_POINT('Ctrl Pts',(147.64961413815,-59.009002514057,11.8362271855093));
#1839=CARTESIAN_POINT('Ctrl Pts',(147.799210114638,-59.3917931624766,11.8102553254219));
#1840=CARTESIAN_POINT('Ctrl Pts',(147.744847356549,-59.8542916189789,11.7842834653344));
#1841=CARTESIAN_POINT('Ctrl Pts',(147.510567448838,-60.1919609248289,11.758311605247));
#1842=CARTESIAN_POINT('Ctrl Pts',(147.276287541127,-60.529630230679,11.7323397451595));
#1843=CARTESIAN_POINT('Ctrl Pts',(146.862090483794,-60.7424703858769,11.7063678850721));
#1844=CARTESIAN_POINT('Ctrl Pts',(146.451152256405,-60.7363541994684,11.6803960249846));
#1845=CARTESIAN_POINT('Ctrl Pts',(146.040214029016,-60.7302380130598,11.6544241648972));
#1846=CARTESIAN_POINT('Ctrl Pts',(145.632534631571,-60.5051654850449,11.6284523048097));
#1847=CARTESIAN_POINT('Ctrl Pts',(145.408407650436,-60.1606734944303,11.6024804447223));
#1848=CARTESIAN_POINT('Ctrl Pts',(145.276374301996,-59.9577330416513,11.5871804052751));
#1849=CARTESIAN_POINT('Ctrl Pts',(145.20804090449,-59.7133493103742,11.5718803658278));
#1850=CARTESIAN_POINT('Ctrl Pts',(145.20707591977,-59.4694658413158,11.5565803263806));
#1851=CARTESIAN_POINT('Origin',(146.47,-59.47,13.));
#1852=CARTESIAN_POINT('',(145.203507639824,-59.4700447927535,11.0565803263806));
#1853=CARTESIAN_POINT('',(145.204870908734,-59.470986833059,11.1934196736194));
#1854=CARTESIAN_POINT('',(145.2055,-59.47,13.));
#1855=CARTESIAN_POINT('Ctrl Pts',(145.204870908734,-59.470986833059,11.1934196736194));
#1856=CARTESIAN_POINT('Ctrl Pts',(145.204213824982,-59.5478044104183,11.1982603337349));
#1857=CARTESIAN_POINT('Ctrl Pts',(145.210634309006,-59.6245125193343,11.2031009938504));
#1858=CARTESIAN_POINT('Ctrl Pts',(145.224535398235,-59.6998401445622,11.207941653966));
#1859=CARTESIAN_POINT('Ctrl Pts',(145.29911967722,-60.1039995972927,11.2339135140534));
#1860=CARTESIAN_POINT('Ctrl Pts',(145.589048396855,-60.4684190183661,11.2598853741409));
#1861=CARTESIAN_POINT('Ctrl Pts',(145.966102481855,-60.6319362648663,11.2858572342283));
#1862=CARTESIAN_POINT('Ctrl Pts',(146.343156566855,-60.7954535113666,11.3118290943158));
#1863=CARTESIAN_POINT('Ctrl Pts',(146.80733601722,-60.7580685832936,11.3378009544032));
#1864=CARTESIAN_POINT('Ctrl Pts',(147.153360444768,-60.5363147250289,11.3637728144907));
#1865=CARTESIAN_POINT('Ctrl Pts',(147.499384872315,-60.3145608667643,11.3897446745781));
#1866=CARTESIAN_POINT('Ctrl Pts',(147.727254277043,-59.9084380783079,11.4157165346656));
#1867=CARTESIAN_POINT('Ctrl Pts',(147.736194889493,-59.4975515463585,11.441688394753));
#1868=CARTESIAN_POINT('Ctrl Pts',(147.745135501942,-59.0866650144091,11.4676602548405));
#1869=CARTESIAN_POINT('Ctrl Pts',(147.535147322112,-58.6710147389666,11.4936321149279));
#1870=CARTESIAN_POINT('Ctrl Pts',(147.199096267143,-58.4344193790411,11.5196039750154));
#1871=CARTESIAN_POINT('Ctrl Pts',(146.863045212173,-58.1978240191155,11.5455758351028));
#1872=CARTESIAN_POINT('Ctrl Pts',(146.400931282064,-58.1402835747069,11.5715476951903));
#1873=CARTESIAN_POINT('Ctrl Pts',(146.017121386755,-58.2872449334077,11.5975195552777));
#1874=CARTESIAN_POINT('Ctrl Pts',(145.633311491446,-58.4342062921085,11.6234914153652));
#1875=CARTESIAN_POINT('Ctrl Pts',(145.327805630937,-58.7856694539187,11.6494632754526));
#1876=CARTESIAN_POINT('Ctrl Pts',(145.235711806039,-59.1862021061835,11.6754351355401));
#1877=CARTESIAN_POINT('Ctrl Pts',(145.214454633915,-59.2786533811716,11.6814299815665));
#1878=CARTESIAN_POINT('Ctrl Pts',(145.20456768172,-59.373718992772,11.687424827593));
#1879=CARTESIAN_POINT('Ctrl Pts',(145.205391149186,-59.4689537383368,11.6934196736194));
#1880=CARTESIAN_POINT('Ctrl Pts',(145.20707591977,-59.4694658413158,11.5565803263806));
#1881=CARTESIAN_POINT('Ctrl Pts',(145.206402840207,-59.2993564342205,11.5459085057404));
#1882=CARTESIAN_POINT('Ctrl Pts',(145.238505179414,-59.1294904097883,11.5352366851002));
#1883=CARTESIAN_POINT('Ctrl Pts',(145.304627801391,-58.9741009823786,11.5245648644599));
#1884=CARTESIAN_POINT('Ctrl Pts',(145.465549498307,-58.5959319141555,11.4985930043725));
#1885=CARTESIAN_POINT('Ctrl Pts',(145.827967456964,-58.3035052309234,11.472621144285));
#1886=CARTESIAN_POINT('Ctrl Pts',(146.231604656632,-58.2261447594859,11.4466492841976));
#1887=CARTESIAN_POINT('Ctrl Pts',(146.635241856299,-58.1487842880484,11.4206774241101));
#1888=CARTESIAN_POINT('Ctrl Pts',(147.080098296976,-58.2864900284056,11.3947055640227));
#1889=CARTESIAN_POINT('Ctrl Pts',(147.369439110174,-58.5783624839438,11.3687337039352));
#1890=CARTESIAN_POINT('Ctrl Pts',(147.658779923371,-58.8702349394821,11.3427618438478));
#1891=CARTESIAN_POINT('Ctrl Pts',(147.792605109089,-59.3162741102012,11.3167899837603));
#1892=CARTESIAN_POINT('Ctrl Pts',(147.711731282398,-59.7192220875196,11.2908181236729));
#1893=CARTESIAN_POINT('Ctrl Pts',(147.630857455707,-60.1221700648379,11.2648462635854));
#1894=CARTESIAN_POINT('Ctrl Pts',(147.335284616607,-60.4820268487554,11.238874403498));
#1895=CARTESIAN_POINT('Ctrl Pts',(146.955728074037,-60.6396480048972,11.2129025434105));
#1896=CARTESIAN_POINT('Ctrl Pts',(146.576171531467,-60.797269161039,11.1869306833231));
#1897=CARTESIAN_POINT('Ctrl Pts',(146.112631285426,-60.752654689405,11.1609588232356));
#1898=CARTESIAN_POINT('Ctrl Pts',(145.770104759463,-60.5255352427465,11.1349869631482));
#1899=CARTESIAN_POINT('Ctrl Pts',(145.4275782335,-60.2984157960879,11.1090151030607));
#1900=CARTESIAN_POINT('Ctrl Pts',(145.206065427615,-59.8887913744046,11.0830432429733));
#1901=CARTESIAN_POINT('Ctrl Pts',(145.20352951729,-59.4778153357214,11.0570713828858));
#1902=CARTESIAN_POINT('Ctrl Pts',(145.203513534925,-59.4752251932028,11.0569076973841));
#1903=CARTESIAN_POINT('Ctrl Pts',(145.203506250424,-59.4726349969972,11.0567440118823));
#1904=CARTESIAN_POINT('Ctrl Pts',(145.203507639824,-59.4700447927535,11.0565803263806));
#1905=CARTESIAN_POINT('Origin',(146.47,-59.47,13.));
#1906=CARTESIAN_POINT('',(145.207159813379,-59.4704493351012,10.5565803263806));
#1907=CARTESIAN_POINT('',(145.206989173829,-59.4693893263318,10.6934196736194));
#1908=CARTESIAN_POINT('',(145.2055,-59.47,13.));
#1909=CARTESIAN_POINT('',(146.760085218598,-60.7007765093433,10.2));
#1910=CARTESIAN_POINT('Ctrl Pts',(145.207159813379,-59.4704493351012,10.5565803263806));
#1911=CARTESIAN_POINT('Ctrl Pts',(145.207994402589,-59.2317417323294,10.5416076579369));
#1912=CARTESIAN_POINT('Ctrl Pts',(145.273265151396,-58.9926224760984,10.5266349894931));
#1913=CARTESIAN_POINT('Ctrl Pts',(145.399993001709,-58.792458211601,10.5116623210494));
#1914=CARTESIAN_POINT('Ctrl Pts',(145.619817411092,-58.4452496768248,10.4856904609619));
#1915=CARTESIAN_POINT('Ctrl Pts',(146.024560067513,-58.215252800394,10.4597186008745));
#1916=CARTESIAN_POINT('Ctrl Pts',(146.435462467766,-58.2040072148537,10.433746740787));
#1917=CARTESIAN_POINT('Ctrl Pts',(146.846364868019,-58.1927616293133,10.4077748806996));
#1918=CARTESIAN_POINT('Ctrl Pts',(147.263427012103,-58.4002673346633,10.3818030206121));
#1919=CARTESIAN_POINT('Ctrl Pts',(147.501694385455,-58.7350918925014,10.3558311605247));
#1920=CARTESIAN_POINT('Ctrl Pts',(147.739961758808,-59.0699164503394,10.3298593004372));
#1921=CARTESIAN_POINT('Ctrl Pts',(147.799434361428,-59.5320598606654,10.3038874403498));
#1922=CARTESIAN_POINT('Ctrl Pts',(147.654887980072,-59.9161059507682,10.2779155802623));
#1923=CARTESIAN_POINT('Ctrl Pts',(147.510341598717,-60.300152040871,10.2519437201749));
#1924=CARTESIAN_POINT('Ctrl Pts',(147.161776233386,-60.6061008107506,10.2259718600874));
#1925=CARTESIAN_POINT('Ctrl Pts',(146.760085218598,-60.7007765093433,10.2));
#1926=CARTESIAN_POINT('',(145.207805199241,-59.5742203177483,10.2));
#1927=CARTESIAN_POINT('Origin',(146.47,-59.47,10.2));
#1928=CARTESIAN_POINT('Ctrl Pts',(145.2077882112,-59.5742184373026,10.2));
#1929=CARTESIAN_POINT('Ctrl Pts',(145.241236477463,-59.9577134699539,10.2243182302726));
#1930=CARTESIAN_POINT('Ctrl Pts',(145.461425077602,-60.3272797555137,10.2486364605452));
#1931=CARTESIAN_POINT('Ctrl Pts',(145.785211637894,-60.5353619721807,10.2729546908178));
#1932=CARTESIAN_POINT('Ctrl Pts',(146.131015553222,-60.7575936953525,10.2989265509052));
#1933=CARTESIAN_POINT('Ctrl Pts',(146.594985698678,-60.7956329535501,10.3248984109927));
#1934=CARTESIAN_POINT('Ctrl Pts',(146.972228039442,-60.6326457982893,10.3508702710801));
#1935=CARTESIAN_POINT('Ctrl Pts',(147.349470380206,-60.4696586430285,10.3768421311676));
#1936=CARTESIAN_POINT('Ctrl Pts',(147.639984916279,-60.1056450743092,10.402813991255));
#1937=CARTESIAN_POINT('Ctrl Pts',(147.715156765769,-59.7015902332713,10.4287858513425));
#1938=CARTESIAN_POINT('Ctrl Pts',(147.790328615258,-59.2975353922333,10.4547577114299));
#1939=CARTESIAN_POINT('Ctrl Pts',(147.650157778164,-58.8534392788767,10.4807295715174));
#1940=CARTESIAN_POINT('Ctrl Pts',(147.356698335949,-58.5656989258939,10.5067014316048));
#1941=CARTESIAN_POINT('Ctrl Pts',(147.063238893734,-58.2779585729111,10.5326732916923));
#1942=CARTESIAN_POINT('Ctrl Pts',(146.616490846397,-58.1465739803021,10.5586451517797));
#1943=CARTESIAN_POINT('Ctrl Pts',(146.213995398409,-58.2296498242846,10.5846170118672));
#1944=CARTESIAN_POINT('Ctrl Pts',(145.81149995042,-58.3127256682671,10.6105888719546));
#1945=CARTESIAN_POINT('Ctrl Pts',(145.45325710178,-58.6102619488412,10.6365607320421));
#1946=CARTESIAN_POINT('Ctrl Pts',(145.297711660389,-58.9906748282317,10.6625325921295));
#1947=CARTESIAN_POINT('Ctrl Pts',(145.236050761408,-59.1414770627269,10.6728282859595));
#1948=CARTESIAN_POINT('Ctrl Pts',(145.206243081072,-59.3053030771434,10.6831239797895));
#1949=CARTESIAN_POINT('Ctrl Pts',(145.206989173829,-59.4693893263318,10.6934196736194));
#1950=CARTESIAN_POINT('Origin',(74.14,-61.65,13.));
#1951=CARTESIAN_POINT('',(72.8755843975094,-61.6489522554275,12.5565803263806));
#1952=CARTESIAN_POINT('',(72.8737509392662,-61.6495824961621,12.6934196736194));
#1953=CARTESIAN_POINT('',(72.8755,-61.65,13.));
#1954=CARTESIAN_POINT('',(75.0981161527224,-60.8247887010635,13.));
#1955=CARTESIAN_POINT('Ctrl Pts',(72.8737509392662,-61.6495824961621,12.6934196736194));
#1956=CARTESIAN_POINT('Ctrl Pts',(72.875529050927,-62.0338756736378,12.7176975354839));
#1957=CARTESIAN_POINT('Ctrl Pts',(73.0633909704285,-62.4196074168249,12.7419753973484));
#1958=CARTESIAN_POINT('Ctrl Pts',(73.3679495238834,-62.653878404576,12.7662532592129));
#1959=CARTESIAN_POINT('Ctrl Pts',(73.6937587810128,-62.9044957509624,12.7922251193004));
#1960=CARTESIAN_POINT('Ctrl Pts',(74.1531179379065,-62.9817784601668,12.8181969793879));
#1961=CARTESIAN_POINT('Ctrl Pts',(74.5427022485671,-62.8509320317152,12.8441688394753));
#1962=CARTESIAN_POINT('Ctrl Pts',(74.9322865592277,-62.7200856032636,12.8701406995628));
#1963=CARTESIAN_POINT('Ctrl Pts',(75.2520960236553,-62.3811100371559,12.8961125596502));
#1964=CARTESIAN_POINT('Ctrl Pts',(75.360884891546,-61.9854613875026,12.9220844197376));
#1965=CARTESIAN_POINT('Ctrl Pts',(75.4696737594367,-61.5898127378492,12.9480562798251));
#1966=CARTESIAN_POINT('Ctrl Pts',(75.3674420307906,-61.1374910046503,12.9740281399126));
#1967=CARTESIAN_POINT('Ctrl Pts',(75.0981161527224,-60.8247887010635,13.));
#1968=CARTESIAN_POINT('',(73.1801317169733,-60.8238163361228,13.));
#1969=CARTESIAN_POINT('Origin',(74.14,-61.65,13.));
#1970=CARTESIAN_POINT('Ctrl Pts',(73.1801182721567,-60.8238088747666,13.));
#1971=CARTESIAN_POINT('Ctrl Pts',(73.432593686358,-60.5331978217866,12.9756817697274));
#1972=CARTESIAN_POINT('Ctrl Pts',(73.827948140026,-60.3636574756991,12.9513635394548));
#1973=CARTESIAN_POINT('Ctrl Pts',(74.2121969754159,-60.3856342862094,12.9270453091823));
#1974=CARTESIAN_POINT('Ctrl Pts',(74.6225745760741,-60.4091055109385,12.9010734490948));
#1975=CARTESIAN_POINT('Ctrl Pts',(75.0202848515917,-60.651025635305,12.8751015890074));
#1976=CARTESIAN_POINT('Ctrl Pts',(75.2296752343295,-61.0046116416298,12.8491297289199));
#1977=CARTESIAN_POINT('Ctrl Pts',(75.4390656170674,-61.3581976479546,12.8231578688325));
#1978=CARTESIAN_POINT('Ctrl Pts',(75.4601361070255,-61.8234495362377,12.797186008745));
#1979=CARTESIAN_POINT('Ctrl Pts',(75.2834574550839,-62.1945163725058,12.7712141486576));
#1980=CARTESIAN_POINT('Ctrl Pts',(75.1067788031423,-62.5655832087739,12.7452422885701));
#1981=CARTESIAN_POINT('Ctrl Pts',(74.732351009301,-62.8424649930271,12.7192704284827));
#1982=CARTESIAN_POINT('Ctrl Pts',(74.3258152560716,-62.9027585885514,12.6932985683952));
#1983=CARTESIAN_POINT('Ctrl Pts',(73.9192795028422,-62.9630521840756,12.6673267083078));
#1984=CARTESIAN_POINT('Ctrl Pts',(73.4806357902247,-62.806757590871,12.6413548482203));
#1985=CARTESIAN_POINT('Ctrl Pts',(73.2038462381996,-62.5029731348538,12.6153829881329));
#1986=CARTESIAN_POINT('Ctrl Pts',(72.9949539685215,-62.2737078896662,12.5957821008821));
#1987=CARTESIAN_POINT('Ctrl Pts',(72.8782486006441,-61.96043718271,12.5761812136313));
#1988=CARTESIAN_POINT('Ctrl Pts',(72.8755843975094,-61.6489522554275,12.5565803263806));
#1989=CARTESIAN_POINT('Origin',(74.14,-61.65,13.));
#1990=CARTESIAN_POINT('',(72.87472922128,-61.6509500181175,12.0565803263806));
#1991=CARTESIAN_POINT('',(72.8766866751014,-61.6508155668273,12.1934196736194));
#1992=CARTESIAN_POINT('',(72.8755,-61.65,13.));
#1993=CARTESIAN_POINT('Ctrl Pts',(72.8766866751014,-61.6508155668273,12.1934196736194));
#1994=CARTESIAN_POINT('Ctrl Pts',(72.8757875153889,-61.7964089693215,12.2025611815384));
#1995=CARTESIAN_POINT('Ctrl Pts',(72.8991248364643,-61.9417231055766,12.2117026894575));
#1996=CARTESIAN_POINT('Ctrl Pts',(72.9479955800194,-62.0778718009131,12.2208441973765));
#1997=CARTESIAN_POINT('Ctrl Pts',(73.086841832216,-62.4646826966309,12.2468160574639));
#1998=CARTESIAN_POINT('Ctrl Pts',(73.4317887815651,-62.7775119800317,12.2727879175514));
#1999=CARTESIAN_POINT('Ctrl Pts',(73.8302867823296,-62.8780164218729,12.2987597776389));
#2000=CARTESIAN_POINT('Ctrl Pts',(74.2287847830941,-62.9785208637142,12.3247316377263));
#2001=CARTESIAN_POINT('Ctrl Pts',(74.680833835274,-62.8667004639959,12.3507034978137));
#2002=CARTESIAN_POINT('Ctrl Pts',(74.9865162257648,-62.5919997220144,12.3766753579012));
#2003=CARTESIAN_POINT('Ctrl Pts',(75.2921986162555,-62.3172989800329,12.4026472179887));
#2004=CARTESIAN_POINT('Ctrl Pts',(75.4515143450572,-61.879717895788,12.4286190780761));
#2005=CARTESIAN_POINT('Ctrl Pts',(75.394011105984,-61.47278930155,12.4545909381636));
#2006=CARTESIAN_POINT('Ctrl Pts',(75.3365078669109,-61.065860707312,12.480562798251));
#2007=CARTESIAN_POINT('Ctrl Pts',(75.0621856599631,-60.6895846030807,12.5065346583385));
#2008=CARTESIAN_POINT('Ctrl Pts',(74.6923532229058,-60.5103343519959,12.5325065184259));
#2009=CARTESIAN_POINT('Ctrl Pts',(74.3225207858485,-60.3310841009111,12.5584783785134));
#2010=CARTESIAN_POINT('Ctrl Pts',(73.8571781186817,-60.3488597029727,12.5844502386008));
#2011=CARTESIAN_POINT('Ctrl Pts',(73.5021378018498,-60.5558678016733,12.6104220986883));
#2012=CARTESIAN_POINT('Ctrl Pts',(73.1470974850178,-60.7628759003738,12.6363939587757));
#2013=CARTESIAN_POINT('Ctrl Pts',(72.9023595185207,-61.1591164957134,12.6623658188631));
#2014=CARTESIAN_POINT('Ctrl Pts',(72.8761202139547,-61.5692127851673,12.6883376789506));
#2015=CARTESIAN_POINT('Ctrl Pts',(72.874408771834,-61.5959610574601,12.6900316771735));
#2016=CARTESIAN_POINT('Ctrl Pts',(72.8736268707625,-61.622768274903,12.6917256753965));
#2017=CARTESIAN_POINT('Ctrl Pts',(72.8737509392662,-61.6495824961621,12.6934196736194));
#2018=CARTESIAN_POINT('Ctrl Pts',(72.8755843975094,-61.6489522554275,12.5565803263806));
#2019=CARTESIAN_POINT('Ctrl Pts',(72.8747184384543,-61.5477087767335,12.5502093535439));
#2020=CARTESIAN_POINT('Ctrl Pts',(72.8859006661357,-61.4466539615543,12.5438383807072));
#2021=CARTESIAN_POINT('Ctrl Pts',(72.9098815382791,-61.3487338117797,12.5374674078705));
#2022=CARTESIAN_POINT('Ctrl Pts',(73.0076417818161,-60.9495532635529,12.5114955477831));
#2023=CARTESIAN_POINT('Ctrl Pts',(73.3180976603229,-60.6024664859292,12.4855236876956));
#2024=CARTESIAN_POINT('Ctrl Pts',(73.7039463189356,-60.4609653758017,12.4595518276082));
#2025=CARTESIAN_POINT('Ctrl Pts',(74.0897949775484,-60.3194642656742,12.4335799675207));
#2026=CARTESIAN_POINT('Ctrl Pts',(74.5510364162671,-60.3835488230428,12.4076081074333));
#2027=CARTESIAN_POINT('Ctrl Pts',(74.8836923183532,-60.6248804478471,12.3816362473458));
#2028=CARTESIAN_POINT('Ctrl Pts',(75.2163482204393,-60.8662120726514,12.3556643872584));
#2029=CARTESIAN_POINT('Ctrl Pts',(75.4204185858928,-61.2847907648914,12.3296925271709));
#2030=CARTESIAN_POINT('Ctrl Pts',(75.405653303399,-61.6955016571776,12.3037206670835));
#2031=CARTESIAN_POINT('Ctrl Pts',(75.3908880209052,-62.1062125494639,12.277748806996));
#2032=CARTESIAN_POINT('Ctrl Pts',(75.1572870904641,-62.5090556417964,12.2517769469086));
#2033=CARTESIAN_POINT('Ctrl Pts',(74.8081596422705,-62.7258767132016,12.2258050868211));
#2034=CARTESIAN_POINT('Ctrl Pts',(74.4590321940769,-62.9426977846068,12.1998332267337));
#2035=CARTESIAN_POINT('Ctrl Pts',(73.9943782281309,-62.9734968350845,12.1738613666462));
#2036=CARTESIAN_POINT('Ctrl Pts',(73.6196876710745,-62.8046529243024,12.1478895065588));
#2037=CARTESIAN_POINT('Ctrl Pts',(73.2449971140181,-62.6358090135203,12.1219176464713));
#2038=CARTESIAN_POINT('Ctrl Pts',(72.9602699658513,-62.2673221414784,12.0959457863839));
#2039=CARTESIAN_POINT('Ctrl Pts',(72.8914251158517,-61.862153377526,12.0699739262964));
#2040=CARTESIAN_POINT('Ctrl Pts',(72.8795907641848,-61.792505326334,12.0655093929911));
#2041=CARTESIAN_POINT('Ctrl Pts',(72.8741355660928,-61.721773353839,12.0610448596859));
#2042=CARTESIAN_POINT('Ctrl Pts',(72.87472922128,-61.6509500181175,12.0565803263806));
#2043=CARTESIAN_POINT('Origin',(74.14,-61.65,13.));
#2044=CARTESIAN_POINT('',(72.8770995147741,-61.649465851777,11.5565803263806));
#2045=CARTESIAN_POINT('',(72.8754147516246,-61.6489537578913,11.6934196736194));
#2046=CARTESIAN_POINT('',(72.8755,-61.65,13.));
#2047=CARTESIAN_POINT('Ctrl Pts',(72.8754147516246,-61.6489537578913,11.6934196736194));
#2048=CARTESIAN_POINT('Ctrl Pts',(72.8781587944671,-61.9663047524761,11.7133966876804));
#2049=CARTESIAN_POINT('Ctrl Pts',(72.9998361366261,-62.2855338867517,11.7333737017414));
#2050=CARTESIAN_POINT('Ctrl Pts',(73.2160314813242,-62.5161587024358,11.7533507158024));
#2051=CARTESIAN_POINT('Ctrl Pts',(73.4971042796371,-62.8159910711448,11.7793225758899));
#2052=CARTESIAN_POINT('Ctrl Pts',(73.9379339297751,-62.9660620545511,11.8052944359773));
#2053=CARTESIAN_POINT('Ctrl Pts',(74.3435663686802,-62.9000037680509,11.8312662960647));
#2054=CARTESIAN_POINT('Ctrl Pts',(74.7491988075853,-62.8339454815507,11.8572381561522));
#2055=CARTESIAN_POINT('Ctrl Pts',(75.1196340352574,-62.551757925144,11.8832100162396));
#2056=CARTESIAN_POINT('Ctrl Pts',(75.2910494353901,-62.17823664171,11.9091818763271));
#2057=CARTESIAN_POINT('Ctrl Pts',(75.4624648355229,-61.8047153582761,11.9351537364146));
#2058=CARTESIAN_POINT('Ctrl Pts',(75.4348604081162,-61.3398603478148,11.961125596502));
#2059=CARTESIAN_POINT('Ctrl Pts',(75.2204440810088,-60.9892509262991,11.9870974565894));
#2060=CARTESIAN_POINT('Ctrl Pts',(75.0060277539015,-60.6386415047834,12.0130693166769));
#2061=CARTESIAN_POINT('Ctrl Pts',(74.6047995270934,-60.4022776722132,12.0390411767643));
#2062=CARTESIAN_POINT('Ctrl Pts',(74.1941998999309,-60.3846894308419,12.0650130368518));
#2063=CARTESIAN_POINT('Ctrl Pts',(73.7836002727684,-60.3671011894706,12.0909848969393));
#2064=CARTESIAN_POINT('Ctrl Pts',(73.3636292452513,-60.5682885392982,12.1169567570267));
#2065=CARTESIAN_POINT('Ctrl Pts',(73.1200165090149,-60.8992784682294,12.1429286171142));
#2066=CARTESIAN_POINT('Ctrl Pts',(72.9621499515267,-61.1137674208634,12.1597589692826));
#2067=CARTESIAN_POINT('Ctrl Pts',(72.8783421103701,-61.3827647967484,12.176589321451));
#2068=CARTESIAN_POINT('Ctrl Pts',(72.8766866751014,-61.6508155668273,12.1934196736194));
#2069=CARTESIAN_POINT('Ctrl Pts',(72.87472922128,-61.6509500181175,12.0565803263806));
#2070=CARTESIAN_POINT('Ctrl Pts',(72.8775890803592,-61.3097675201919,12.0350729995984));
#2071=CARTESIAN_POINT('Ctrl Pts',(73.0208252370347,-60.966464747417,12.0135656728162));
#2072=CARTESIAN_POINT('Ctrl Pts',(73.2675110283324,-60.7320069578915,11.9920583460341));
#2073=CARTESIAN_POINT('Ctrl Pts',(73.5654043426449,-60.4488799580721,11.9660864859466));
#2074=CARTESIAN_POINT('Ctrl Pts',(74.0141535231022,-60.3244766142962,11.9401146258592));
#2075=CARTESIAN_POINT('Ctrl Pts',(74.4153021668429,-60.4138135323616,11.9141427657717));
#2076=CARTESIAN_POINT('Ctrl Pts',(74.8164508105836,-60.503150450427,11.8881709056843));
#2077=CARTESIAN_POINT('Ctrl Pts',(75.1699989176077,-60.8062276303337,11.8621990455968));
#2078=CARTESIAN_POINT('Ctrl Pts',(75.3195920995707,-61.1890111274955,11.8362271855094));
#2079=CARTESIAN_POINT('Ctrl Pts',(75.4691852815338,-61.5717946246574,11.8102553254219));
#2080=CARTESIAN_POINT('Ctrl Pts',(75.4148235384359,-62.0342844390744,11.7842834653345));
#2081=CARTESIAN_POINT('Ctrl Pts',(75.1805480075752,-62.3719474359894,11.758311605247));
#2082=CARTESIAN_POINT('Ctrl Pts',(74.9462724767145,-62.7096104329044,11.7323397451596));
#2083=CARTESIAN_POINT('Ctrl Pts',(74.532083158091,-62.9224466123173,11.7063678850721));
#2084=CARTESIAN_POINT('Ctrl Pts',(74.1211526085374,-62.9163305401816,11.6803960249847));
#2085=CARTESIAN_POINT('Ctrl Pts',(73.7102220589837,-62.9102144680459,11.6544241648972));
#2086=CARTESIAN_POINT('Ctrl Pts',(73.3025502784999,-62.6851461443615,11.6284523048098));
#2087=CARTESIAN_POINT('Ctrl Pts',(73.0784274845203,-62.3406605901442,11.6024804447223));
#2088=CARTESIAN_POINT('Ctrl Pts',(72.9463966027363,-62.1377239290509,11.5871804052751));
#2089=CARTESIAN_POINT('Ctrl Pts',(72.8780644816078,-61.893344764075,11.5718803658278));
#2090=CARTESIAN_POINT('Ctrl Pts',(72.8770995147741,-61.649465851777,11.5565803263806));
#2091=CARTESIAN_POINT('Origin',(74.14,-61.65,13.));
#2092=CARTESIAN_POINT('',(72.8735312797679,-61.6500448244677,11.0565803263806));
#2093=CARTESIAN_POINT('',(72.8748945213609,-61.6509868145492,11.1934196736194));
#2094=CARTESIAN_POINT('',(72.8755,-61.65,13.));
#2095=CARTESIAN_POINT('Ctrl Pts',(72.8748945213609,-61.6509868145492,11.1934196736194));
#2096=CARTESIAN_POINT('Ctrl Pts',(72.8742374506783,-61.7278029579182,11.1982603337349));
#2097=CARTESIAN_POINT('Ctrl Pts',(72.8806578155664,-61.804509634924,11.2031009938504));
#2098=CARTESIAN_POINT('Ctrl Pts',(72.8945586457916,-61.8798358540928,11.2079416539659));
#2099=CARTESIAN_POINT('Ctrl Pts',(72.9691415351277,-62.2839877628174,11.2339135140534));
#2100=CARTESIAN_POINT('Ctrl Pts',(73.259064838738,-62.6484003840657,11.2598853741408));
#2101=CARTESIAN_POINT('Ctrl Pts',(73.6361118852681,-62.8119145791069,11.2858572342283));
#2102=CARTESIAN_POINT('Ctrl Pts',(74.0131589317982,-62.975428774148,11.3118290943157));
#2103=CARTESIAN_POINT('Ctrl Pts',(74.4773297212482,-62.938044542982,11.3378009544032));
#2104=CARTESIAN_POINT('Ctrl Pts',(74.8233476912767,-62.7162948233285,11.3637728144906));
#2105=CARTESIAN_POINT('Ctrl Pts',(75.1693656613052,-62.4945451036751,11.3897446745781));
#2106=CARTESIAN_POINT('Ctrl Pts',(75.3972308119122,-62.0884298955343,11.4157165346655));
#2107=CARTESIAN_POINT('Ctrl Pts',(75.4061712571839,-61.6775510323044,11.441688394753));
#2108=CARTESIAN_POINT('Ctrl Pts',(75.4151117024555,-61.2666721690745,11.4676602548404));
#2109=CARTESIAN_POINT('Ctrl Pts',(75.2051274423917,-60.8510296507556,11.4936321149279));
#2110=CARTESIAN_POINT('Ctrl Pts',(74.8690826595748,-60.6144387067133,11.5196039750153));
#2111=CARTESIAN_POINT('Ctrl Pts',(74.5330378767579,-60.3778477626709,11.5455758351028));
#2112=CARTESIAN_POINT('Ctrl Pts',(74.0709325711878,-60.3203083929053,11.5715476951902));
#2113=CARTESIAN_POINT('Ctrl Pts',(73.6871298391392,-60.4672670084497,11.5975195552777));
#2114=CARTESIAN_POINT('Ctrl Pts',(73.3033271070906,-60.6142256239942,11.6234914153651));
#2115=CARTESIAN_POINT('Ctrl Pts',(72.9978269485634,-60.9656822248488,11.6494632754526));
#2116=CARTESIAN_POINT('Ctrl Pts',(72.9057348425436,-61.366207402282,11.67543513554));
#2117=CARTESIAN_POINT('Ctrl Pts',(72.8844780671728,-61.4586569519233,11.6814299815665));
#2118=CARTESIAN_POINT('Ctrl Pts',(72.8745912995171,-61.5537207894872,11.687424827593));
#2119=CARTESIAN_POINT('Ctrl Pts',(72.8754147516246,-61.6489537578913,11.6934196736194));
#2120=CARTESIAN_POINT('Ctrl Pts',(72.8770995147741,-61.649465851777,11.5565803263806));
#2121=CARTESIAN_POINT('Ctrl Pts',(72.8764264476877,-61.479359623035,11.5459085057404));
#2122=CARTESIAN_POINT('Ctrl Pts',(72.9085281871016,-61.3094967723145,11.5352366851002));
#2123=CARTESIAN_POINT('Ctrl Pts',(72.9746495738695,-61.1541102478777,11.52456486446));
#2124=CARTESIAN_POINT('Ctrl Pts',(73.1355682646739,-60.7759482445787,11.4985930043725));
#2125=CARTESIAN_POINT('Ctrl Pts',(73.4979794537583,-60.4835270227311,11.4726211442851));
#2126=CARTESIAN_POINT('Ctrl Pts',(73.9016091114177,-60.4061679976454,11.4466492841976));
#2127=CARTESIAN_POINT('Ctrl Pts',(74.3052387690771,-60.3288089725596,11.4206774241102));
#2128=CARTESIAN_POINT('Ctrl Pts',(74.7500868953113,-60.4665121442357,11.3947055640227));
#2129=CARTESIAN_POINT('Ctrl Pts',(75.0394223041904,-60.7583791446101,11.3687337039353));
#2130=CARTESIAN_POINT('Ctrl Pts',(75.3287577130695,-61.0502461449845,11.3427618438478));
#2131=CARTESIAN_POINT('Ctrl Pts',(75.4625804045934,-61.4962769740573,11.3167899837604));
#2132=CARTESIAN_POINT('Ctrl Pts',(75.381708086034,-61.899217427158,11.2908181236729));
#2133=CARTESIAN_POINT('Ctrl Pts',(75.3008357674746,-62.3021578802587,11.2648462635855));
#2134=CARTESIAN_POINT('Ctrl Pts',(75.0052684388319,-62.6620079573873,11.238874403498));
#2135=CARTESIAN_POINT('Ctrl Pts',(74.6257189929933,-62.8196261603939,11.2129025434106));
#2136=CARTESIAN_POINT('Ctrl Pts',(74.2461695471546,-62.9772443634004,11.1869306833231));
#2137=CARTESIAN_POINT('Ctrl Pts',(73.78263798412,-62.9326306922847,11.1609588232357));
#2138=CARTESIAN_POINT('Ctrl Pts',(73.4401178475078,-62.7055155054244,11.1349869631482));
#2139=CARTESIAN_POINT('Ctrl Pts',(73.0975977108956,-62.4784003185641,11.1090151030608));
#2140=CARTESIAN_POINT('Ctrl Pts',(72.8760890007059,-62.0687836159591,11.0830432429733));
#2141=CARTESIAN_POINT('Ctrl Pts',(72.8735531564642,-61.6578152228877,11.0570713828859));
#2142=CARTESIAN_POINT('Ctrl Pts',(72.8735371745154,-61.6552251285549,11.0569076973841));
#2143=CARTESIAN_POINT('Ctrl Pts',(72.8735298902706,-61.6526349805323,11.0567440118823));
#2144=CARTESIAN_POINT('Ctrl Pts',(72.8735312797679,-61.6500448244677,11.0565803263806));
#2145=CARTESIAN_POINT('Origin',(74.14,-61.65,13.));
#2146=CARTESIAN_POINT('',(72.8771835631888,-61.6504477392462,10.5565803263806));
#2147=CARTESIAN_POINT('',(72.8770124900111,-61.649389487066,10.6934196736194));
#2148=CARTESIAN_POINT('',(72.8755,-61.65,13.));
#2149=CARTESIAN_POINT('',(74.4300852185976,-62.8807765093433,10.2));
#2150=CARTESIAN_POINT('Ctrl Pts',(72.8771835631888,-61.6504477392462,10.5565803263806));
#2151=CARTESIAN_POINT('Ctrl Pts',(72.8780186818405,-61.4117426757315,10.5416076579369));
#2152=CARTESIAN_POINT('Ctrl Pts',(72.9432888202982,-61.1726265067875,10.5266349894931));
#2153=CARTESIAN_POINT('Ctrl Pts',(73.0700144040436,-60.9724683964,10.5116623210494));
#2154=CARTESIAN_POINT('Ctrl Pts',(73.2898348817965,-60.6252705366539,10.485690460962));
#2155=CARTESIAN_POINT('Ctrl Pts',(73.6945686231896,-60.395293563016,10.4597186008745));
#2156=CARTESIAN_POINT('Ctrl Pts',(74.1054629641112,-60.3840457138505,10.433746740787));
#2157=CARTESIAN_POINT('Ctrl Pts',(74.5163573050329,-60.3727978646849,10.4077748806996));
#2158=CARTESIAN_POINT('Ctrl Pts',(74.9334122454829,-60.5802791399918,10.3818030206122));
#2159=CARTESIAN_POINT('Ctrl Pts',(75.1716830028921,-60.9151282401426,10.3558311605247));
#2160=CARTESIAN_POINT('Ctrl Pts',(75.4099537603012,-61.2499773402935,10.3298593004373));
#2161=CARTESIAN_POINT('Ctrl Pts',(75.4694403346695,-61.7121942652884,10.3038874403498));
#2162=CARTESIAN_POINT('Ctrl Pts',(75.3248959529407,-62.0962251329026,10.2779155802624));
#2163=CARTESIAN_POINT('Ctrl Pts',(75.1803515712119,-62.4802560005169,10.2519437201749));
#2164=CARTESIAN_POINT('Ctrl Pts',(74.8317762333859,-62.7861008107506,10.2259718600875));
#2165=CARTESIAN_POINT('Ctrl Pts',(74.4300852185976,-62.8807765093433,10.2));
#2166=CARTESIAN_POINT('',(72.8778314894411,-61.7542003000257,10.2));
#2167=CARTESIAN_POINT('Origin',(74.14,-61.65,10.2));
#2168=CARTESIAN_POINT('Ctrl Pts',(72.8778162214306,-61.7541984339951,10.2));
#2169=CARTESIAN_POINT('Ctrl Pts',(72.9112562954786,-62.1377089135529,10.2243182302726));
#2170=CARTESIAN_POINT('Ctrl Pts',(73.1314513809544,-62.5072536579127,10.2486364605452));
#2171=CARTESIAN_POINT('Ctrl Pts',(73.4552328968516,-62.7153299035002,10.2729546908177));
#2172=CARTESIAN_POINT('Ctrl Pts',(73.8010314247678,-62.9375552495614,10.2989265509052));
#2173=CARTESIAN_POINT('Ctrl Pts',(74.2649830317338,-62.975605890288,10.3248984109926));
#2174=CARTESIAN_POINT('Ctrl Pts',(74.642216121792,-62.8126253285846,10.3508702710801));
#2175=CARTESIAN_POINT('Ctrl Pts',(75.0194492118502,-62.6496447668813,10.3768421311675));
#2176=CARTESIAN_POINT('Ctrl Pts',(75.3099637850006,-62.285633002748,10.402813991255));
#2177=CARTESIAN_POINT('Ctrl Pts',(75.3851353670087,-61.8815844750163,10.4287858513424));
#2178=CARTESIAN_POINT('Ctrl Pts',(75.4603069490167,-61.4775359472846,10.4547577114299));
#2179=CARTESIAN_POINT('Ctrl Pts',(75.3201355398823,-61.0334506559544,10.4807295715173));
#2180=CARTESIAN_POINT('Ctrl Pts',(75.026680857853,-60.7457163451593,10.5067014316048));
#2181=CARTESIAN_POINT('Ctrl Pts',(74.7332261758237,-60.4579820343641,10.5326732916922));
#2182=CARTESIAN_POINT('Ctrl Pts',(74.2864882208993,-60.3265987041039,10.5586451517797));
#2183=CARTESIAN_POINT('Ctrl Pts',(73.8840006854172,-60.4096726897671,10.5846170118671));
#2184=CARTESIAN_POINT('Ctrl Pts',(73.4815131499351,-60.4927466754303,10.6105888719546));
#2185=CARTESIAN_POINT('Ctrl Pts',(73.1232760338951,-60.7902779770169,10.636560732042));
#2186=CARTESIAN_POINT('Ctrl Pts',(72.9677332730555,-61.1706839063237,10.6625325921295));
#2187=CARTESIAN_POINT('Ctrl Pts',(72.906073436691,-61.3214833856857,10.6728282859595));
#2188=CARTESIAN_POINT('Ctrl Pts',(72.876266339352,-61.4853063352178,10.6831239797894));
#2189=CARTESIAN_POINT('Ctrl Pts',(72.8770124900111,-61.649389487066,10.6934196736194));
#2190=CARTESIAN_POINT('Origin',(94.37,-34.57,13.));
#2191=CARTESIAN_POINT('',(93.1055868952995,-34.5689522602626,12.5565803263806));
#2192=CARTESIAN_POINT('',(93.1037533770518,-34.5695828583978,12.6934196736194));
#2193=CARTESIAN_POINT('',(93.1055,-34.57,13.));
#2194=CARTESIAN_POINT('',(95.3281161527224,-33.7447887010635,13.));
#2195=CARTESIAN_POINT('Ctrl Pts',(93.1037533770518,-34.5695828583978,12.6934196736194));
#2196=CARTESIAN_POINT('Ctrl Pts',(93.1055318463679,-34.953874771335,12.7176975354839));
#2197=CARTESIAN_POINT('Ctrl Pts',(93.2933942568652,-35.3396042991371,12.7419753973485));
#2198=CARTESIAN_POINT('Ctrl Pts',(93.5979518511122,-35.5738751542968,12.766253259213));
#2199=CARTESIAN_POINT('Ctrl Pts',(93.9237600821046,-35.8244923588402,12.7922251193004));
#2200=CARTESIAN_POINT('Ctrl Pts',(94.3831165532197,-35.9017773097913,12.8181969793879));
#2201=CARTESIAN_POINT('Ctrl Pts',(94.7727028906387,-35.7709288210201,12.8441688394753));
#2202=CARTESIAN_POINT('Ctrl Pts',(95.1622892280578,-35.6400803322489,12.8701406995628));
#2203=CARTESIAN_POINT('Ctrl Pts',(95.4821054317809,-35.3010984037556,12.8961125596502));
#2204=CARTESIAN_POINT('Ctrl Pts',(95.5908936324641,-34.9054510718559,12.9220844197377));
#2205=CARTESIAN_POINT('Ctrl Pts',(95.6996818331473,-34.5098037399563,12.9480562798251));
#2206=CARTESIAN_POINT('Ctrl Pts',(95.5974420307906,-34.0574910046503,12.9740281399126));
#2207=CARTESIAN_POINT('Ctrl Pts',(95.3281161527224,-33.7447887010635,13.));
#2208=CARTESIAN_POINT('',(93.4101330351233,-33.7438188298742,13.));
#2209=CARTESIAN_POINT('Origin',(94.37,-34.57,13.));
#2210=CARTESIAN_POINT('Ctrl Pts',(93.4101196360018,-33.7438114073634,13.));
#2211=CARTESIAN_POINT('Ctrl Pts',(93.6625953626359,-33.4531983933001,12.9756817697274));
#2212=CARTESIAN_POINT('Ctrl Pts',(94.0579489202895,-33.2836610406,12.9513635394548));
#2213=CARTESIAN_POINT('Ctrl Pts',(94.4421968851025,-33.3056382869653,12.9270453091823));
#2214=CARTESIAN_POINT('Ctrl Pts',(94.8525735559846,-33.3291099771873,12.9010734490948));
#2215=CARTESIAN_POINT('Ctrl Pts',(95.2502829307406,-33.571027649866,12.8751015890074));
#2216=CARTESIAN_POINT('Ctrl Pts',(95.4596729326555,-33.9246124669485,12.8491297289199));
#2217=CARTESIAN_POINT('Ctrl Pts',(95.6690629345704,-34.2781972840311,12.8231578688325));
#2218=CARTESIAN_POINT('Ctrl Pts',(95.6901335636442,-34.7434492455174,12.797186008745));
#2219=CARTESIAN_POINT('Ctrl Pts',(95.5134552812376,-35.114515579599,12.7712141486576));
#2220=CARTESIAN_POINT('Ctrl Pts',(95.336776998831,-35.4855819136805,12.7452422885701));
#2221=CARTESIAN_POINT('Ctrl Pts',(94.962349804944,-35.7624626203573,12.7192704284827));
#2222=CARTESIAN_POINT('Ctrl Pts',(94.555814832495,-35.8227559694028,12.6932985683952));
#2223=CARTESIAN_POINT('Ctrl Pts',(94.149279860046,-35.8830493184482,12.6673267083078));
#2224=CARTESIAN_POINT('Ctrl Pts',(93.7106371090349,-35.7267553098623,12.6413548482203));
#2225=CARTESIAN_POINT('Ctrl Pts',(93.433848122725,-35.4229715211008,12.6153829881329));
#2226=CARTESIAN_POINT('Ctrl Pts',(93.2249562799904,-35.1937067794893,12.5957821008821));
#2227=CARTESIAN_POINT('Ctrl Pts',(93.1082511135697,-34.8804366231767,12.5761812136313));
#2228=CARTESIAN_POINT('Ctrl Pts',(93.1055868952995,-34.5689522602626,12.5565803263806));
#2229=CARTESIAN_POINT('Origin',(94.37,-34.57,13.));
#2230=CARTESIAN_POINT('',(93.104731723558,-34.570950015443,12.0565803263806));
#2231=CARTESIAN_POINT('',(93.1066891698908,-34.5708155772209,12.1934196736194));
#2232=CARTESIAN_POINT('',(93.1055,-34.57,13.));
#2233=CARTESIAN_POINT('Ctrl Pts',(93.1066891698908,-34.5708155772209,12.1934196736194));
#2234=CARTESIAN_POINT('Ctrl Pts',(93.1057900118221,-34.7164086942519,12.2025611815385));
#2235=CARTESIAN_POINT('Ctrl Pts',(93.1291272868957,-34.8617225437768,12.2117026894575));
#2236=CARTESIAN_POINT('Ctrl Pts',(93.1779979344744,-34.9978709665857,12.2208441973765));
#2237=CARTESIAN_POINT('Ctrl Pts',(93.3168439139933,-35.3846810880275,12.246816057464));
#2238=CARTESIAN_POINT('Ctrl Pts',(93.6617901872804,-35.6975097117921,12.2727879175514));
#2239=CARTESIAN_POINT('Ctrl Pts',(94.0602873966056,-35.7980139738755,12.2987597776389));
#2240=CARTESIAN_POINT('Ctrl Pts',(94.4587846059308,-35.8985182359588,12.3247316377263));
#2241=CARTESIAN_POINT('Ctrl Pts',(94.9108327512941,-35.7866981363611,12.3507034978138));
#2242=CARTESIAN_POINT('Ctrl Pts',(95.2165145473263,-35.5119979019618,12.3766753579012));
#2243=CARTESIAN_POINT('Ctrl Pts',(95.5221963433585,-35.2372976675625,12.4026472179887));
#2244=CARTESIAN_POINT('Ctrl Pts',(95.6815117900597,-34.7997172983617,12.4286190780761));
#2245=CARTESIAN_POINT('Ctrl Pts',(95.6240086423931,-34.3927895729511,12.4545909381636));
#2246=CARTESIAN_POINT('Ctrl Pts',(95.5665054947265,-33.9858618475405,12.480562798251));
#2247=CARTESIAN_POINT('Ctrl Pts',(95.292183752692,-33.60958676592,12.5065346583385));
#2248=CARTESIAN_POINT('Ctrl Pts',(94.9223520985059,-33.4303367512763,12.5325065184259));
#2249=CARTESIAN_POINT('Ctrl Pts',(94.5525204443197,-33.2510867366325,12.5584783785134));
#2250=CARTESIAN_POINT('Ctrl Pts',(94.0871788779818,-33.2688617889654,12.5844502386008));
#2251=CARTESIAN_POINT('Ctrl Pts',(93.732139149269,-33.4758696804957,12.6104220986883));
#2252=CARTESIAN_POINT('Ctrl Pts',(93.3770994205561,-33.6828775720261,12.6363939587757));
#2253=CARTESIAN_POINT('Ctrl Pts',(93.1323615294683,-34.0791183027539,12.6623658188632));
#2254=CARTESIAN_POINT('Ctrl Pts',(93.1061225793592,-34.4892133971857,12.6883376789506));
#2255=CARTESIAN_POINT('Ctrl Pts',(93.1044111603578,-34.5159615915339,12.6900316771736));
#2256=CARTESIAN_POINT('Ctrl Pts',(93.1036292835927,-34.5427687253725,12.6917256753965));
#2257=CARTESIAN_POINT('Ctrl Pts',(93.1037533770518,-34.5695828583978,12.6934196736194));
#2258=CARTESIAN_POINT('Ctrl Pts',(93.1055868952995,-34.5689522602626,12.5565803263806));
#2259=CARTESIAN_POINT('Ctrl Pts',(93.1047209313248,-34.4677089650081,12.5502093535439));
#2260=CARTESIAN_POINT('Ctrl Pts',(93.1159031312042,-34.3666543347184,12.5438383807072));
#2261=CARTESIAN_POINT('Ctrl Pts',(93.1398839529685,-34.2687343701383,12.5374674078705));
#2262=CARTESIAN_POINT('Ctrl Pts',(93.2376439911307,-33.8695545768742,12.511495547783));
#2263=CARTESIAN_POINT('Ctrl Pts',(93.5480992890638,-33.5224685592828,12.4855236876956));
#2264=CARTESIAN_POINT('Ctrl Pts',(93.9339471917517,-33.3809677469801,12.4595518276081));
#2265=CARTESIAN_POINT('Ctrl Pts',(94.3197950944397,-33.2394669346774,12.4335799675207));
#2266=CARTESIAN_POINT('Ctrl Pts',(94.7810356018826,-33.3035513276634,12.4076081074332));
#2267=CARTESIAN_POINT('Ctrl Pts',(95.1136908417014,-33.5448824658726,12.3816362473458));
#2268=CARTESIAN_POINT('Ctrl Pts',(95.4463460815202,-33.7862136040818,12.3556643872584));
#2269=CARTESIAN_POINT('Ctrl Pts',(95.650416053715,-34.2047914875142,12.3296925271709));
#2270=CARTESIAN_POINT('Ctrl Pts',(95.6356508028175,-34.6155015721024,12.3037206670835));
#2271=CARTESIAN_POINT('Ctrl Pts',(95.6208855519201,-35.0262116566907,12.277748806996));
#2272=CARTESIAN_POINT('Ctrl Pts',(95.3872850779304,-35.4290539424347,12.2517769469085));
#2273=CARTESIAN_POINT('Ctrl Pts',(95.0381583190246,-35.6458745825463,12.2258050868211));
#2274=CARTESIAN_POINT('Ctrl Pts',(94.6890315601187,-35.8626952226579,12.1998332267336));
#2275=CARTESIAN_POINT('Ctrl Pts',(94.2243785162967,-35.893494217137,12.1738613666462));
#2276=CARTESIAN_POINT('Ctrl Pts',(93.8496887011168,-35.7246506415614,12.1478895065587));
#2277=CARTESIAN_POINT('Ctrl Pts',(93.474998885937,-35.5558070659858,12.1219176464713));
#2278=CARTESIAN_POINT('Ctrl Pts',(93.1902722993993,-35.1873209203554,12.0959457863838));
#2279=CARTESIAN_POINT('Ctrl Pts',(93.1214275852017,-34.7821529572416,12.0699739262964));
#2280=CARTESIAN_POINT('Ctrl Pts',(93.1095932568789,-34.7125050437129,12.0655093929911));
#2281=CARTESIAN_POINT('Ctrl Pts',(93.1041380695483,-34.6417732110804,12.0610448596859));
#2282=CARTESIAN_POINT('Ctrl Pts',(93.104731723558,-34.570950015443,12.0565803263806));
#2283=CARTESIAN_POINT('Origin',(94.37,-34.57,13.));
#2284=CARTESIAN_POINT('',(93.1071020128253,-34.5694658529067,11.5565803263806));
#2285=CARTESIAN_POINT('',(93.1054172503763,-34.5689537599606,11.6934196736194));
#2286=CARTESIAN_POINT('',(93.1055,-34.57,13.));
#2287=CARTESIAN_POINT('Ctrl Pts',(93.1054172503763,-34.5689537599606,11.6934196736194));
#2288=CARTESIAN_POINT('Ctrl Pts',(93.1081612877982,-34.886304127618,11.7133966876804));
#2289=CARTESIAN_POINT('Ctrl Pts',(93.2298383895266,-35.2055326313099,11.7333737017414));
#2290=CARTESIAN_POINT('Ctrl Pts',(93.4460333070347,-35.4361569911498,11.7533507158024));
#2291=CARTESIAN_POINT('Ctrl Pts',(93.7271055499631,-35.7359887672215,11.7793225758899));
#2292=CARTESIAN_POINT('Ctrl Pts',(94.1679343290507,-35.8860594533401,11.8052944359773));
#2293=CARTESIAN_POINT('Ctrl Pts',(94.5735659664407,-35.8200012977339,11.8312662960648));
#2294=CARTESIAN_POINT('Ctrl Pts',(94.9791976038307,-35.7539431421278,11.8572381561522));
#2295=CARTESIAN_POINT('Ctrl Pts',(95.349632099523,-35.4717561447968,11.8832100162397));
#2296=CARTESIAN_POINT('Ctrl Pts',(95.5210471609831,-35.0982355987008,11.9091818763271));
#2297=CARTESIAN_POINT('Ctrl Pts',(95.6924622224432,-34.7247150526047,11.9351537364146));
#2298=CARTESIAN_POINT('Ctrl Pts',(95.664857849671,-34.2598609577435,11.961125596502));
#2299=CARTESIAN_POINT('Ctrl Pts',(95.4504419461377,-33.9092522304114,11.9870974565895));
#2300=CARTESIAN_POINT('Ctrl Pts',(95.2360260426045,-33.5586435030792,12.0130693166769));
#2301=CARTESIAN_POINT('Ctrl Pts',(94.83479860831,-33.3222801432762,12.0390411767644));
#2302=CARTESIAN_POINT('Ctrl Pts',(94.4241997927358,-33.3046919339468,12.0650130368518));
#2303=CARTESIAN_POINT('Ctrl Pts',(94.0136009771616,-33.2871037246173,12.0909848969393));
#2304=CARTESIAN_POINT('Ctrl Pts',(93.5936307803076,-33.4882906657616,12.1169567570267));
#2305=CARTESIAN_POINT('Ctrl Pts',(93.3500185247561,-33.8192799458933,12.1429286171142));
#2306=CARTESIAN_POINT('Ctrl Pts',(93.1921522787625,-34.0337684780905,12.1597589692826));
#2307=CARTESIAN_POINT('Ctrl Pts',(93.108344602133,-34.3027653327059,12.176589321451));
#2308=CARTESIAN_POINT('Ctrl Pts',(93.1066891698908,-34.5708155772209,12.1934196736194));
#2309=CARTESIAN_POINT('Ctrl Pts',(93.104731723558,-34.570950015443,12.0565803263806));
#2310=CARTESIAN_POINT('Ctrl Pts',(93.1075915769649,-34.2297681923551,12.0350729995984));
#2311=CARTESIAN_POINT('Ctrl Pts',(93.2508274509033,-33.8864660995616,12.0135656728162));
#2312=CARTESIAN_POINT('Ctrl Pts',(93.4975127544032,-33.6520087740683,11.992058346034));
#2313=CARTESIAN_POINT('Ctrl Pts',(93.7954054796599,-33.3688823346061,11.9660864859466));
#2314=CARTESIAN_POINT('Ctrl Pts',(94.2441537720308,-33.2444792362789,11.9401146258591));
#2315=CARTESIAN_POINT('Ctrl Pts',(94.6453016221624,-33.3338159774748,11.9141427657717));
#2316=CARTESIAN_POINT('Ctrl Pts',(95.046449472294,-33.4231527186708,11.8881709056842));
#2317=CARTESIAN_POINT('Ctrl Pts',(95.3999968801863,-33.72622929939,11.8621990455968));
#2318=CARTESIAN_POINT('Ctrl Pts',(95.5495897663003,-34.1090120394501,11.8362271855093));
#2319=CARTESIAN_POINT('Ctrl Pts',(95.6991826524143,-34.4917947795102,11.8102553254219));
#2320=CARTESIAN_POINT('Ctrl Pts',(95.6448210167499,-34.9542836789113,11.7842834653344));
#2321=CARTESIAN_POINT('Ctrl Pts',(95.410545949269,-35.2919460078731,11.758311605247));
#2322=CARTESIAN_POINT('Ctrl Pts',(95.1762708817881,-35.6296083368348,11.7323397451595));
#2323=CARTESIAN_POINT('Ctrl Pts',(94.7620823824905,-35.8424440953573,11.7063678850721));
#2324=CARTESIAN_POINT('Ctrl Pts',(94.3511526458184,-35.8363280353201,11.6803960249846));
#2325=CARTESIAN_POINT('Ctrl Pts',(93.9402229091463,-35.8302119752829,11.6544241648972));
#2326=CARTESIAN_POINT('Ctrl Pts',(93.5325519350996,-35.605144096686,11.6284523048097));
#2327=CARTESIAN_POINT('Ctrl Pts',(93.308429584416,-35.2606592239164,11.6024804447223));
#2328=CARTESIAN_POINT('Ctrl Pts',(93.176398963778,-35.0577229642644,11.5871804052751));
#2329=CARTESIAN_POINT('Ctrl Pts',(93.108066977771,-34.8133442827561,11.5718803658278));
#2330=CARTESIAN_POINT('Ctrl Pts',(93.1071020128253,-34.5694658529067,11.5565803263806));
#2331=CARTESIAN_POINT('Origin',(94.37,-34.57,13.));
#2332=CARTESIAN_POINT('',(93.1035337818657,-34.5700448291293,11.0565803263806));
#2333=CARTESIAN_POINT('',(93.1048970212161,-34.5709868125813,11.1934196736194));
#2334=CARTESIAN_POINT('',(93.1055,-34.57,13.));
#2335=CARTESIAN_POINT('Ctrl Pts',(93.1048970212161,-34.5709868125813,11.1934196736194));
#2336=CARTESIAN_POINT('Ctrl Pts',(93.1042399519486,-34.647802804122,11.1982603337349));
#2337=CARTESIAN_POINT('Ctrl Pts',(93.1106603042507,-34.7245093295217,11.2031009938505));
#2338=CARTESIAN_POINT('Ctrl Pts',(93.1245611070725,-34.7998353998257,11.207941653966));
#2339=CARTESIAN_POINT('Ctrl Pts',(93.1991438493793,-35.2039865098374,11.2339135140534));
#2340=CARTESIAN_POINT('Ctrl Pts',(93.4890665794073,-35.5683984112856,11.2598853741409));
#2341=CARTESIAN_POINT('Ctrl Pts',(93.8661128807391,-35.7319122832941,11.2858572342283));
#2342=CARTESIAN_POINT('Ctrl Pts',(94.2431591820709,-35.8954261553026,11.3118290943158));
#2343=CARTESIAN_POINT('Ctrl Pts',(94.7073290547066,-35.8580419978713,11.3378009544032));
#2344=CARTESIAN_POINT('Ctrl Pts',(95.0533463411133,-35.6362927163569,11.3637728144907));
#2345=CARTESIAN_POINT('Ctrl Pts',(95.3993636275199,-35.4145434348426,11.3897446745781));
#2346=CARTESIAN_POINT('Ctrl Pts',(95.6272283276975,-35.0084290292453,11.4157165346656));
#2347=CARTESIAN_POINT('Ctrl Pts',(95.6361687552575,-34.5975509778913,11.441688394753));
#2348=CARTESIAN_POINT('Ctrl Pts',(95.6451091828175,-34.1866729265374,11.4676602548405));
#2349=CARTESIAN_POINT('Ctrl Pts',(95.4351253377601,-33.7710312294268,11.4936321149279));
#2350=CARTESIAN_POINT('Ctrl Pts',(95.0990812189718,-33.5344407528911,11.5196039750154));
#2351=CARTESIAN_POINT('Ctrl Pts',(94.7630371001835,-33.2978502763554,11.5455758351028));
#2352=CARTESIAN_POINT('Ctrl Pts',(94.3009327076642,-33.2403110203945,11.5715476951903));
#2353=CARTESIAN_POINT('Ctrl Pts',(93.9171307339751,-33.3872693455131,11.5975195552777));
#2354=CARTESIAN_POINT('Ctrl Pts',(93.5333287602859,-33.5342276706317,11.6234914153652));
#2355=CARTESIAN_POINT('Ctrl Pts',(93.2278292054267,-33.8856835768298,11.6494632754526));
#2356=CARTESIAN_POINT('Ctrl Pts',(93.1357372813818,-34.2862079629414,11.6754351355401));
#2357=CARTESIAN_POINT('Ctrl Pts',(93.1144805480146,-34.3786573299292,11.6814299815665));
#2358=CARTESIAN_POINT('Ctrl Pts',(93.1045937998955,-34.4737209796895,11.687424827593));
#2359=CARTESIAN_POINT('Ctrl Pts',(93.1054172503763,-34.5689537599606,11.6934196736194));
#2360=CARTESIAN_POINT('Ctrl Pts',(93.1071020128253,-34.5694658529068,11.5565803263806));
#2361=CARTESIAN_POINT('Ctrl Pts',(93.1064289470558,-34.3993599606741,11.5459085057404));
#2362=CARTESIAN_POINT('Ctrl Pts',(93.1385306229671,-34.2294974459671,11.5352366851002));
#2363=CARTESIAN_POINT('Ctrl Pts',(93.2046518789663,-34.0741112288673,11.52456486446));
#2364=CARTESIAN_POINT('Ctrl Pts',(93.3655702515211,-33.6959499735301,11.4985930043725));
#2365=CARTESIAN_POINT('Ctrl Pts',(93.7279807239515,-33.4035293297982,11.472621144285));
#2366=CARTESIAN_POINT('Ctrl Pts',(94.1316095830895,-33.3261704578854,11.4466492841976));
#2367=CARTESIAN_POINT('Ctrl Pts',(94.5352384422276,-33.2488115859726,11.4206774241101));
#2368=CARTESIAN_POINT('Ctrl Pts',(94.9800856880734,-33.386514485879,11.3947055640227));
#2369=CARTESIAN_POINT('Ctrl Pts',(95.269420524834,-33.678380908614,11.3687337039352));
#2370=CARTESIAN_POINT('Ctrl Pts',(95.5587553615946,-33.970247331349,11.3427618438478));
#2371=CARTESIAN_POINT('Ctrl Pts',(95.69257778927,-34.4162772769127,11.3167899837603));
#2372=CARTESIAN_POINT('Ctrl Pts',(95.6117056302857,-34.819216933571,11.2908181236729));
#2373=CARTESIAN_POINT('Ctrl Pts',(95.5308334713013,-35.2221565902294,11.2648462635854));
#2374=CARTESIAN_POINT('Ctrl Pts',(95.2352667256573,-35.5820059579824,11.238874403498));
#2375=CARTESIAN_POINT('Ctrl Pts',(94.8557180313424,-35.7396238480095,11.2129025434105));
#2376=CARTESIAN_POINT('Ctrl Pts',(94.4761693370276,-35.8972417380365,11.1869306833231));
#2377=CARTESIAN_POINT('Ctrl Pts',(94.0126386940419,-35.8526281503376,11.1609588232356));
#2378=CARTESIAN_POINT('Ctrl Pts',(93.6701192335767,-35.6255134150932,11.1349869631482));
#2379=CARTESIAN_POINT('Ctrl Pts',(93.3275997731115,-35.3983986798489,11.1090151030607));
#2380=CARTESIAN_POINT('Ctrl Pts',(93.1060914951666,-34.9887827970592,11.0830432429733));
#2381=CARTESIAN_POINT('Ctrl Pts',(93.1035556584699,-34.5778152122684,11.0570713828858));
#2382=CARTESIAN_POINT('Ctrl Pts',(93.1035396765687,-34.5752251230297,11.0569076973841));
#2383=CARTESIAN_POINT('Ctrl Pts',(93.1035323923546,-34.5726349801007,11.0567440118823));
#2384=CARTESIAN_POINT('Ctrl Pts',(93.1035337818657,-34.5700448291293,11.0565803263806));
#2385=CARTESIAN_POINT('Origin',(94.37,-34.57,13.));
#2386=CARTESIAN_POINT('',(93.1071860691237,-34.57044748884,10.5565803263806));
#2387=CARTESIAN_POINT('',(93.1070149506158,-34.5693895095734,10.6934196736194));
#2388=CARTESIAN_POINT('',(93.1055,-34.57,13.));
#2389=CARTESIAN_POINT('',(94.6600852185976,-35.8007765093433,10.2));
#2390=CARTESIAN_POINT('Ctrl Pts',(93.1071860691237,-34.57044748884,10.5565803263806));
#2391=CARTESIAN_POINT('Ctrl Pts',(93.1080212524211,-34.3317426259138,10.5416076579368));
#2392=CARTESIAN_POINT('Ctrl Pts',(93.1732913362401,-34.0926267214835,10.5266349894931));
#2393=CARTESIAN_POINT('Ctrl Pts',(93.3000166801364,-33.8924692898519,10.5116623210494));
#2394=CARTESIAN_POINT('Ctrl Pts',(93.5198367418427,-33.5452726074878,10.4856904609619));
#2395=CARTESIAN_POINT('Ctrl Pts',(93.9245695099101,-33.3152980576447,10.4597186008745));
#2396=CARTESIAN_POINT('Ctrl Pts',(94.3354629353208,-33.304049715522,10.433746740787));
#2397=CARTESIAN_POINT('Ctrl Pts',(94.7463563607315,-33.2928013733992,10.4077748806996));
#2398=CARTESIAN_POINT('Ctrl Pts',(95.1634104434854,-33.5002792389968,10.3818030206121));
#2399=CARTESIAN_POINT('Ctrl Pts',(95.4016816311099,-33.8351312043757,10.3558311605247));
#2400=CARTESIAN_POINT('Ctrl Pts',(95.6399528187344,-34.1699831697546,10.3298593004372));
#2401=CARTESIAN_POINT('Ctrl Pts',(95.6994411112295,-34.6322092349149,10.3038874403498));
#2402=CARTESIAN_POINT('Ctrl Pts',(95.5548969648924,-35.0162386451639,10.2779155802623));
#2403=CARTESIAN_POINT('Ctrl Pts',(95.4103528185553,-35.4002680554129,10.2519437201749));
#2404=CARTESIAN_POINT('Ctrl Pts',(95.061776233386,-35.7061008107506,10.2259718600874));
#2405=CARTESIAN_POINT('Ctrl Pts',(94.6600852185976,-35.8007765093433,10.2));
#2406=CARTESIAN_POINT('',(93.107834022975,-34.6741990451029,10.2));
#2407=CARTESIAN_POINT('Origin',(94.37,-34.57,10.2));
#2408=CARTESIAN_POINT('Ctrl Pts',(93.1078188165077,-34.6741971746186,10.2));
#2409=CARTESIAN_POINT('Ctrl Pts',(93.1412579919803,-35.0577094206218,10.2243182302726));
#2410=CARTESIAN_POINT('Ctrl Pts',(93.3614541051907,-35.4272512307825,10.2486364605452));
#2411=CARTESIAN_POINT('Ctrl Pts',(93.6852351720865,-35.6353266166149,10.2729546908178));
#2412=CARTESIAN_POINT('Ctrl Pts',(94.0310332204693,-35.857551044458,10.2989265509052));
#2413=CARTESIAN_POINT('Ctrl Pts',(94.4949826635027,-35.8956031331254,10.3248984109927));
#2414=CARTESIAN_POINT('Ctrl Pts',(94.8722147480379,-35.7326233080638,10.3508702710801));
#2415=CARTESIAN_POINT('Ctrl Pts',(95.249446832573,-35.5696434830021,10.3768421311676));
#2416=CARTESIAN_POINT('Ctrl Pts',(95.53996155861,-35.2056317442114,10.402813991255));
#2417=CARTESIAN_POINT('Ctrl Pts',(95.6151331438842,-34.8015838400122,10.4287858513425));
#2418=CARTESIAN_POINT('Ctrl Pts',(95.6903047291584,-34.3975359358131,10.4547577114299));
#2419=CARTESIAN_POINT('Ctrl Pts',(95.5501331736699,-33.9534518662056,10.4807295715174));
#2420=CARTESIAN_POINT('Ctrl Pts',(95.2566789782068,-33.6657182127116,10.5067014316048));
#2421=CARTESIAN_POINT('Ctrl Pts',(94.9632247827438,-33.3779845592176,10.5326732916923));
#2422=CARTESIAN_POINT('Ctrl Pts',(94.5164879473063,-33.2466013218371,10.5586451517797));
#2423=CARTESIAN_POINT('Ctrl Pts',(94.1140012605928,-33.3296751005993,10.5846170118672));
#2424=CARTESIAN_POINT('Ctrl Pts',(93.7115145738793,-33.4127488793616,10.6105888719546));
#2425=CARTESIAN_POINT('Ctrl Pts',(93.3532780358899,-33.7102796742666,10.6365607320421));
#2426=CARTESIAN_POINT('Ctrl Pts',(93.1977355524661,-34.0906848727785,10.6625325921295));
#2427=CARTESIAN_POINT('Ctrl Pts',(93.136075826074,-34.2414840624407,10.6728282859595));
#2428=CARTESIAN_POINT('Ctrl Pts',(93.1062687914636,-34.4053066870545,10.6831239797895));
#2429=CARTESIAN_POINT('Ctrl Pts',(93.1070149506158,-34.5693895095734,10.6934196736194));
#2430=CARTESIAN_POINT('Origin',(146.47,-59.47,14.1042117235887));
#2431=CARTESIAN_POINT('',(144.929025379235,-59.4705482989808,10.3957882764113));
#2432=CARTESIAN_POINT('',(144.924381766399,-59.4702635554979,10.3542117235887));
#2433=CARTESIAN_POINT('',(144.927,-59.47,14.1042117235887));
#2434=CARTESIAN_POINT('',(147.023777279689,-58.0297987208378,10.2));
#2435=CARTESIAN_POINT('Ctrl Pts',(144.924381766399,-59.4702635554979,10.3542117235887));
#2436=CARTESIAN_POINT('Ctrl Pts',(144.925448347388,-58.9791998791837,10.3287796758133));
#2437=CARTESIAN_POINT('Ctrl Pts',(145.44192111864,-57.9851827313099,10.2773757679504));
#2438=CARTESIAN_POINT('Ctrl Pts',(146.553735879862,-57.8490613117662,10.2259718600875));
#2439=CARTESIAN_POINT('Ctrl Pts',(147.023777279689,-58.0297987208378,10.2));
#2440=CARTESIAN_POINT('',(147.670769377252,-58.4971203703923,10.2));
#2441=CARTESIAN_POINT('Origin',(146.47,-59.47,10.2));
#2442=CARTESIAN_POINT('Ctrl Pts',(144.929025379235,-59.4705482989808,10.3957882764113));
#2443=CARTESIAN_POINT('Ctrl Pts',(144.930043782677,-59.1792665029532,10.3808156079675));
#2444=CARTESIAN_POINT('Ctrl Pts',(145.147846028958,-58.3813484142461,10.3398710794364));
#2445=CARTESIAN_POINT('Ctrl Pts',(146.388893642922,-57.6761173984757,10.2746083206326));
#2446=CARTESIAN_POINT('Ctrl Pts',(147.373400254823,-58.1335024844722,10.2243182302726));
#2447=CARTESIAN_POINT('Ctrl Pts',(147.670789807536,-58.4971095199229,10.2));
#2448=CARTESIAN_POINT('Origin',(146.47,-59.47,14.1042117235887));
#2449=CARTESIAN_POINT('',(144.924568832146,-59.4700546581404,10.8957882764113));
#2450=CARTESIAN_POINT('',(144.928817157152,-59.4692548284143,10.8542117235887));
#2451=CARTESIAN_POINT('',(144.927,-59.47,14.1042117235887));
#2452=CARTESIAN_POINT('Ctrl Pts',(144.928817157152,-59.4692548284143,10.8542117235887));
#2453=CARTESIAN_POINT('Ctrl Pts',(144.927906741079,-59.2690293776451,10.8439160297588));
#2454=CARTESIAN_POINT('Ctrl Pts',(145.056032933044,-58.564834917182,10.8076484758413));
#2455=CARTESIAN_POINT('Ctrl Pts',(146.103612604943,-57.6947743971613,10.7454090618365));
#2456=CARTESIAN_POINT('Ctrl Pts',(147.73903902734,-58.175738635348,10.6674934815741));
#2457=CARTESIAN_POINT('Ctrl Pts',(148.252167382348,-59.8014570289643,10.5895779013118));
#2458=CARTESIAN_POINT('Ctrl Pts',(147.188670516013,-61.1340144110137,10.5116623210494));
#2459=CARTESIAN_POINT('Ctrl Pts',(145.490198548187,-60.9947627493316,10.4337467407871));
#2460=CARTESIAN_POINT('Ctrl Pts',(144.92887759155,-59.992580646264,10.3812632083002));
#2461=CARTESIAN_POINT('Ctrl Pts',(144.9243591275,-59.4806867121696,10.3547515359007));
#2462=CARTESIAN_POINT('Ctrl Pts',(144.924381766399,-59.4702635554979,10.3542117235887));
#2463=CARTESIAN_POINT('Ctrl Pts',(144.924568832146,-59.4700546581404,10.8957882764113));
#2464=CARTESIAN_POINT('Ctrl Pts',(144.924836146093,-58.971711870878,10.8699801018256));
#2465=CARTESIAN_POINT('Ctrl Pts',(145.45328356165,-57.9713763881089,10.8182000671524));
#2466=CARTESIAN_POINT('Ctrl Pts',(147.144472106729,-57.7875161923405,10.7404481723918));
#2467=CARTESIAN_POINT('Ctrl Pts',(148.242671814541,-59.091395064451,10.6625325921295));
#2468=CARTESIAN_POINT('Ctrl Pts',(147.772939076365,-60.7301645285207,10.5846170118671));
#2469=CARTESIAN_POINT('Ctrl Pts',(146.150831085278,-61.2542933718568,10.5067014316048));
#2470=CARTESIAN_POINT('Ctrl Pts',(145.068389285007,-60.4028614627247,10.4437585197862));
#2471=CARTESIAN_POINT('Ctrl Pts',(144.928277241743,-59.6845291474098,10.406787468055));
#2472=CARTESIAN_POINT('Ctrl Pts',(144.929025379235,-59.4705482989808,10.3957882764113));
#2473=CARTESIAN_POINT('Origin',(146.47,-59.47,14.1042117235887));
#2474=CARTESIAN_POINT('',(144.928923008466,-59.4693481954529,11.3957882764113));
#2475=CARTESIAN_POINT('',(144.92623235443,-59.4712041782603,11.3542117235887));
#2476=CARTESIAN_POINT('',(144.927,-59.47,14.1042117235887));
#2477=CARTESIAN_POINT('Ctrl Pts',(144.92623235443,-59.4712041782602,11.3542117235887));
#2478=CARTESIAN_POINT('Ctrl Pts',(144.92973251035,-59.0620120515786,11.3330805236168));
#2479=CARTESIAN_POINT('Ctrl Pts',(145.304390291823,-58.1442173803668,11.2859774635574));
#2480=CARTESIAN_POINT('Ctrl Pts',(146.838901285534,-57.6952915495917,11.2129025434106));
#2481=CARTESIAN_POINT('Ctrl Pts',(148.14877281556,-58.7863345645177,11.1349869631482));
#2482=CARTESIAN_POINT('Ctrl Pts',(147.97379303574,-60.4820708131843,11.0570713828859));
#2483=CARTESIAN_POINT('Ctrl Pts',(146.468724234632,-61.2826435442553,10.9791558026235));
#2484=CARTESIAN_POINT('Ctrl Pts',(145.163519521313,-60.5860226075275,10.9115359161911));
#2485=CARTESIAN_POINT('Ctrl Pts',(144.930203351609,-59.7741169879803,10.8698878898462));
#2486=CARTESIAN_POINT('Ctrl Pts',(144.928817157152,-59.4692548284143,10.8542117235887));
#2487=CARTESIAN_POINT('Ctrl Pts',(144.928923008465,-59.4693481954529,11.3957882764113));
#2488=CARTESIAN_POINT('Ctrl Pts',(144.92810168639,-59.2617730154229,11.3851164557711));
#2489=CARTESIAN_POINT('Ctrl Pts',(145.062608518629,-58.5500447919997,11.3484727750434));
#2490=CARTESIAN_POINT('Ctrl Pts',(146.128801657813,-57.6897581645612,11.2858572342283));
#2491=CARTESIAN_POINT('Ctrl Pts',(147.75730340862,-58.1938624525117,11.2079416539659));
#2492=CARTESIAN_POINT('Ctrl Pts',(148.247202012563,-59.8266938651326,11.1300260737036));
#2493=CARTESIAN_POINT('Ctrl Pts',(147.165188036928,-61.144034357623,11.0521104934412));
#2494=CARTESIAN_POINT('Ctrl Pts',(145.468289817138,-60.9807125789014,10.9741949131789));
#2495=CARTESIAN_POINT('Ctrl Pts',(144.925986417349,-59.9778779318112,10.9220875075022));
#2496=CARTESIAN_POINT('Ctrl Pts',(144.924567136737,-59.4732153423225,10.895951961913));
#2497=CARTESIAN_POINT('Ctrl Pts',(144.924568832146,-59.4700546581404,10.8957882764113));
#2498=CARTESIAN_POINT('Origin',(146.47,-59.47,14.1042117235887));
#2499=CARTESIAN_POINT('',(144.926030619274,-59.4711592831857,11.8957882764113));
#2500=CARTESIAN_POINT('',(144.926867175322,-59.4687233042734,11.8542117235887));
#2501=CARTESIAN_POINT('',(144.927,-59.47,14.1042117235887));
#2502=CARTESIAN_POINT('Ctrl Pts',(144.926867175322,-59.4687233042734,11.8542117235887));
#2503=CARTESIAN_POINT('Ctrl Pts',(144.925862343134,-59.3525135672971,11.8482168775623));
#2504=CARTESIAN_POINT('Ctrl Pts',(144.990194688096,-58.7339413725052,11.8162501714484));
#2505=CARTESIAN_POINT('Ctrl Pts',(145.821826946671,-57.7772065243576,11.758311605247));
#2506=CARTESIAN_POINT('Ctrl Pts',(147.51350380114,-57.9878468700813,11.6803960249847));
#2507=CARTESIAN_POINT('Ctrl Pts',(148.282214979023,-59.5094325759122,11.6024804447223));
#2508=CARTESIAN_POINT('Ctrl Pts',(147.448045366932,-60.9961406722068,11.52456486446));
#2509=CARTESIAN_POINT('Ctrl Pts',(145.7488071892,-61.1329970043931,11.4466492841976));
#2510=CARTESIAN_POINT('Ctrl Pts',(144.975300335891,-60.1607548614475,11.3898649039072));
#2511=CARTESIAN_POINT('Ctrl Pts',(144.925430551164,-59.564940454943,11.3590523837042));
#2512=CARTESIAN_POINT('Ctrl Pts',(144.92623235443,-59.4712041782602,11.3542117235887));
#2513=CARTESIAN_POINT('Ctrl Pts',(144.926030619274,-59.4711592831857,11.8957882764113));
#2514=CARTESIAN_POINT('Ctrl Pts',(144.929520413829,-59.0548252147146,11.8742809496291));
#2515=CARTESIAN_POINT('Ctrl Pts',(145.31537591105,-58.13002192909,11.8268017627595));
#2516=CARTESIAN_POINT('Ctrl Pts',(146.864027825302,-57.7007008805051,11.7533507158024));
#2517=CARTESIAN_POINT('Ctrl Pts',(148.158298096178,-58.8102069840399,11.6754351355401));
#2518=CARTESIAN_POINT('Ctrl Pts',(147.959290419473,-60.5032914879141,11.5975195552777));
#2519=CARTESIAN_POINT('Ctrl Pts',(146.443024560719,-61.2824429931818,11.5196039750153));
#2520=CARTESIAN_POINT('Ctrl Pts',(145.155027745429,-60.5713629113586,11.4523602153932));
#2521=CARTESIAN_POINT('Ctrl Pts',(144.930100526396,-59.7669458172459,11.4110883158585));
#2522=CARTESIAN_POINT('Ctrl Pts',(144.928923008465,-59.4693481954529,11.3957882764113));
#2523=CARTESIAN_POINT('Origin',(146.47,-59.47,14.1042117235887));
#2524=CARTESIAN_POINT('',(144.927074186239,-59.4687214370299,12.3957882764113));
#2525=CARTESIAN_POINT('',(144.928419273137,-59.4709951056537,12.3542117235887));
#2526=CARTESIAN_POINT('',(144.927,-59.47,14.1042117235887));
#2527=CARTESIAN_POINT('Ctrl Pts',(144.928419273137,-59.4709951056537,12.3542117235887));
#2528=CARTESIAN_POINT('Ctrl Pts',(144.93043934644,-59.1439013819281,12.3373813714203));
#2529=CARTESIAN_POINT('Ctrl Pts',(145.190522865706,-58.3091134983033,12.2945791591644));
#2530=CARTESIAN_POINT('Ctrl Pts',(146.547574022475,-57.6590171549751,12.2258050868211));
#2531=CARTESIAN_POINT('Ctrl Pts',(148.016391833,-58.5242989154869,12.1478895065588));
#2532=CARTESIAN_POINT('Ctrl Pts',(148.117446226091,-60.2260418272204,12.0699739262964));
#2533=CARTESIAN_POINT('Ctrl Pts',(146.761355539904,-61.2590751413018,11.9920583460341));
#2534=CARTESIAN_POINT('Ctrl Pts',(145.271730193406,-60.7519641787005,11.9201376117982));
#2535=CARTESIAN_POINT('Ctrl Pts',(144.930215642763,-59.8559765446991,11.8741887376497));
#2536=CARTESIAN_POINT('Ctrl Pts',(144.926867175322,-59.4687233042734,11.8542117235887));
#2537=CARTESIAN_POINT('Ctrl Pts',(144.927074186239,-59.4687214370299,12.3957882764113));
#2538=CARTESIAN_POINT('Ctrl Pts',(144.926017545586,-59.3451774128686,12.3894173035746));
#2539=CARTESIAN_POINT('Ctrl Pts',(144.99528951304,-58.7191633998401,12.3570744706504));
#2540=CARTESIAN_POINT('Ctrl Pts',(145.84589794189,-57.7681889038867,12.2987597776388));
#2541=CARTESIAN_POINT('Ctrl Pts',(147.53441289566,-58.0027908701421,12.2208441973765));
#2542=CARTESIAN_POINT('Ctrl Pts',(148.281474198612,-59.5351248743592,12.1429286171141));
#2543=CARTESIAN_POINT('Ctrl Pts',(147.426307159489,-61.0098546695097,12.0650130368518));
#2544=CARTESIAN_POINT('Ctrl Pts',(145.725300046418,-61.1226038292116,11.9870974565895));
#2545=CARTESIAN_POINT('Ctrl Pts',(144.970688117765,-60.1460036373642,11.9306892031093));
#2546=CARTESIAN_POINT('Ctrl Pts',(144.925306200839,-59.5575827301178,11.9002528097165));
#2547=CARTESIAN_POINT('Ctrl Pts',(144.926030619274,-59.4711592831857,11.8957882764113));
#2548=CARTESIAN_POINT('Origin',(146.47,-59.47,14.1042117235887));
#2549=CARTESIAN_POINT('',(144.928733407091,-59.4710803731322,12.8957882764113));
#2550=CARTESIAN_POINT('',(144.924836544124,-59.4694880362017,12.8542117235887));
#2551=CARTESIAN_POINT('',(144.927,-59.47,14.1042117235887));
#2552=CARTESIAN_POINT('',(146.071486158143,-60.9606494282185,13.));
#2553=CARTESIAN_POINT('Ctrl Pts',(146.071486158143,-60.9606494282185,13.));
#2554=CARTESIAN_POINT('Ctrl Pts',(145.584979894033,-60.8305856608914,12.9740281399126));
#2555=CARTESIAN_POINT('Ctrl Pts',(145.031208285809,-60.3145461774891,12.9392908987163));
#2556=CARTESIAN_POINT('Ctrl Pts',(144.92766366709,-59.6413582250303,12.9045536575201));
#2557=CARTESIAN_POINT('Ctrl Pts',(144.928733407091,-59.4710803731322,12.8957882764113));
#2558=CARTESIAN_POINT('',(146.869598428487,-60.9628710065095,13.));
#2559=CARTESIAN_POINT('Origin',(146.47,-59.47,13.));
#2560=CARTESIAN_POINT('Ctrl Pts',(146.869608568109,-60.9628917756791,13.));
#2561=CARTESIAN_POINT('Ctrl Pts',(146.415292599925,-61.0822547548896,12.9756817697274));
#2562=CARTESIAN_POINT('Ctrl Pts',(145.385850613052,-60.8806368976302,12.9270856775903));
#2563=CARTESIAN_POINT('Ctrl Pts',(144.927002615074,-59.9384337963944,12.8784895854532));
#2564=CARTESIAN_POINT('Ctrl Pts',(144.924836544124,-59.4694880362017,12.8542117235887));
#2565=CARTESIAN_POINT('Origin',(94.37,-34.57,14.1042117235887));
#2566=CARTESIAN_POINT('',(92.8290574176812,-34.5705460460895,10.3957882764113));
#2567=CARTESIAN_POINT('',(92.8244226339505,-34.5702306337836,10.3542117235887));
#2568=CARTESIAN_POINT('',(92.827,-34.57,14.1042117235887));
#2569=CARTESIAN_POINT('',(94.9237772796889,-33.1297987208378,10.2));
#2570=CARTESIAN_POINT('Ctrl Pts',(92.8244226339506,-34.5702306337836,10.3542117235887));
#2571=CARTESIAN_POINT('Ctrl Pts',(92.8255048930961,-34.0791348882058,10.3287796758133));
#2572=CARTESIAN_POINT('Ctrl Pts',(93.3420563305147,-33.0849365409301,10.2773757679504));
#2573=CARTESIAN_POINT('Ctrl Pts',(94.4537358798617,-32.9490613117662,10.2259718600875));
#2574=CARTESIAN_POINT('Ctrl Pts',(94.9237772796889,-33.1297987208378,10.2));
#2575=CARTESIAN_POINT('',(95.5707506339637,-33.5971637023391,10.2));
#2576=CARTESIAN_POINT('Origin',(94.37,-34.57,10.2));
#2577=CARTESIAN_POINT('Ctrl Pts',(92.8290574176812,-34.5705460460895,10.3957882764113));
#2578=CARTESIAN_POINT('Ctrl Pts',(92.8300765460544,-34.2792675933452,10.3808156079675));
#2579=CARTESIAN_POINT('Ctrl Pts',(93.0478765733356,-33.4813606892765,10.3398710794364));
#2580=CARTESIAN_POINT('Ctrl Pts',(94.2888938670016,-32.7761981327058,10.2746083206326));
#2581=CARTESIAN_POINT('Ctrl Pts',(95.2733812941859,-33.2335212125101,10.2243182302726));
#2582=CARTESIAN_POINT('Ctrl Pts',(95.5707735278632,-33.5971518964969,10.2));
#2583=CARTESIAN_POINT('Origin',(94.37,-34.57,14.1042117235887));
#2584=CARTESIAN_POINT('',(92.8246007318456,-34.5700547025278,10.8957882764113));
#2585=CARTESIAN_POINT('',(92.8288486111508,-34.5692550520141,10.8542117235887));
#2586=CARTESIAN_POINT('',(92.827,-34.57,14.1042117235887));
#2587=CARTESIAN_POINT('Ctrl Pts',(92.8288486111508,-34.5692550520141,10.8542117235887));
#2588=CARTESIAN_POINT('Ctrl Pts',(92.8279381140597,-34.3690337826216,10.8439160297588));
#2589=CARTESIAN_POINT('Ctrl Pts',(92.9560615304182,-33.6648538929844,10.8076484758413));
#2590=CARTESIAN_POINT('Ctrl Pts',(94.003622748607,-32.7948094142479,10.7454090618365));
#2591=CARTESIAN_POINT('Ctrl Pts',(95.6390081272073,-33.2757686913016,10.6674934815741));
#2592=CARTESIAN_POINT('Ctrl Pts',(96.1521391120682,-34.9014429959383,10.5895779013117));
#2593=CARTESIAN_POINT('Ctrl Pts',(95.0886415503243,-36.2339936791035,10.5116623210494));
#2594=CARTESIAN_POINT('Ctrl Pts',(93.3902453685914,-36.0946950484656,10.433746740787));
#2595=CARTESIAN_POINT('Ctrl Pts',(92.8289022968747,-35.0925805618529,10.3812632083002));
#2596=CARTESIAN_POINT('Ctrl Pts',(92.8243996622726,-34.580654471147,10.3547515359007));
#2597=CARTESIAN_POINT('Ctrl Pts',(92.8244226339506,-34.5702306337836,10.3542117235887));
#2598=CARTESIAN_POINT('Ctrl Pts',(92.8246007318457,-34.5700547025278,10.8957882764113));
#2599=CARTESIAN_POINT('Ctrl Pts',(92.8248680670774,-34.0717221646076,10.8699801018256));
#2600=CARTESIAN_POINT('Ctrl Pts',(93.3533047842775,-33.0714069877742,10.8182000671524));
#2601=CARTESIAN_POINT('Ctrl Pts',(95.0444577740351,-32.88755167939,10.7404481723918));
#2602=CARTESIAN_POINT('Ctrl Pts',(96.1426358982629,-34.1914014588588,10.6625325921295));
#2603=CARTESIAN_POINT('Ctrl Pts',(95.6729109330006,-35.830141300131,10.5846170118671));
#2604=CARTESIAN_POINT('Ctrl Pts',(94.0508396927802,-36.3542510676447,10.5067014316048));
#2605=CARTESIAN_POINT('Ctrl Pts',(92.9684162139665,-35.5028498529791,10.4437585197862));
#2606=CARTESIAN_POINT('Ctrl Pts',(92.8283087476409,-34.7845244384825,10.406787468055));
#2607=CARTESIAN_POINT('Ctrl Pts',(92.8290574176812,-34.5705460460895,10.3957882764113));
#2608=CARTESIAN_POINT('Origin',(94.37,-34.57,14.1042117235887));
#2609=CARTESIAN_POINT('',(92.8289548483903,-34.5693482095968,11.3957882764113));
#2610=CARTESIAN_POINT('',(92.8262642180597,-34.5712041532724,11.3542117235887));
#2611=CARTESIAN_POINT('',(92.827,-34.57,14.1042117235887));
#2612=CARTESIAN_POINT('Ctrl Pts',(92.8262642180597,-34.5712041532724,11.3542117235887));
#2613=CARTESIAN_POINT('Ctrl Pts',(92.8297642968202,-34.1620204739342,11.3330805236168));
#2614=CARTESIAN_POINT('Ctrl Pts',(93.2044143278526,-33.2442447518248,11.2859774635574));
#2615=CARTESIAN_POINT('Ctrl Pts',(94.7388937240492,-32.7953281592605,11.2129025434106));
#2616=CARTESIAN_POINT('Ctrl Pts',(96.0487380635488,-33.8863487163962,11.1349869631482));
#2617=CARTESIAN_POINT('Ctrl Pts',(95.8737621971582,-35.5820498384371,11.0570713828859));
#2618=CARTESIAN_POINT('Ctrl Pts',(94.368723877012,-36.382606310794,10.9791558026235));
#2619=CARTESIAN_POINT('Ctrl Pts',(93.0635470723196,-35.6859992730482,10.9115359161911));
#2620=CARTESIAN_POINT('Ctrl Pts',(92.8302349289661,-34.874110845039,10.8698878898462));
#2621=CARTESIAN_POINT('Ctrl Pts',(92.8288486111508,-34.5692550520141,10.8542117235887));
#2622=CARTESIAN_POINT('Ctrl Pts',(92.8289548483903,-34.5693482095968,11.3957882764113));
#2623=CARTESIAN_POINT('Ctrl Pts',(92.8281335431452,-34.3617773185608,11.3851164557711));
#2624=CARTESIAN_POINT('Ctrl Pts',(92.9626375962165,-33.6500638006711,11.3484727750434));
#2625=CARTESIAN_POINT('Ctrl Pts',(94.0288087117573,-32.7897949407673,11.2858572342283));
#2626=CARTESIAN_POINT('Ctrl Pts',(95.6572768027183,-33.2938888305788,11.207941653966));
#2627=CARTESIAN_POINT('Ctrl Pts',(96.1471653101992,-34.9266864723456,11.1300260737036));
#2628=CARTESIAN_POINT('Ctrl Pts',(95.0651736410915,-36.2439998162198,11.0521104934412));
#2629=CARTESIAN_POINT('Ctrl Pts',(93.3683105755476,-36.0806812733502,10.9741949131789));
#2630=CARTESIAN_POINT('Ctrl Pts',(92.8260182609742,-35.0778675310152,10.9220875075022));
#2631=CARTESIAN_POINT('Ctrl Pts',(92.8245990363014,-34.5732153217045,10.895951961913));
#2632=CARTESIAN_POINT('Ctrl Pts',(92.8246007318457,-34.5700547025278,10.8957882764113));
#2633=CARTESIAN_POINT('Origin',(94.37,-34.57,14.1042117235887));
#2634=CARTESIAN_POINT('',(92.8260625143931,-34.5711592517427,11.8957882764113));
#2635=CARTESIAN_POINT('',(92.8268990251725,-34.5687233306598,11.8542117235887));
#2636=CARTESIAN_POINT('',(92.827,-34.57,14.1042117235887));
#2637=CARTESIAN_POINT('Ctrl Pts',(92.8268990251725,-34.5687233306598,11.8542117235887));
#2638=CARTESIAN_POINT('Ctrl Pts',(92.8258942137119,-34.4525159918236,11.8482168775623));
#2639=CARTESIAN_POINT('Ctrl Pts',(92.89022523079,-33.833956562318,11.8162501714484));
#2640=CARTESIAN_POINT('Ctrl Pts',(93.7218403244513,-32.8772414650226,11.758311605247));
#2641=CARTESIAN_POINT('Ctrl Pts',(95.413482264326,-33.0878774601534,11.6803960249847));
#2642=CARTESIAN_POINT('Ctrl Pts',(96.1821775737534,-34.6094317629804,11.6024804447223));
#2643=CARTESIAN_POINT('Ctrl Pts',(95.3480251837795,-36.0961091718457,11.52456486446));
#2644=CARTESIAN_POINT('Ctrl Pts',(93.6488220675828,-36.2329626829168,11.4466492841976));
#2645=CARTESIAN_POINT('Ctrl Pts',(92.8753311940703,-35.2607406017354,11.3898649039072));
#2646=CARTESIAN_POINT('Ctrl Pts',(92.8254624324688,-34.6649384948677,11.3590523837042));
#2647=CARTESIAN_POINT('Ctrl Pts',(92.8262642180597,-34.5712041532724,11.3542117235887));
#2648=CARTESIAN_POINT('Ctrl Pts',(92.8260625143931,-34.5711592517427,11.8957882764113));
#2649=CARTESIAN_POINT('Ctrl Pts',(92.8295522366602,-34.1548337847402,11.8742809496291));
#2650=CARTESIAN_POINT('Ctrl Pts',(93.2153997745724,-33.2300496254209,11.8268017627595));
#2651=CARTESIAN_POINT('Ctrl Pts',(94.7640196800094,-32.8007374304938,11.7533507158024));
#2652=CARTESIAN_POINT('Ctrl Pts',(96.0582632158997,-33.9102206192238,11.67543513554));
#2653=CARTESIAN_POINT('Ctrl Pts',(95.8592596480943,-35.6032701370787,11.5975195552777));
#2654=CARTESIAN_POINT('Ctrl Pts',(94.3430251180439,-36.3824055472806,11.5196039750154));
#2655=CARTESIAN_POINT('Ctrl Pts',(93.0550549151114,-35.6713401545386,11.4523602153932));
#2656=CARTESIAN_POINT('Ctrl Pts',(92.8301323421912,-34.8669396823192,11.4110883158585));
#2657=CARTESIAN_POINT('Ctrl Pts',(92.8289548483903,-34.5693482095968,11.3957882764113));
#2658=CARTESIAN_POINT('Origin',(94.37,-34.57,14.1042117235887));
#2659=CARTESIAN_POINT('',(92.8271060335683,-34.5687215006605,12.3957882764113));
#2660=CARTESIAN_POINT('',(92.8284510787991,-34.5709952041533,12.3542117235887));
#2661=CARTESIAN_POINT('',(92.827,-34.57,14.1042117235887));
#2662=CARTESIAN_POINT('Ctrl Pts',(92.8284510787991,-34.5709952041533,12.3542117235887));
#2663=CARTESIAN_POINT('Ctrl Pts',(92.8304711119741,-34.2439081916688,12.3373813714203));
#2664=CARTESIAN_POINT('Ctrl Pts',(93.0905492853232,-33.4091372804746,12.2945791591644));
#2665=CARTESIAN_POINT('Ctrl Pts',(94.4475724171658,-32.7590546436528,12.2258050868211));
#2666=CARTESIAN_POINT('Ctrl Pts',(95.9163599168485,-33.6243183783531,12.1478895065588));
#2667=CARTESIAN_POINT('Ctrl Pts',(96.0174122233429,-35.3260262511189,12.0699739262964));
#2668=CARTESIAN_POINT('Ctrl Pts',(94.6613495261822,-36.359038201016,11.9920583460341));
#2669=CARTESIAN_POINT('Ctrl Pts',(93.1717549254569,-35.8519377248809,11.9201376117982));
#2670=CARTESIAN_POINT('Ctrl Pts',(92.830247423545,-34.9559685796082,11.8741887376497));
#2671=CARTESIAN_POINT('Ctrl Pts',(92.8268990251725,-34.5687233306598,11.8542117235887));
#2672=CARTESIAN_POINT('Ctrl Pts',(92.8271060335683,-34.5687215006605,12.3957882764113));
#2673=CARTESIAN_POINT('Ctrl Pts',(92.8260493452228,-34.4451798600297,12.3894173035746));
#2674=CARTESIAN_POINT('Ctrl Pts',(92.8953195780178,-33.819178014176,12.3570744706504));
#2675=CARTESIAN_POINT('Ctrl Pts',(93.7459112121282,-32.8682248017635,12.2987597776388));
#2676=CARTESIAN_POINT('Ctrl Pts',(95.434390697263,-33.1028208121488,12.2208441973765));
#2677=CARTESIAN_POINT('Ctrl Pts',(96.1814368825454,-34.6351237163864,12.1429286171141));
#2678=CARTESIAN_POINT('Ctrl Pts',(95.3262873419381,-36.1098227600474,12.0650130368518));
#2679=CARTESIAN_POINT('Ctrl Pts',(93.6253154638421,-36.2225697315331,11.9870974565894));
#2680=CARTESIAN_POINT('Ctrl Pts',(92.8707190922795,-35.2459896662678,11.9306892031093));
#2681=CARTESIAN_POINT('Ctrl Pts',(92.8253381109632,-34.6575809131649,11.9002528097166));
#2682=CARTESIAN_POINT('Ctrl Pts',(92.8260625143931,-34.5711592517427,11.8957882764113));
#2683=CARTESIAN_POINT('Origin',(94.37,-34.57,14.1042117235887));
#2684=CARTESIAN_POINT('',(92.828725213238,-34.5712285539482,12.8957882764113));
#2685=CARTESIAN_POINT('',(92.8248686918079,-34.5694909849805,12.8542117235887));
#2686=CARTESIAN_POINT('',(92.827,-34.57,14.1042117235887));
#2687=CARTESIAN_POINT('',(93.9714861581428,-36.0606494282185,13.));
#2688=CARTESIAN_POINT('Ctrl Pts',(93.9714861581428,-36.0606494282185,13.));
#2689=CARTESIAN_POINT('Ctrl Pts',(93.4849798940329,-35.9305856608915,12.9740281399126));
#2690=CARTESIAN_POINT('Ctrl Pts',(92.9311843473882,-35.4147348927688,12.9392908987163));
#2691=CARTESIAN_POINT('Ctrl Pts',(92.8276516008275,-34.7415197891221,12.9045536575201));
#2692=CARTESIAN_POINT('Ctrl Pts',(92.828725213238,-34.5712285539482,12.8957882764113));
#2693=CARTESIAN_POINT('',(94.7696088258347,-36.0628248696544,13.));
#2694=CARTESIAN_POINT('Origin',(94.37,-34.57,13.));
#2695=CARTESIAN_POINT('Ctrl Pts',(94.7696204019233,-36.0628478682585,13.));
#2696=CARTESIAN_POINT('Ctrl Pts',(94.3152883996586,-36.1822283732251,12.9756817697274));
#2697=CARTESIAN_POINT('Ctrl Pts',(93.285896422779,-35.9805731445256,12.9270856775903));
#2698=CARTESIAN_POINT('Ctrl Pts',(92.8270388603761,-35.0384213303044,12.8784895854532));
#2699=CARTESIAN_POINT('Ctrl Pts',(92.8248686918078,-34.5694909849805,12.8542117235887));
#2700=CARTESIAN_POINT('Origin',(74.14,-61.65,14.1042117235887));
#2701=CARTESIAN_POINT('',(72.5990543598263,-61.6505463516465,10.3957882764113));
#2702=CARTESIAN_POINT('',(72.594419110328,-61.6502328995946,10.3542117235887));
#2703=CARTESIAN_POINT('',(72.597,-61.65,14.1042117235887));
#2704=CARTESIAN_POINT('',(74.6937772796889,-60.2097987208378,10.2));
#2705=CARTESIAN_POINT('Ctrl Pts',(72.594419110328,-61.6502328995946,10.3542117235887));
#2706=CARTESIAN_POINT('Ctrl Pts',(72.595499749841,-61.1591405484697,10.3287796758133));
#2707=CARTESIAN_POINT('Ctrl Pts',(73.1120424468115,-60.1649622254528,10.2773757679504));
#2708=CARTESIAN_POINT('Ctrl Pts',(74.2237358798617,-60.0290613117662,10.2259718600875));
#2709=CARTESIAN_POINT('Ctrl Pts',(74.6937772796889,-60.2097987208378,10.2));
#2710=CARTESIAN_POINT('',(75.3407525421495,-60.6771606062614,10.2));
#2711=CARTESIAN_POINT('Origin',(74.14,-61.65,10.2));
#2712=CARTESIAN_POINT('Ctrl Pts',(72.5990543598263,-61.6505463516465,10.3957882764113));
#2713=CARTESIAN_POINT('Ctrl Pts',(72.6000734093158,-61.3592676541351,10.3808156079675));
#2714=CARTESIAN_POINT('Ctrl Pts',(72.8178736189213,-60.5613598674092,10.3398710794364));
#2715=CARTESIAN_POINT('Ctrl Pts',(74.0588938970607,-59.856189878845,10.2746083206326));
#2716=CARTESIAN_POINT('Ctrl Pts',(75.0433833595045,-60.3135205763065,10.2243182302726));
#2717=CARTESIAN_POINT('Ctrl Pts',(75.3407752833226,-60.6771488570048,10.2));
#2718=CARTESIAN_POINT('Origin',(74.14,-61.65,14.1042117235887));
#2719=CARTESIAN_POINT('',(72.5945976786729,-61.6500546968396,10.8957882764113));
#2720=CARTESIAN_POINT('',(72.5988456086098,-61.6492550245495,10.8542117235887));
#2721=CARTESIAN_POINT('',(72.597,-61.65,14.1042117235887));
#2722=CARTESIAN_POINT('Ctrl Pts',(72.5988456086098,-61.6492550245495,10.8542117235887));
#2723=CARTESIAN_POINT('Ctrl Pts',(72.5979351218822,-61.4490333532946,10.8439160297588));
#2724=CARTESIAN_POINT('Ctrl Pts',(72.7260588078755,-60.7448520670189,10.8076484758413));
#2725=CARTESIAN_POINT('Ctrl Pts',(73.7736217164093,-59.8748061066356,10.7454090618365));
#2726=CARTESIAN_POINT('Ctrl Pts',(75.4090111931547,-60.3557657236973,10.6674934815741));
#2727=CARTESIAN_POINT('Ctrl Pts',(75.9221416422515,-61.9814445007375,10.5895779013118));
#2728=CARTESIAN_POINT('Ctrl Pts',(74.8586446401849,-63.313995276675,10.5116623210494));
#2729=CARTESIAN_POINT('Ctrl Pts',(73.1602405368669,-63.1747019465654,10.4337467407871));
#2730=CARTESIAN_POINT('Ctrl Pts',(72.5989004361719,-62.1725793611634,10.3812632083002));
#2731=CARTESIAN_POINT('Ctrl Pts',(72.5943961730278,-61.6606566649084,10.3547515359007));
#2732=CARTESIAN_POINT('Ctrl Pts',(72.594419110328,-61.6502328995946,10.3542117235887));
#2733=CARTESIAN_POINT('Ctrl Pts',(72.5945976786729,-61.6500546968396,10.8957882764113));
#2734=CARTESIAN_POINT('Ctrl Pts',(72.5948650112391,-61.1517211790266,10.8699801018256));
#2735=CARTESIAN_POINT('Ctrl Pts',(73.1233027472691,-60.151404068931,10.8182000671524));
#2736=CARTESIAN_POINT('Ctrl Pts',(74.814459155384,-59.9675482615601,10.7404481723918));
#2737=CARTESIAN_POINT('Ctrl Pts',(75.9126393211951,-61.2714008853242,10.6625325921295));
#2738=CARTESIAN_POINT('Ctrl Pts',(75.4429136528312,-62.9101434520391,10.5846170118671));
#2739=CARTESIAN_POINT('Ctrl Pts',(73.8208388302919,-63.4342552539771,10.5067014316048));
#2740=CARTESIAN_POINT('Ctrl Pts',(72.7384136728748,-62.582850801238,10.4437585197862));
#2741=CARTESIAN_POINT('Ctrl Pts',(72.5983057477354,-61.8645249238497,10.406787468055));
#2742=CARTESIAN_POINT('Ctrl Pts',(72.5990543598263,-61.6505463516465,10.3957882764113));
#2743=CARTESIAN_POINT('Origin',(74.14,-61.65,14.1042117235887));
#2744=CARTESIAN_POINT('',(72.5989518001553,-61.6493482082182,11.3957882764113));
#2745=CARTESIAN_POINT('',(72.5962611676235,-61.6512041556738,11.3542117235887));
#2746=CARTESIAN_POINT('',(72.597,-61.65,14.1042117235887));
#2747=CARTESIAN_POINT('Ctrl Pts',(72.5962611676235,-61.6512041556738,11.3542117235887));
#2748=CARTESIAN_POINT('Ctrl Pts',(72.599761253922,-61.2420196675762,11.3330805236168));
#2749=CARTESIAN_POINT('Ctrl Pts',(72.9744120274804,-60.3242421311644,11.2859774635574));
#2750=CARTESIAN_POINT('Ctrl Pts',(74.5088944463702,-59.8753246552434,11.2129025434106));
#2751=CARTESIAN_POINT('Ctrl Pts',(75.8187413934267,-60.9663473601092,11.1349869631482));
#2752=CARTESIAN_POINT('Ctrl Pts',(75.6437651438882,-62.6620518493672,11.0570713828859));
#2753=CARTESIAN_POINT('Ctrl Pts',(74.1387239215564,-63.4626098694112,10.9791558026235));
#2754=CARTESIAN_POINT('Ctrl Pts',(72.8335444196964,-62.7660015162174,10.9115359161911));
#2755=CARTESIAN_POINT('Ctrl Pts',(72.6002319106457,-61.9541114294479,10.8698878898462));
#2756=CARTESIAN_POINT('Ctrl Pts',(72.5988456086098,-61.6492550245495,10.8542117235887));
#2757=CARTESIAN_POINT('Ctrl Pts',(72.5989518001553,-61.6493482082182,11.3957882764113));
#2758=CARTESIAN_POINT('Ctrl Pts',(72.5981304933034,-61.4417769065584,11.3851164557711));
#2759=CARTESIAN_POINT('Ctrl Pts',(72.7326348124469,-60.7300619807925,11.3484727750434));
#2760=CARTESIAN_POINT('Ctrl Pts',(73.798808036304,-59.869791420137,11.2858572342283));
#2761=CARTESIAN_POINT('Ctrl Pts',(75.4272793501343,-60.3738863048255,11.2079416539659));
#2762=CARTESIAN_POINT('Ctrl Pts',(75.9171688234947,-62.0066871808855,11.1300260737036));
#2763=CARTESIAN_POINT('Ctrl Pts',(74.8351750201835,-63.324003121596,11.0521104934412));
#2764=CARTESIAN_POINT('Ctrl Pts',(73.1383085865834,-63.1606842733602,10.9741949131789));
#2765=CARTESIAN_POINT('Ctrl Pts',(72.5960152137964,-62.1578685239691,10.9220875075022));
#2766=CARTESIAN_POINT('Ctrl Pts',(72.5945959831456,-61.6532153222311,10.895951961913));
#2767=CARTESIAN_POINT('Ctrl Pts',(72.5945976786729,-61.6500546968396,10.8957882764113));
#2768=CARTESIAN_POINT('Origin',(74.14,-61.65,14.1042117235887));
#2769=CARTESIAN_POINT('',(72.5960594610005,-61.6511592550063,11.8957882764113));
#2770=CARTESIAN_POINT('',(72.5968959760829,-61.6487233281347,11.8542117235887));
#2771=CARTESIAN_POINT('',(72.597,-61.65,14.1042117235887));
#2772=CARTESIAN_POINT('Ctrl Pts',(72.5968959760829,-61.6487233281347,11.8542117235887));
#2773=CARTESIAN_POINT('Ctrl Pts',(72.5958911626373,-61.5325157597302,11.8482168775623));
#2774=CARTESIAN_POINT('Ctrl Pts',(72.6602223068356,-60.9139551082253,11.8162501714484));
#2775=CARTESIAN_POINT('Ctrl Pts',(73.4918390437709,-59.9572381199718,11.758311605247));
#2776=CARTESIAN_POINT('Ctrl Pts',(75.183484326083,-60.1678745317119,11.6803960249846));
#2777=CARTESIAN_POINT('Ctrl Pts',(75.9521811547388,-61.6894318407656,11.6024804447223));
#2778=CARTESIAN_POINT('Ctrl Pts',(75.1180271158617,-63.1761121875302,11.5245648644599));
#2779=CARTESIAN_POINT('Ctrl Pts',(73.4188206434507,-63.3129659685248,11.4466492841976));
#2780=CARTESIAN_POINT('Ctrl Pts',(72.6453282396658,-62.3407419669737,11.3898649039072));
#2781=CARTESIAN_POINT('Ctrl Pts',(72.5954593803058,-61.7449386825368,11.3590523837042));
#2782=CARTESIAN_POINT('Ctrl Pts',(72.5962611676235,-61.6512041556738,11.3542117235887));
#2783=CARTESIAN_POINT('Ctrl Pts',(72.5960594610005,-61.6511592550063,11.8957882764113));
#2784=CARTESIAN_POINT('Ctrl Pts',(72.5995491901892,-61.2348329645363,11.8742809496291));
#2785=CARTESIAN_POINT('Ctrl Pts',(72.9853974897361,-60.3100469734894,11.8268017627595));
#2786=CARTESIAN_POINT('Ctrl Pts',(74.5340204599387,-59.8807339315247,11.7533507158024));
#2787=CARTESIAN_POINT('Ctrl Pts',(75.8282665551655,-60.9902193137214,11.67543513554));
#2788=CARTESIAN_POINT('Ctrl Pts',(75.6292625940739,-62.6832721812078,11.5975195552777));
#2789=CARTESIAN_POINT('Ctrl Pts',(74.1130250646883,-63.4624091321786,11.5196039750153));
#2790=CARTESIAN_POINT('Ctrl Pts',(72.8250523139484,-62.7513423332548,11.4523602153932));
#2791=CARTESIAN_POINT('Ctrl Pts',(72.60012929626,-61.9469402696462,11.4110883158585));
#2792=CARTESIAN_POINT('Ctrl Pts',(72.5989518001553,-61.6493482082182,11.3957882764113));
#2793=CARTESIAN_POINT('Origin',(74.14,-61.65,14.1042117235887));
#2794=CARTESIAN_POINT('',(72.597102985652,-61.6487214947605,12.3957882764113));
#2795=CARTESIAN_POINT('',(72.5984480345445,-61.6509951914705,12.3542117235887));
#2796=CARTESIAN_POINT('',(72.597,-61.65,14.1042117235887));
#2797=CARTESIAN_POINT('Ctrl Pts',(72.5984480345445,-61.6509951914705,12.3542117235887));
#2798=CARTESIAN_POINT('Ctrl Pts',(72.6004680714124,-61.3239075376692,12.3373813714203));
#2799=CARTESIAN_POINT('Ctrl Pts',(72.8605467553344,-60.4891350088329,12.2945791591644));
#2800=CARTESIAN_POINT('Ctrl Pts',(74.2175725712459,-59.8390510514583,12.2258050868211));
#2801=CARTESIAN_POINT('Ctrl Pts',(75.6863629721113,-60.704316516834,12.1478895065588));
#2802=CARTESIAN_POINT('Ctrl Pts',(75.7874154786083,-62.4060277413695,12.0699739262964));
#2803=CARTESIAN_POINT('Ctrl Pts',(74.4313501018632,-63.439041737895,11.9920583460341));
#2804=CARTESIAN_POINT('Ctrl Pts',(72.9417525577908,-62.9319402572016,11.9201376117982));
#2805=CARTESIAN_POINT('Ctrl Pts',(72.6002443810698,-62.0359693420883,11.8741887376497));
#2806=CARTESIAN_POINT('Ctrl Pts',(72.5968959760829,-61.6487233281347,11.8542117235887));
#2807=CARTESIAN_POINT('Ctrl Pts',(72.597102985652,-61.6487214947605,12.3957882764113));
#2808=CARTESIAN_POINT('Ctrl Pts',(72.5960463033096,-61.5251796302885,12.3894173035746));
#2809=CARTESIAN_POINT('Ctrl Pts',(72.6653167083294,-60.8991766391022,12.3570744706504));
#2810=CARTESIAN_POINT('Ctrl Pts',(73.5159099331072,-59.9482213443382,12.2987597776389));
#2811=CARTESIAN_POINT('Ctrl Pts',(75.2043928273968,-60.1828179564846,12.2208441973765));
#2812=CARTESIAN_POINT('Ctrl Pts',(75.9514404522951,-61.715123821553,12.1429286171142));
#2813=CARTESIAN_POINT('Ctrl Pts',(75.0962892407398,-63.1898258179209,12.0650130368518));
#2814=CARTESIAN_POINT('Ctrl Pts',(73.3953139869919,-63.302572994403,11.9870974565894));
#2815=CARTESIAN_POINT('Ctrl Pts',(72.6407161269723,-62.325991003966,11.9306892031093));
#2816=CARTESIAN_POINT('Ctrl Pts',(72.5953350561338,-61.7375810873655,11.9002528097165));
#2817=CARTESIAN_POINT('Ctrl Pts',(72.5960594610005,-61.6511592550063,11.8957882764113));
#2818=CARTESIAN_POINT('Origin',(74.14,-61.65,14.1042117235887));
#2819=CARTESIAN_POINT('',(72.5987261050845,-61.6512139125687,12.8957882764113));
#2820=CARTESIAN_POINT('',(72.5948657171117,-61.6494905429641,12.8542117235887));
#2821=CARTESIAN_POINT('',(72.597,-61.65,14.1042117235887));
#2822=CARTESIAN_POINT('',(73.7414861581428,-63.1406494282185,13.));
#2823=CARTESIAN_POINT('Ctrl Pts',(73.7414861581428,-63.1406494282185,13.));
#2824=CARTESIAN_POINT('Ctrl Pts',(73.2549798940329,-63.0105856608915,12.9740281399126));
#2825=CARTESIAN_POINT('Ctrl Pts',(72.7011869677595,-62.4947152876077,12.9392908987163));
#2826=CARTESIAN_POINT('Ctrl Pts',(72.5976529179051,-61.8215036054617,12.9045536575201));
#2827=CARTESIAN_POINT('Ctrl Pts',(72.5987261050845,-61.6512139125687,12.8957882764113));
#2828=CARTESIAN_POINT('',(74.5396085378941,-63.1428285058045,13.));
#2829=CARTESIAN_POINT('Origin',(74.14,-61.65,13.));
#2830=CARTESIAN_POINT('Ctrl Pts',(74.539620022906,-63.1428513676137,13.));
#2831=CARTESIAN_POINT('Ctrl Pts',(74.0852896801929,-63.2622301135107,12.9756817697274));
#2832=CARTESIAN_POINT('Ctrl Pts',(73.0558918123888,-63.0605796566768,12.9270856775903));
#2833=CARTESIAN_POINT('Ctrl Pts',(72.597035449253,-62.1184224313351,12.8784895854532));
#2834=CARTESIAN_POINT('Ctrl Pts',(72.5948657171117,-61.6494905429641,12.8542117235887));
#2835=CARTESIAN_POINT('Origin',(74.14,-61.65,14.1042117235887));
#2836=CARTESIAN_POINT('Ctrl Pts',(72.5948657171117,-61.6494905429641,12.8542117235887));
#2837=CARTESIAN_POINT('Ctrl Pts',(72.5947143231211,-61.6167706193558,12.8525177253658));
#2838=CARTESIAN_POINT('Ctrl Pts',(72.6102965706376,-61.0825384604995,12.8248518670554));
#2839=CARTESIAN_POINT('Ctrl Pts',(73.2270558336794,-60.0839804473452,12.7712141486576));
#2840=CARTESIAN_POINT('Ctrl Pts',(74.9305522404131,-60.018908670403,12.6932985683952));
#2841=CARTESIAN_POINT('Ctrl Pts',(75.9347732732021,-61.3963559511358,12.6153829881329));
#2842=CARTESIAN_POINT('Ctrl Pts',(75.3515605340779,-62.9982245466038,12.5374674078705));
#2843=CARTESIAN_POINT('Ctrl Pts',(73.6967285352317,-63.4075694499615,12.4595518276082));
#2844=CARTESIAN_POINT('Ctrl Pts',(72.7067345725882,-62.5097528364523,12.3984665995142));
#2845=CARTESIAN_POINT('Ctrl Pts',(72.5973508392606,-61.828654835637,12.3633532315078));
#2846=CARTESIAN_POINT('Ctrl Pts',(72.5984480345445,-61.6509951914705,12.3542117235887));
#2847=CARTESIAN_POINT('Ctrl Pts',(72.5987261050845,-61.6512139125687,12.8957882764113));
#2848=CARTESIAN_POINT('Ctrl Pts',(72.6008327759085,-61.3169345487077,12.8785817974326));
#2849=CARTESIAN_POINT('Ctrl Pts',(72.8691210197088,-60.4740672650061,12.8354034583665));
#2850=CARTESIAN_POINT('Ctrl Pts',(74.2435552516874,-59.8406026504394,12.7662532592129));
#2851=CARTESIAN_POINT('Ctrl Pts',(75.6994673634873,-60.7262082302673,12.6883376789506));
#2852=CARTESIAN_POINT('Ctrl Pts',(75.7766008534169,-62.429372319522,12.6104220986882));
#2853=CARTESIAN_POINT('Ctrl Pts',(74.4059197480857,-63.442963287737,12.5325065184259));
#2854=CARTESIAN_POINT('Ctrl Pts',(72.9314602363347,-62.917593738472,12.4609619110002));
#2855=CARTESIAN_POINT('Ctrl Pts',(72.6003539666223,-62.0288094685026,12.415389163662));
#2856=CARTESIAN_POINT('Ctrl Pts',(72.597102985652,-61.6487214947605,12.3957882764113));
#2857=CARTESIAN_POINT('Ctrl Pts',(75.0981161527224,-60.8247887010635,13.));
#2858=CARTESIAN_POINT('Ctrl Pts',(75.3674420307906,-61.1374910046503,12.9740281399126));
#2859=CARTESIAN_POINT('Ctrl Pts',(75.5719054880828,-62.0421344710482,12.9220844197376));
#2860=CARTESIAN_POINT('Ctrl Pts',(74.6124770948001,-63.0590611693713,12.8441688394753));
#2861=CARTESIAN_POINT('Ctrl Pts',(73.2343996241192,-62.8272130417579,12.7662532592129));
#2862=CARTESIAN_POINT('Ctrl Pts',(72.6576215520235,-61.5553570910529,12.6883376789506));
#2863=CARTESIAN_POINT('Ctrl Pts',(73.391835451515,-60.3666353050343,12.6104220986883));
#2864=CARTESIAN_POINT('Ctrl Pts',(74.7878634530152,-60.3133084988494,12.5325065184259));
#2865=CARTESIAN_POINT('Ctrl Pts',(75.6108300738588,-61.4421368115433,12.4545909381636));
#2866=CARTESIAN_POINT('Ctrl Pts',(75.1328828874539,-62.7548800642777,12.3766753579012));
#2867=CARTESIAN_POINT('Ctrl Pts',(73.7767357309142,-63.0903412634325,12.2987597776389));
#2868=CARTESIAN_POINT('Ctrl Pts',(72.7418948828669,-62.1518534132301,12.2208441973765));
#2869=CARTESIAN_POINT('Ctrl Pts',(72.9436582177343,-60.7694758891259,12.1429286171142));
#2870=CARTESIAN_POINT('Ctrl Pts',(74.2035713002854,-60.1659138396429,12.0650130368518));
#2871=CARTESIAN_POINT('Ctrl Pts',(75.4072559807095,-60.8750053373536,11.9870974565894));
#2872=CARTESIAN_POINT('Ctrl Pts',(75.4900692629295,-62.2695703687373,11.9091818763271));
#2873=CARTESIAN_POINT('Ctrl Pts',(74.3787635799132,-63.1161330379574,11.8312662960647));
#2874=CARTESIAN_POINT('Ctrl Pts',(73.056274629499,-62.6659200877384,11.7533507158024));
#2875=CARTESIAN_POINT('Ctrl Pts',(72.6923267900361,-61.3171388257035,11.67543513554));
#2876=CARTESIAN_POINT('Ctrl Pts',(73.6088272656178,-60.2627690231396,11.5975195552777));
#2877=CARTESIAN_POINT('Ctrl Pts',(74.9951431823279,-60.4353871324366,11.5196039750153));
#2878=CARTESIAN_POINT('Ctrl Pts',(75.6250959625193,-61.6823146873935,11.441688394753));
#2879=CARTESIAN_POINT('Ctrl Pts',(74.9415005106981,-62.9006603118159,11.3637728144906));
#2880=CARTESIAN_POINT('Ctrl Pts',(73.5489881423483,-63.0128130053141,11.2858572342283));
#2881=CARTESIAN_POINT('Ctrl Pts',(72.6792182315174,-61.919575141569,11.2079416539659));
#2882=CARTESIAN_POINT('Ctrl Pts',(73.1014908063317,-60.5879015529666,11.1300260737036));
#2883=CARTESIAN_POINT('Ctrl Pts',(74.4423117481756,-60.1956403282924,11.0521104934412));
#2884=CARTESIAN_POINT('Ctrl Pts',(75.5157410835957,-61.089741566337,10.9741949131789));
#2885=CARTESIAN_POINT('Ctrl Pts',(75.3723467429984,-62.4793840333926,10.8962793329165));
#2886=CARTESIAN_POINT('Ctrl Pts',(74.1389542442049,-63.1354472973886,10.8183637526542));
#2887=CARTESIAN_POINT('Ctrl Pts',(72.9064937009373,-62.4776509496843,10.7404481723918));
#2888=CARTESIAN_POINT('Ctrl Pts',(72.7650389178552,-61.0878092786035,10.6625325921295));
#2889=CARTESIAN_POINT('Ctrl Pts',(73.839750265975,-60.1952153738437,10.5846170118671));
#2890=CARTESIAN_POINT('Ctrl Pts',(75.179964130748,-60.5893653646243,10.5067014316048));
#2891=CARTESIAN_POINT('Ctrl Pts',(75.6004783581511,-61.9216212386148,10.4287858513424));
#2892=CARTESIAN_POINT('Ctrl Pts',(74.7289346386998,-63.0136565310146,10.3508702710801));
#2893=CARTESIAN_POINT('Ctrl Pts',(73.3370798178019,-62.8995046088348,10.2729546908177));
#2894=CARTESIAN_POINT('Ctrl Pts',(72.6541434712028,-61.6803044546475,10.1950391105554));
#2895=CARTESIAN_POINT('Ctrl Pts',(73.2880139294163,-60.4341700342082,10.117123530293));
#2896=CARTESIAN_POINT('Ctrl Pts',(74.2086221776313,-60.3216286641143,10.0651798101181));
#2897=CARTESIAN_POINT('Ctrl Pts',(74.5938246080147,-60.4697443178869,10.0392079500307));
#2898=CARTESIAN_POINT('Ctrl Pts',(75.1684562999567,-60.7642057705893,13.0535973499898));
#2899=CARTESIAN_POINT('Ctrl Pts',(75.4575547513851,-61.0998651300741,13.0276254899023));
#2900=CARTESIAN_POINT('Ctrl Pts',(75.6770289040393,-62.0709230436557,12.9756817697274));
#2901=CARTESIAN_POINT('Ctrl Pts',(74.6471640253134,-63.1625074684803,12.8977661894651));
#2902=CARTESIAN_POINT('Ctrl Pts',(73.1679149253758,-62.9136381985075,12.8198506092027));
#2903=CARTESIAN_POINT('Ctrl Pts',(72.5487926610886,-61.5484088769651,12.7419350289404));
#2904=CARTESIAN_POINT('Ctrl Pts',(73.3369089122365,-60.2724170191379,12.664019448678));
#2905=CARTESIAN_POINT('Ctrl Pts',(74.8354263821478,-60.2151752227006,12.5861038684157));
#2906=CARTESIAN_POINT('Ctrl Pts',(75.7188111403066,-61.4268765247408,12.5081882881533));
#2907=CARTESIAN_POINT('Ctrl Pts',(75.2057754363286,-62.8359948917197,12.430272707891));
#2908=CARTESIAN_POINT('Ctrl Pts',(73.7500666656866,-63.1960839922755,12.3523571276286));
#2909=CARTESIAN_POINT('Ctrl Pts',(72.6392529229035,-62.1886970076902,12.2744415473663));
#2910=CARTESIAN_POINT('Ctrl Pts',(72.8558287235044,-60.7048321656836,12.1965259671039));
#2911=CARTESIAN_POINT('Ctrl Pts',(74.2082383906055,-60.0569595769148,12.1186103868416));
#2912=CARTESIAN_POINT('Ctrl Pts',(75.5002916445101,-60.818109063847,12.0406948065792));
#2913=CARTESIAN_POINT('Ctrl Pts',(75.5891846681558,-62.3150561596147,11.9627792263169));
#2914=CARTESIAN_POINT('Ctrl Pts',(74.3962924205632,-63.22376927127,11.8848636460545));
#2915=CARTESIAN_POINT('Ctrl Pts',(72.9767128750019,-62.7405039138713,11.8069480657922));
#2916=CARTESIAN_POINT('Ctrl Pts',(72.5860457859569,-61.2927018052628,11.7290324855298));
#2917=CARTESIAN_POINT('Ctrl Pts',(73.5698311916688,-60.1609253887503,11.6511169052675));
#2918=CARTESIAN_POINT('Ctrl Pts',(75.0579235635797,-60.3462162655284,11.5732013250051));
#2919=CARTESIAN_POINT('Ctrl Pts',(75.7341243599258,-61.6846870718508,11.4952857447428));
#2920=CARTESIAN_POINT('Ctrl Pts',(75.0003427124193,-62.9924776037207,11.4173701644804));
#2921=CARTESIAN_POINT('Ctrl Pts',(73.5055989760491,-63.112863993051,11.3394545842181));
#2922=CARTESIAN_POINT('Ctrl Pts',(72.5719748619319,-61.9393660146222,11.2615390039557));
#2923=CARTESIAN_POINT('Ctrl Pts',(73.0252485998109,-60.5099275401818,11.1836234236934));
#2924=CARTESIAN_POINT('Ctrl Pts',(74.4645059809072,-60.0888684372761,11.105707843431));
#2925=CARTESIAN_POINT('Ctrl Pts',(75.6167411868727,-61.0486101642611,11.0277922631687));
#2926=CARTESIAN_POINT('Ctrl Pts',(75.462819543295,-62.5402733053842,10.9498766829063));
#2927=CARTESIAN_POINT('Ctrl Pts',(74.1388774699887,-63.2445014880628,10.871961102644));
#2928=CARTESIAN_POINT('Ctrl Pts',(72.8159357717719,-62.5384129872451,10.7940455223816));
#2929=CARTESIAN_POINT('Ctrl Pts',(72.6640960784253,-61.046536017523,10.7161299421193));
#2930=CARTESIAN_POINT('Ctrl Pts',(73.8177074161197,-60.0884122847743,10.6382143618569));
#2931=CARTESIAN_POINT('Ctrl Pts',(75.2563131515502,-60.5114988176487,10.5602987815946));
#2932=CARTESIAN_POINT('Ctrl Pts',(75.7076994528512,-61.941562325989,10.4823832013322));
#2933=CARTESIAN_POINT('Ctrl Pts',(74.7721713058615,-63.1137694462347,10.4044676210699));
#2934=CARTESIAN_POINT('Ctrl Pts',(73.2781333908235,-62.991237054745,10.3265520408075));
#2935=CARTESIAN_POINT('Ctrl Pts',(72.5450592367834,-61.6825292577632,10.2486364605452));
#2936=CARTESIAN_POINT('Ctrl Pts',(73.2254653276877,-60.3449098139702,10.1707208802828));
#2937=CARTESIAN_POINT('Ctrl Pts',(74.2136600783748,-60.2241062133316,10.1187771601079));
#2938=CARTESIAN_POINT('Ctrl Pts',(74.6271421652394,-60.3830957855372,10.0928053000205));
#2939=CARTESIAN_POINT('Ctrl Pts',(75.2387964471909,-60.7036228401151,13.1071946999795));
#2940=CARTESIAN_POINT('Ctrl Pts',(75.5476674719796,-61.0622392554979,13.0812228398921));
#2941=CARTESIAN_POINT('Ctrl Pts',(75.7821523199958,-62.0997116162633,13.0292791197172));
#2942=CARTESIAN_POINT('Ctrl Pts',(74.6818509558266,-63.2659537675893,12.9513635394549));
#2943=CARTESIAN_POINT('Ctrl Pts',(73.1014302266325,-63.0000633552571,12.8734479591925));
#2944=CARTESIAN_POINT('Ctrl Pts',(72.4399637701537,-61.5414606628774,12.7955323789301));
#2945=CARTESIAN_POINT('Ctrl Pts',(73.2819823729579,-60.1781987332415,12.7176167986678));
#2946=CARTESIAN_POINT('Ctrl Pts',(74.8829893112805,-60.1170419465519,12.6397012184054));
#2947=CARTESIAN_POINT('Ctrl Pts',(75.8267922067544,-61.4116162379383,12.5617856381431));
#2948=CARTESIAN_POINT('Ctrl Pts',(75.2786679852032,-62.9171097191617,12.4838700578807));
#2949=CARTESIAN_POINT('Ctrl Pts',(73.7233976004592,-63.3018267211185,12.4059544776184));
#2950=CARTESIAN_POINT('Ctrl Pts',(72.5366109629399,-62.2255406021504,12.328038897356));
#2951=CARTESIAN_POINT('Ctrl Pts',(72.7679992292746,-60.6401884422412,12.2501233170937));
#2952=CARTESIAN_POINT('Ctrl Pts',(74.2129054809258,-59.9480053141865,12.1722077368313));
#2953=CARTESIAN_POINT('Ctrl Pts',(75.5933273083106,-60.7612127903405,12.094292156569));
#2954=CARTESIAN_POINT('Ctrl Pts',(75.6883000733821,-62.360541950492,12.0163765763066));
#2955=CARTESIAN_POINT('Ctrl Pts',(74.4138212612131,-63.3314055045825,11.9384609960443));
#2956=CARTESIAN_POINT('Ctrl Pts',(72.8971511205049,-62.8150877400042,11.8605454157819));
#2957=CARTESIAN_POINT('Ctrl Pts',(72.4797647818775,-61.2682647848222,11.7826298355196));
#2958=CARTESIAN_POINT('Ctrl Pts',(73.5308351177198,-60.059081754361,11.7047142552572));
#2959=CARTESIAN_POINT('Ctrl Pts',(75.1207039448313,-60.2570453986202,11.6267986749949));
#2960=CARTESIAN_POINT('Ctrl Pts',(75.8431527573323,-61.6870594563081,11.5488830947325));
#2961=CARTESIAN_POINT('Ctrl Pts',(75.0591849141405,-63.0842948956255,11.4709675144702));
#2962=CARTESIAN_POINT('Ctrl Pts',(73.46220980975,-63.2129149807878,11.3930519342078));
#2963=CARTESIAN_POINT('Ctrl Pts',(72.4647314923464,-61.9591568876753,11.3151363539455));
#2964=CARTESIAN_POINT('Ctrl Pts',(72.94900639329,-60.4319535273972,11.2372207736831));
#2965=CARTESIAN_POINT('Ctrl Pts',(74.4867002136387,-59.9820965462597,11.1593051934208));
#2966=CARTESIAN_POINT('Ctrl Pts',(75.7177412901497,-61.0074787621851,11.0813896131584));
#2967=CARTESIAN_POINT('Ctrl Pts',(75.5532923435916,-62.6011625773757,11.0034740328961));
#2968=CARTESIAN_POINT('Ctrl Pts',(74.1388006957726,-63.353555678737,10.9255584526337));
#2969=CARTESIAN_POINT('Ctrl Pts',(72.7253778426065,-62.599175024806,10.8476428723714));
#2970=CARTESIAN_POINT('Ctrl Pts',(72.5631532389954,-61.0052627564426,10.769727292109));
#2971=CARTESIAN_POINT('Ctrl Pts',(73.7956645662645,-59.981609195705,10.6918117118467));
#2972=CARTESIAN_POINT('Ctrl Pts',(75.3326621723525,-60.433632270673,10.6138961315843));
#2973=CARTESIAN_POINT('Ctrl Pts',(75.8149205475514,-61.9615034133632,10.535980551322));
#2974=CARTESIAN_POINT('Ctrl Pts',(74.8154079730232,-63.2138823614549,10.4580649710596));
#2975=CARTESIAN_POINT('Ctrl Pts',(73.2191869638452,-63.0829695006552,10.3801493907973));
#2976=CARTESIAN_POINT('Ctrl Pts',(72.4359750023639,-61.6847540608789,10.3022338105349));
#2977=CARTESIAN_POINT('Ctrl Pts',(73.1629167259591,-60.2556495937322,10.2243182302726));
#2978=CARTESIAN_POINT('Ctrl Pts',(74.2186979791183,-60.1265837625489,10.1723745100977));
#2979=CARTESIAN_POINT('Ctrl Pts',(74.6604597224642,-60.2964472531875,10.1464026500102));
#2980=CARTESIAN_POINT('Ctrl Pts',(75.3091365944252,-60.6430399096409,13.1607920499693));
#2981=CARTESIAN_POINT('Ctrl Pts',(75.6377801925741,-61.0246133809217,13.1348201898819));
#2982=CARTESIAN_POINT('Ctrl Pts',(75.8872757359524,-62.1285001888709,13.082876469707));
#2983=CARTESIAN_POINT('Ctrl Pts',(74.7165378863397,-63.3694000666982,13.0049608894446));
#2984=CARTESIAN_POINT('Ctrl Pts',(73.0349455278892,-63.0864885120067,12.9270453091823));
#2985=CARTESIAN_POINT('Ctrl Pts',(72.3311348792188,-61.5345124487897,12.8491297289199));
#2986=CARTESIAN_POINT('Ctrl Pts',(73.2270558336794,-60.0839804473452,12.7712141486576));
#2987=CARTESIAN_POINT('Ctrl Pts',(74.9305522404131,-60.018908670403,12.6932985683952));
#2988=CARTESIAN_POINT('Ctrl Pts',(75.9347732732021,-61.3963559511358,12.6153829881329));
#2989=CARTESIAN_POINT('Ctrl Pts',(75.3515605340779,-62.9982245466038,12.5374674078705));
#2990=CARTESIAN_POINT('Ctrl Pts',(73.6967285352317,-63.4075694499615,12.4595518276082));
#2991=CARTESIAN_POINT('Ctrl Pts',(72.4339690029765,-62.2623841966105,12.3816362473458));
#2992=CARTESIAN_POINT('Ctrl Pts',(72.6801697350447,-60.5755447187989,12.3037206670835));
#2993=CARTESIAN_POINT('Ctrl Pts',(74.2175725712459,-59.8390510514583,12.2258050868211));
#2994=CARTESIAN_POINT('Ctrl Pts',(75.6863629721113,-60.704316516834,12.1478895065588));
#2995=CARTESIAN_POINT('Ctrl Pts',(75.7874154786083,-62.4060277413695,12.0699739262964));
#2996=CARTESIAN_POINT('Ctrl Pts',(74.4313501018632,-63.439041737895,11.9920583460341));
#2997=CARTESIAN_POINT('Ctrl Pts',(72.8175893660079,-62.8896715661371,11.9141427657717));
#2998=CARTESIAN_POINT('Ctrl Pts',(72.3734837777982,-61.2438277643816,11.8362271855094));
#2999=CARTESIAN_POINT('Ctrl Pts',(73.4918390437709,-59.9572381199718,11.758311605247));
#3000=CARTESIAN_POINT('Ctrl Pts',(75.183484326083,-60.1678745317119,11.6803960249846));
#3001=CARTESIAN_POINT('Ctrl Pts',(75.9521811547388,-61.6894318407656,11.6024804447223));
#3002=CARTESIAN_POINT('Ctrl Pts',(75.1180271158617,-63.1761121875302,11.5245648644599));
#3003=CARTESIAN_POINT('Ctrl Pts',(73.4188206434507,-63.3129659685248,11.4466492841976));
#3004=CARTESIAN_POINT('Ctrl Pts',(72.357488122761,-61.9789477607284,11.3687337039353));
#3005=CARTESIAN_POINT('Ctrl Pts',(72.8727641867693,-60.3539795146125,11.2908181236729));
#3006=CARTESIAN_POINT('Ctrl Pts',(74.5088944463702,-59.8753246552434,11.2129025434106));
#3007=CARTESIAN_POINT('Ctrl Pts',(75.8187413934267,-60.9663473601092,11.1349869631482));
#3008=CARTESIAN_POINT('Ctrl Pts',(75.6437651438882,-62.6620518493672,11.0570713828859));
#3009=CARTESIAN_POINT('Ctrl Pts',(74.1387239215564,-63.4626098694112,10.9791558026235));
#3010=CARTESIAN_POINT('Ctrl Pts',(72.6348199134411,-62.6599370623669,10.9012402223612));
#3011=CARTESIAN_POINT('Ctrl Pts',(72.4622103995654,-60.963989495362,10.8233246420988));
#3012=CARTESIAN_POINT('Ctrl Pts',(73.7736217164093,-59.8748061066356,10.7454090618365));
#3013=CARTESIAN_POINT('Ctrl Pts',(75.4090111931547,-60.3557657236973,10.6674934815741));
#3014=CARTESIAN_POINT('Ctrl Pts',(75.9221416422515,-61.9814445007375,10.5895779013118));
#3015=CARTESIAN_POINT('Ctrl Pts',(74.8586446401849,-63.313995276675,10.5116623210494));
#3016=CARTESIAN_POINT('Ctrl Pts',(73.1602405368669,-63.1747019465654,10.4337467407871));
#3017=CARTESIAN_POINT('Ctrl Pts',(72.3268907679446,-61.6869788639946,10.3558311605247));
#3018=CARTESIAN_POINT('Ctrl Pts',(73.1003681242304,-60.1663893734941,10.2779155802624));
#3019=CARTESIAN_POINT('Ctrl Pts',(74.2237358798617,-60.0290613117662,10.2259718600875));
#3020=CARTESIAN_POINT('Ctrl Pts',(74.6937772796889,-60.2097987208378,10.2));
#3021=CARTESIAN_POINT('Ctrl Pts',(74.6937772796889,-60.2097987208378,10.2));
#3022=CARTESIAN_POINT('Ctrl Pts',(74.6353962138857,-60.1931376922418,10.2));
#3023=CARTESIAN_POINT('Ctrl Pts',(74.5761668140789,-60.1802614983634,10.2));
#3024=CARTESIAN_POINT('Ctrl Pts',(74.5164188583895,-60.1710472742011,10.2));
#3025=CARTESIAN_POINT('Ctrl Pts',(74.4565983711541,-60.1618218643519,10.2));
#3026=CARTESIAN_POINT('Ctrl Pts',(74.3962569190377,-60.156267676535,10.2));
#3027=CARTESIAN_POINT('Ctrl Pts',(74.3357249265427,-60.1543161483296,10.2));
#3028=CARTESIAN_POINT('Ctrl Pts',(74.2903901521285,-60.1528545726023,10.2));
#3029=CARTESIAN_POINT('Ctrl Pts',(74.2449483929851,-60.1534149160369,10.2));
#3030=CARTESIAN_POINT('Ctrl Pts',(74.1995440336437,-60.1559866900072,10.2));
#3031=CARTESIAN_POINT('Ctrl Pts',(74.1765573899259,-60.1572886894811,10.2));
#3032=CARTESIAN_POINT('Ctrl Pts',(74.153580438812,-60.1591064670258,10.2));
#3033=CARTESIAN_POINT('Ctrl Pts',(74.1306327490509,-60.1614400830425,10.2));
#3034=CARTESIAN_POINT('Ctrl Pts',(74.1168038088012,-60.1628463874156,10.2));
#3035=CARTESIAN_POINT('Ctrl Pts',(74.1029811273029,-60.1644407459835,10.2));
#3036=CARTESIAN_POINT('Ctrl Pts',(74.0891973764242,-60.1662192695326,10.2));
#3037=CARTESIAN_POINT('Ctrl Pts',(74.0304850234885,-60.1737949507271,10.2));
#3038=CARTESIAN_POINT('Ctrl Pts',(73.972385348589,-60.1847152804968,10.2));
#3039=CARTESIAN_POINT('Ctrl Pts',(73.9152075729301,-60.1989091622474,10.2));
#3040=CARTESIAN_POINT('Ctrl Pts',(73.8591768394018,-60.2128183008408,10.2));
#3041=CARTESIAN_POINT('Ctrl Pts',(73.804030473672,-60.2298714615935,10.2));
#3042=CARTESIAN_POINT('Ctrl Pts',(73.7500807348052,-60.2500457376016,10.2));
#3043=CARTESIAN_POINT('Ctrl Pts',(73.7117872748277,-60.2643654145289,10.2));
#3044=CARTESIAN_POINT('Ctrl Pts',(73.6740971082765,-60.2802584678318,10.2));
#3045=CARTESIAN_POINT('Ctrl Pts',(73.6371323278097,-60.2977286491864,10.2));
#3046=CARTESIAN_POINT('Ctrl Pts',(73.6171866035613,-60.307155336305,10.2));
#3047=CARTESIAN_POINT('Ctrl Pts',(73.5974522479992,-60.3170413748058,10.2));
#3048=CARTESIAN_POINT('Ctrl Pts',(73.5779497895,-60.3273884522772,10.2));
#3049=CARTESIAN_POINT('Ctrl Pts',(73.5691459352894,-60.3320593588486,10.2));
#3050=CARTESIAN_POINT('Ctrl Pts',(73.5603915170846,-60.3368231657375,10.2));
#3051=CARTESIAN_POINT('Ctrl Pts',(73.5516977982198,-60.3416744440686,10.2));
#3052=CARTESIAN_POINT('Ctrl Pts',(73.5029484353457,-60.3688776158581,10.2));
#3053=CARTESIAN_POINT('Ctrl Pts',(73.4560184351768,-60.3988735644207,10.2));
#3054=CARTESIAN_POINT('Ctrl Pts',(73.411192361637,-60.4316335785677,10.2));
#3055=CARTESIAN_POINT('Ctrl Pts',(73.3832647948563,-60.4520437419074,10.2));
#3056=CARTESIAN_POINT('Ctrl Pts',(73.3561544325378,-60.4735275967119,10.2));
#3057=CARTESIAN_POINT('Ctrl Pts',(73.329937364953,-60.4960855059445,10.2));
#3058=CARTESIAN_POINT('Ctrl Pts',(73.2885574064487,-60.531689996987,10.2));
#3059=CARTESIAN_POINT('Ctrl Pts',(73.2494008095148,-60.5699697561297,10.2));
#3060=CARTESIAN_POINT('Ctrl Pts',(73.2126040554545,-60.6106483577704,10.2));
#3061=CARTESIAN_POINT('Ctrl Pts',(73.2009621931122,-60.6235183701579,10.2));
#3062=CARTESIAN_POINT('Ctrl Pts',(73.1895568565224,-60.6366286237368,10.2));
#3063=CARTESIAN_POINT('Ctrl Pts',(73.1783932533075,-60.6499706239369,10.2));
#3064=CARTESIAN_POINT('Ctrl Pts',(73.1710627112223,-60.6587316029939,10.2));
#3065=CARTESIAN_POINT('Ctrl Pts',(73.1638364098077,-60.6675925094987,10.2));
#3066=CARTESIAN_POINT('Ctrl Pts',(73.1567159287194,-60.6765509507013,10.2));
#3067=CARTESIAN_POINT('Ctrl Pts',(73.1507790301377,-60.6840202995011,10.2));
#3068=CARTESIAN_POINT('Ctrl Pts',(73.1449217367888,-60.6915498539959,10.2));
#3069=CARTESIAN_POINT('Ctrl Pts',(73.1391444996834,-60.6991379004829,10.2));
#3070=CARTESIAN_POINT('Ctrl Pts',(73.1053962133192,-60.7434642040632,10.2));
#3071=CARTESIAN_POINT('Ctrl Pts',(73.0743755732289,-60.789784948233,10.2));
#3072=CARTESIAN_POINT('Ctrl Pts',(73.046191296791,-60.8377856620929,10.2));
#3073=CARTESIAN_POINT('Ctrl Pts',(73.0180816700351,-60.885659239887,10.2));
#3074=CARTESIAN_POINT('Ctrl Pts',(72.9927931023276,-60.9352050801773,10.2));
#3075=CARTESIAN_POINT('Ctrl Pts',(72.9704823309045,-60.9861268219095,10.2));
#3076=CARTESIAN_POINT('Ctrl Pts',(72.9569654208001,-61.0169775976313,10.2));
#3077=CARTESIAN_POINT('Ctrl Pts',(72.9445424783876,-61.0483336210846,10.2));
#3078=CARTESIAN_POINT('Ctrl Pts',(72.9332578282638,-61.0801290511153,10.2));
#3079=CARTESIAN_POINT('Ctrl Pts',(72.9268635039853,-61.0981455857847,10.2));
#3080=CARTESIAN_POINT('Ctrl Pts',(72.9208347958127,-61.1163031933195,10.2));
#3081=CARTESIAN_POINT('Ctrl Pts',(72.9151808453246,-61.1345896915964,10.2));
#3082=CARTESIAN_POINT('Ctrl Pts',(72.911918174286,-61.1451421059573,10.2));
#3083=CARTESIAN_POINT('Ctrl Pts',(72.9087814426395,-61.1557340427636,10.2));
#3084=CARTESIAN_POINT('Ctrl Pts',(72.905774692917,-61.1663536822495,10.2));
#3085=CARTESIAN_POINT('Ctrl Pts',(72.8911888872306,-61.21786977514,10.2));
#3086=CARTESIAN_POINT('Ctrl Pts',(72.8796375578108,-61.2701029034473,10.2));
#3087=CARTESIAN_POINT('Ctrl Pts',(72.8712764955743,-61.3227782965559,10.2));
#3088=CARTESIAN_POINT('Ctrl Pts',(72.8663273447752,-61.3539583615433,10.2));
#3089=CARTESIAN_POINT('Ctrl Pts',(72.8624969365529,-61.3852933914533,10.2));
#3090=CARTESIAN_POINT('Ctrl Pts',(72.8598261291867,-61.4167248953758,10.2));
#3091=CARTESIAN_POINT('Ctrl Pts',(72.8587541603678,-61.4293404035414,10.2));
#3092=CARTESIAN_POINT('Ctrl Pts',(72.8578689508886,-61.4419736904771,10.2));
#3093=CARTESIAN_POINT('Ctrl Pts',(72.8571738283611,-61.4546135782748,10.2));
#3094=CARTESIAN_POINT('Ctrl Pts',(72.8543492468585,-61.5059748733798,10.2));
#3095=CARTESIAN_POINT('Ctrl Pts',(72.8546637649828,-61.5573451935747,10.2));
#3096=CARTESIAN_POINT('Ctrl Pts',(72.8582766604728,-61.6084701584103,10.2));
#3097=CARTESIAN_POINT('Ctrl Pts',(72.8598711025663,-61.6310326145304,10.2));
#3098=CARTESIAN_POINT('Ctrl Pts',(72.862108589911,-61.6535471337198,10.2));
#3099=CARTESIAN_POINT('Ctrl Pts',(72.8650059251782,-61.675990830784,10.2));
#3100=CARTESIAN_POINT('Ctrl Pts',(72.8683853029291,-61.7021685849997,10.2));
#3101=CARTESIAN_POINT('Ctrl Pts',(72.8726623635055,-61.7282500522659,10.2));
#3102=CARTESIAN_POINT('Ctrl Pts',(72.8778162214306,-61.7541984339951,10.2));
#3103=CARTESIAN_POINT('Ctrl Pts',(75.0981161527224,-60.8247887010635,13.));
#3104=CARTESIAN_POINT('Ctrl Pts',(75.1353042310914,-60.8595174239669,13.));
#3105=CARTESIAN_POINT('Ctrl Pts',(75.1701122366817,-60.8965574030883,13.));
#3106=CARTESIAN_POINT('Ctrl Pts',(75.2025249984535,-60.9355955559181,13.));
#3107=CARTESIAN_POINT('Ctrl Pts',(75.2233949380198,-60.9607314544285,13.));
#3108=CARTESIAN_POINT('Ctrl Pts',(75.2432714052407,-60.9866967803767,13.));
#3109=CARTESIAN_POINT('Ctrl Pts',(75.2621445141326,-61.0134171940843,13.));
#3110=CARTESIAN_POINT('Ctrl Pts',(75.2707246737908,-61.0255649232718,13.));
#3111=CARTESIAN_POINT('Ctrl Pts',(75.2790973888342,-61.0378688045067,13.));
#3112=CARTESIAN_POINT('Ctrl Pts',(75.2872613729013,-61.0503222625275,13.));
#3113=CARTESIAN_POINT('Ctrl Pts',(75.2940404228067,-61.060663122177,13.));
#3114=CARTESIAN_POINT('Ctrl Pts',(75.3006752354146,-61.0711068812175,13.));
#3115=CARTESIAN_POINT('Ctrl Pts',(75.3071579954797,-61.0816377843556,13.));
#3116=CARTESIAN_POINT('Ctrl Pts',(75.3352966123041,-61.1273474890557,13.));
#3117=CARTESIAN_POINT('Ctrl Pts',(75.3606100806118,-61.1747508897738,13.));
#3118=CARTESIAN_POINT('Ctrl Pts',(75.3830611703616,-61.2235223797547,13.));
#3119=CARTESIAN_POINT('Ctrl Pts',(75.3982840534698,-61.2565917184492,13.));
#3120=CARTESIAN_POINT('Ctrl Pts',(75.4121903213164,-61.2902910211951,13.));
#3121=CARTESIAN_POINT('Ctrl Pts',(75.4247586135159,-61.3245280456778,13.));
#3122=CARTESIAN_POINT('Ctrl Pts',(75.4296658260717,-61.3378956817693,13.));
#3123=CARTESIAN_POINT('Ctrl Pts',(75.4343699325487,-61.3513487411588,13.));
#3124=CARTESIAN_POINT('Ctrl Pts',(75.4388614804834,-61.3648569301764,13.));
#3125=CARTESIAN_POINT('Ctrl Pts',(75.4564415884288,-61.4177285513922,13.));
#3126=CARTESIAN_POINT('Ctrl Pts',(75.4707964999872,-61.4715133492242,13.));
#3127=CARTESIAN_POINT('Ctrl Pts',(75.4818888791178,-61.5258695718005,13.));
#3128=CARTESIAN_POINT('Ctrl Pts',(75.4930062002801,-61.5803480183475,13.));
#3129=CARTESIAN_POINT('Ctrl Pts',(75.5008468039412,-61.6354015265018,13.));
#3130=CARTESIAN_POINT('Ctrl Pts',(75.5053296703987,-61.6907158666831,13.));
#3131=CARTESIAN_POINT('Ctrl Pts',(75.5076254734629,-61.719043909217,13.));
#3132=CARTESIAN_POINT('Ctrl Pts',(75.5090398783981,-61.7474407434709,13.));
#3133=CARTESIAN_POINT('Ctrl Pts',(75.5095569411428,-61.7758657794306,13.));
#3134=CARTESIAN_POINT('Ctrl Pts',(75.5100052013759,-61.8005084623129,13.));
#3135=CARTESIAN_POINT('Ctrl Pts',(75.5097789919412,-61.8251723710119,13.));
#3136=CARTESIAN_POINT('Ctrl Pts',(75.5088656314558,-61.8498312769133,13.));
#3137=CARTESIAN_POINT('Ctrl Pts',(75.5084955947502,-61.8598215276933,13.));
#3138=CARTESIAN_POINT('Ctrl Pts',(75.5080126433052,-61.869810820123,13.));
#3139=CARTESIAN_POINT('Ctrl Pts',(75.5074170118285,-61.8797831861824,13.));
#3140=CARTESIAN_POINT('Ctrl Pts',(75.5045782151602,-61.9273117682888,13.));
#3141=CARTESIAN_POINT('Ctrl Pts',(75.4991793110449,-61.9745360728686,13.));
#3142=CARTESIAN_POINT('Ctrl Pts',(75.4911838134597,-62.0212634991004,13.));
#3143=CARTESIAN_POINT('Ctrl Pts',(75.4819852368193,-62.0750219808992,13.));
#3144=CARTESIAN_POINT('Ctrl Pts',(75.4693516802163,-62.1281235077779,13.));
#3145=CARTESIAN_POINT('Ctrl Pts',(75.4535324240135,-62.1803681218042,13.));
#3146=CARTESIAN_POINT('Ctrl Pts',(75.4382014330339,-62.2310001930031,13.));
#3147=CARTESIAN_POINT('Ctrl Pts',(75.419877742627,-62.2808280965011,13.));
#3148=CARTESIAN_POINT('Ctrl Pts',(75.3987441268983,-62.3296669567474,13.));
#3149=CARTESIAN_POINT('Ctrl Pts',(75.3916231536523,-62.3461232140032,13.));
#3150=CARTESIAN_POINT('Ctrl Pts',(75.3841828153263,-62.3624671119256,13.));
#3151=CARTESIAN_POINT('Ctrl Pts',(75.3764291083753,-62.3786913016141,13.));
#3152=CARTESIAN_POINT('Ctrl Pts',(75.3722989808198,-62.3873333580293,13.));
#3153=CARTESIAN_POINT('Ctrl Pts',(75.3680814128635,-62.3959382200767,13.));
#3154=CARTESIAN_POINT('Ctrl Pts',(75.3637814086261,-62.4044973283369,13.));
#3155=CARTESIAN_POINT('Ctrl Pts',(75.3378955793675,-62.4560227694285,13.));
#3156=CARTESIAN_POINT('Ctrl Pts',(75.3089880897141,-62.505971511641,13.));
#3157=CARTESIAN_POINT('Ctrl Pts',(75.2773345361414,-62.5541252458967,13.));
#3158=CARTESIAN_POINT('Ctrl Pts',(75.2450161482939,-62.6032903753791,13.));
#3159=CARTESIAN_POINT('Ctrl Pts',(75.2098347371442,-62.6505852609793,13.));
#3160=CARTESIAN_POINT('Ctrl Pts',(75.172030161019,-62.6957675240991,13.));
#3161=CARTESIAN_POINT('Ctrl Pts',(75.1351913033783,-62.7397956056054,13.));
#3162=CARTESIAN_POINT('Ctrl Pts',(75.0958608555462,-62.781818422143,13.));
#3163=CARTESIAN_POINT('Ctrl Pts',(75.0542194981881,-62.8215893725869,13.));
#3164=CARTESIAN_POINT('Ctrl Pts',(75.043243818481,-62.8320720571441,13.));
#3165=CARTESIAN_POINT('Ctrl Pts',(75.032102745101,-62.8424021152592,13.));
#3166=CARTESIAN_POINT('Ctrl Pts',(75.020825061862,-62.8525520101644,13.));
#3167=CARTESIAN_POINT('Ctrl Pts',(74.975637794727,-62.8932204704108,13.));
#3168=CARTESIAN_POINT('Ctrl Pts',(74.9282021641589,-62.9310584449374,13.));
#3169=CARTESIAN_POINT('Ctrl Pts',(74.87878007298,-62.9658198569264,13.));
#3170=CARTESIAN_POINT('Ctrl Pts',(74.8297577132506,-63.0003001146933,13.));
#3171=CARTESIAN_POINT('Ctrl Pts',(74.7787801887992,-63.031754316302,13.));
#3172=CARTESIAN_POINT('Ctrl Pts',(74.726061257313,-63.0599143995872,13.));
#3173=CARTESIAN_POINT('Ctrl Pts',(74.6942162607473,-63.0769245651999,13.));
#3174=CARTESIAN_POINT('Ctrl Pts',(74.6617350990501,-63.0927321753106,13.));
#3175=CARTESIAN_POINT('Ctrl Pts',(74.6286590315593,-63.1072709382046,13.));
#3176=CARTESIAN_POINT('Ctrl Pts',(74.5994287999157,-63.120119243322,13.));
#3177=CARTESIAN_POINT('Ctrl Pts',(74.5697338664376,-63.1319765344215,13.));
#3178=CARTESIAN_POINT('Ctrl Pts',(74.539620022906,-63.1428513676137,13.));
#3179=CARTESIAN_POINT('Ctrl Pts',(72.8770124900111,-61.649389487066,10.6934196736194));
#3180=CARTESIAN_POINT('Ctrl Pts',(72.8781485748616,-61.8992215829792,10.7090958398769));
#3181=CARTESIAN_POINT('Ctrl Pts',(72.9501160666804,-62.1496569043219,10.7247720061344));
#3182=CARTESIAN_POINT('Ctrl Pts',(73.0883279943015,-62.3556433957882,10.7404481723918));
#3183=CARTESIAN_POINT('Ctrl Pts',(73.3173138820265,-62.6969163989191,10.7664200324793));
#3184=CARTESIAN_POINT('Ctrl Pts',(73.7281340631157,-62.9161818481538,10.7923918925667));
#3185=CARTESIAN_POINT('Ctrl Pts',(74.1391095701259,-62.9164706954385,10.8183637526542));
#3186=CARTESIAN_POINT('Ctrl Pts',(74.5500850771361,-62.9167595427232,10.8443356127416));
#3187=CARTESIAN_POINT('Ctrl Pts',(74.9612159100672,-62.6980717880579,10.8703074728291));
#3188=CARTESIAN_POINT('Ctrl Pts',(75.190680383299,-62.3571208328827,10.8962793329165));
#3189=CARTESIAN_POINT('Ctrl Pts',(75.4201448565308,-62.0161698777074,10.922251193004));
#3190=CARTESIAN_POINT('Ctrl Pts',(75.4679429700632,-61.5529557220222,10.9482230530914));
#3191=CARTESIAN_POINT('Ctrl Pts',(75.3129371375928,-61.1723317711722,10.9741949131789));
#3192=CARTESIAN_POINT('Ctrl Pts',(75.1579313051223,-60.7917078203222,11.0001667732663));
#3193=CARTESIAN_POINT('Ctrl Pts',(74.800121526649,-60.4936740743073,11.0261386333538));
#3194=CARTESIAN_POINT('Ctrl Pts',(74.3977464804383,-60.4100340720789,11.0521104934412));
#3195=CARTESIAN_POINT('Ctrl Pts',(73.9953714342276,-60.3263940698505,11.0780823535287));
#3196=CARTESIAN_POINT('Ctrl Pts',(73.5484311202796,-60.4571478114085,11.1040542136162));
#3197=CARTESIAN_POINT('Ctrl Pts',(73.2545822008366,-60.744470280288,11.1300260737036));
#3198=CARTESIAN_POINT('Ctrl Pts',(73.0155011239564,-60.9782413127007,11.1511572736755));
#3199=CARTESIAN_POINT('Ctrl Pts',(72.8777628681687,-61.3156570768957,11.1722884736475));
#3200=CARTESIAN_POINT('Ctrl Pts',(72.8748945213609,-61.6509868145492,11.1934196736194));
#3201=CARTESIAN_POINT('Ctrl Pts',(73.7414861581428,-63.1406494282185,13.));
#3202=CARTESIAN_POINT('Ctrl Pts',(73.2549798940329,-63.0105856608915,12.9740281399126));
#3203=CARTESIAN_POINT('Ctrl Pts',(72.4268754215253,-62.2391880082975,12.9220844197376));
#3204=CARTESIAN_POINT('Ctrl Pts',(72.6948996870195,-60.5543643405544,12.8441688394753));
#3205=CARTESIAN_POINT('Ctrl Pts',(74.2435552516874,-59.8406026504394,12.7662532592129));
#3206=CARTESIAN_POINT('Ctrl Pts',(75.6994673634873,-60.7262082302673,12.6883376789506));
#3207=CARTESIAN_POINT('Ctrl Pts',(75.7766008534169,-62.429372319522,12.6104220986882));
#3208=CARTESIAN_POINT('Ctrl Pts',(74.4059197480857,-63.442963287737,12.5325065184259));
#3209=CARTESIAN_POINT('Ctrl Pts',(72.8001611512439,-62.870810126848,12.4545909381635));
#3210=CARTESIAN_POINT('Ctrl Pts',(72.3794130872332,-61.2188142218547,12.3766753579012));
#3211=CARTESIAN_POINT('Ctrl Pts',(73.5159099331072,-59.9482213443382,12.2987597776389));
#3212=CARTESIAN_POINT('Ctrl Pts',(75.2043928273968,-60.1828179564846,12.2208441973765));
#3213=CARTESIAN_POINT('Ctrl Pts',(75.9514404522951,-61.715123821553,12.1429286171142));
#3214=CARTESIAN_POINT('Ctrl Pts',(75.0962892407398,-63.1898258179209,12.0650130368518));
#3215=CARTESIAN_POINT('Ctrl Pts',(73.3953139869919,-63.302572994403,11.9870974565894));
#3216=CARTESIAN_POINT('Ctrl Pts',(72.3530032168345,-61.9536400322186,11.9091818763271));
#3217=CARTESIAN_POINT('Ctrl Pts',(72.8912684185491,-60.336141664493,11.8312662960647));
#3218=CARTESIAN_POINT('Ctrl Pts',(74.5340204599387,-59.8807339315247,11.7533507158024));
#3219=CARTESIAN_POINT('Ctrl Pts',(75.8282665551655,-60.9902193137214,11.67543513554));
#3220=CARTESIAN_POINT('Ctrl Pts',(75.6292625940739,-62.6832721812078,11.5975195552777));
#3221=CARTESIAN_POINT('Ctrl Pts',(74.1130250646883,-63.4624091321786,11.5196039750153));
#3222=CARTESIAN_POINT('Ctrl Pts',(72.6206465183383,-62.6384935368168,11.441688394753));
#3223=CARTESIAN_POINT('Ctrl Pts',(72.4721165422179,-60.9402681587155,11.3637728144906));
#3224=CARTESIAN_POINT('Ctrl Pts',(73.798808036304,-59.869791420137,11.2858572342283));
#3225=CARTESIAN_POINT('Ctrl Pts',(75.4272793501343,-60.3738863048255,11.2079416539659));
#3226=CARTESIAN_POINT('Ctrl Pts',(75.9171688234947,-62.0066871808855,11.1300260737036));
#3227=CARTESIAN_POINT('Ctrl Pts',(74.8351750201835,-63.324003121596,11.0521104934412));
#3228=CARTESIAN_POINT('Ctrl Pts',(73.1383085865834,-63.1606842733602,10.9741949131789));
#3229=CARTESIAN_POINT('Ctrl Pts',(72.3274237945959,-61.6611858816175,10.8962793329165));
#3230=CARTESIAN_POINT('Ctrl Pts',(73.1197424766665,-60.1517911274094,10.8183637526542));
#3231=CARTESIAN_POINT('Ctrl Pts',(74.814459155384,-59.9675482615601,10.7404481723918));
#3232=CARTESIAN_POINT('Ctrl Pts',(75.9126393211951,-61.2714008853242,10.6625325921295));
#3233=CARTESIAN_POINT('Ctrl Pts',(75.4429136528312,-62.9101434520391,10.5846170118671));
#3234=CARTESIAN_POINT('Ctrl Pts',(73.8208388302919,-63.4342552539771,10.5067014316048));
#3235=CARTESIAN_POINT('Ctrl Pts',(72.4809296682603,-62.3803212992805,10.4287858513424));
#3236=CARTESIAN_POINT('Ctrl Pts',(72.608715745071,-60.680207124065,10.3508702710801));
#3237=CARTESIAN_POINT('Ctrl Pts',(74.0903389075139,-59.8383222597156,10.2729546908177));
#3238=CARTESIAN_POINT('Ctrl Pts',(75.6170667203594,-60.5978563232944,10.1950391105554));
#3239=CARTESIAN_POINT('Ctrl Pts',(75.8348313330528,-62.289910214794,10.117123530293));
#3240=CARTESIAN_POINT('Ctrl Pts',(74.9841365979553,-63.0363215112599,10.0651798101181));
#3241=CARTESIAN_POINT('Ctrl Pts',(74.4939750828755,-63.1518490738764,10.0392079500307));
#3242=CARTESIAN_POINT('Ctrl Pts',(73.7654624175848,-63.0509657242309,13.0535973499898));
#3243=CARTESIAN_POINT('Ctrl Pts',(73.308226405053,-62.9287271371156,13.0276254899023));
#3244=CARTESIAN_POINT('Ctrl Pts',(72.5299441610166,-62.2037399935403,12.9756817697274));
#3245=CARTESIAN_POINT('Ctrl Pts',(72.7818429657331,-60.6202823641353,12.8977661894651));
#3246=CARTESIAN_POINT('Ctrl Pts',(74.2373249346437,-59.9494635624836,12.8198506092027));
#3247=CARTESIAN_POINT('Ctrl Pts',(75.6056432846946,-60.7817874067354,12.7419350289404));
#3248=CARTESIAN_POINT('Ctrl Pts',(75.6781361012724,-62.3824820211882,12.664019448678));
#3249=CARTESIAN_POINT('Ctrl Pts',(74.389920903877,-63.3350911175847,12.5861038684157));
#3250=CARTESIAN_POINT('Ctrl Pts',(72.8807714600317,-62.7973610837875,12.5081882881533));
#3251=CARTESIAN_POINT('Ctrl Pts',(72.4853373592586,-61.2447561616287,12.430272707891));
#3252=CARTESIAN_POINT('Ctrl Pts',(73.5534578016814,-60.0506074656606,12.3523571276286));
#3253=CARTESIAN_POINT('Ctrl Pts',(75.1403545032598,-60.2710897644602,12.2744415473663));
#3254=CARTESIAN_POINT('Ctrl Pts',(75.8424566186455,-61.7112057000792,12.1965259671039));
#3255=CARTESIAN_POINT('Ctrl Pts',(75.0387548805009,-63.0971834566569,12.1186103868416));
#3256=CARTESIAN_POINT('Ctrl Pts',(73.4401174120562,-63.2031472914562,12.0406948065792));
#3257=CARTESIAN_POINT('Ctrl Pts',(72.4605164171179,-61.9353717779578,11.9627792263169));
#3258=CARTESIAN_POINT('Ctrl Pts',(72.9663973330952,-60.4151888769447,11.8848636460545));
#3259=CARTESIAN_POINT('Ctrl Pts',(74.5103145411457,-59.9871803778566,11.8069480657922));
#3260=CARTESIAN_POINT('Ctrl Pts',(75.7266933783208,-61.0299144792277,11.7290324855298));
#3261=CARTESIAN_POINT('Ctrl Pts',(75.5396623278286,-62.6211062053023,11.6511169052675));
#3262=CARTESIAN_POINT('Ctrl Pts',(74.1146479896147,-63.3533670186959,11.5732013250051));
#3263=CARTESIAN_POINT('Ctrl Pts',(72.712057178231,-62.5790216314369,11.4952857447428));
#3264=CARTESIAN_POINT('Ctrl Pts',(72.5724633866751,-60.9829685946191,11.4173701644804));
#3265=CARTESIAN_POINT('Ctrl Pts',(73.8193355718169,-59.9768962137192,11.3394545842181));
#3266=CARTESIAN_POINT('Ctrl Pts',(75.3498312406047,-60.4506626418542,11.2615390039557));
#3267=CARTESIAN_POINT('Ctrl Pts',(75.8102469143689,-61.9852273883004,11.1836234236934));
#3268=CARTESIAN_POINT('Ctrl Pts',(74.7933503835188,-63.2232880925693,11.105707843431));
#3269=CARTESIAN_POINT('Ctrl Pts',(73.1985745314173,-63.0697951892966,11.0277922631687));
#3270=CARTESIAN_POINT('Ctrl Pts',(72.4364759599027,-61.6605128921963,10.9498766829063));
#3271=CARTESIAN_POINT('Ctrl Pts',(73.1811254363227,-60.2419296391866,10.871961102644));
#3272=CARTESIAN_POINT('Ctrl Pts',(74.7738808717861,-60.068771594711,10.7940455223816));
#3273=CARTESIAN_POINT('Ctrl Pts',(75.8059899258715,-61.2941789914891,10.7161299421193));
#3274=CARTESIAN_POINT('Ctrl Pts',(75.3645249182635,-62.8343279516302,10.6382143618569));
#3275=CARTESIAN_POINT('Ctrl Pts',(73.8400409010985,-63.3269069955557,10.5602987815946));
#3276=CARTESIAN_POINT('Ctrl Pts',(72.5807462781953,-62.336382115472,10.4823832013322));
#3277=CARTESIAN_POINT('Ctrl Pts',(72.7008442101817,-60.738553919474,10.4044676210699));
#3278=CARTESIAN_POINT('Ctrl Pts',(74.0933267265369,-59.9473203696031,10.3265520408075));
#3279=CARTESIAN_POINT('Ctrl Pts',(75.5282002088839,-60.6611576872958,10.2486364605452));
#3280=CARTESIAN_POINT('Ctrl Pts',(75.7328631917145,-62.2514105399571,10.1707208802828));
#3281=CARTESIAN_POINT('Ctrl Pts',(74.9333498097655,-62.9529146110901,10.1187771601079));
#3282=CARTESIAN_POINT('Ctrl Pts',(74.4726784614495,-63.0614915523653,10.0928053000205));
#3283=CARTESIAN_POINT('Ctrl Pts',(73.7894386770269,-62.9612820202432,13.1071946999795));
#3284=CARTESIAN_POINT('Ctrl Pts',(73.361472916073,-62.8468686133398,13.0812228398921));
#3285=CARTESIAN_POINT('Ctrl Pts',(72.6330129005079,-62.1682919787832,13.0292791197172));
#3286=CARTESIAN_POINT('Ctrl Pts',(72.8687862444467,-60.686200387716,12.9513635394548));
#3287=CARTESIAN_POINT('Ctrl Pts',(74.2310946176001,-60.0583244745279,12.8734479591925));
#3288=CARTESIAN_POINT('Ctrl Pts',(75.511819205902,-60.8373665832034,12.7955323789301));
#3289=CARTESIAN_POINT('Ctrl Pts',(75.5796713491279,-62.3355917228545,12.7176167986678));
#3290=CARTESIAN_POINT('Ctrl Pts',(74.3739220596684,-63.2272189474324,12.6397012184054));
#3291=CARTESIAN_POINT('Ctrl Pts',(72.9613817688194,-62.723912040727,12.5617856381431));
#3292=CARTESIAN_POINT('Ctrl Pts',(72.5912616312841,-61.2706981014026,12.4838700578807));
#3293=CARTESIAN_POINT('Ctrl Pts',(73.5910056702555,-60.1529935869831,12.4059544776184));
#3294=CARTESIAN_POINT('Ctrl Pts',(75.0763161791229,-60.3593615724358,12.328038897356));
#3295=CARTESIAN_POINT('Ctrl Pts',(75.7334727849959,-61.7072875786053,12.2501233170937));
#3296=CARTESIAN_POINT('Ctrl Pts',(74.981220520262,-63.0045410953929,12.1722077368313));
#3297=CARTESIAN_POINT('Ctrl Pts',(73.4849208371205,-63.1037215885093,12.094292156569));
#3298=CARTESIAN_POINT('Ctrl Pts',(72.5680296174012,-61.9171035236971,12.0163765763066));
#3299=CARTESIAN_POINT('Ctrl Pts',(73.0415262476414,-60.4942360893964,11.9384609960443));
#3300=CARTESIAN_POINT('Ctrl Pts',(74.4866086223526,-60.0936268241884,11.8605454157819));
#3301=CARTESIAN_POINT('Ctrl Pts',(75.6251202014763,-61.0696096447341,11.7826298355196));
#3302=CARTESIAN_POINT('Ctrl Pts',(75.4500620615833,-62.5589402293968,11.7047142552572));
#3303=CARTESIAN_POINT('Ctrl Pts',(74.1162709145411,-63.2443249052131,11.6267986749949));
#3304=CARTESIAN_POINT('Ctrl Pts',(72.8034678381235,-62.519549726057,11.5488830947325));
#3305=CARTESIAN_POINT('Ctrl Pts',(72.6728102311323,-61.0256690305227,11.4709675144702));
#3306=CARTESIAN_POINT('Ctrl Pts',(73.8398631073298,-60.0840010073014,11.3930519342078));
#3307=CARTESIAN_POINT('Ctrl Pts',(75.2723831310751,-60.527438978883,11.3151363539455));
#3308=CARTESIAN_POINT('Ctrl Pts',(75.7033250052431,-61.9637675957152,11.2372207736831));
#3309=CARTESIAN_POINT('Ctrl Pts',(74.751525746854,-63.1225730635427,11.1593051934208));
#3310=CARTESIAN_POINT('Ctrl Pts',(73.2588404762514,-62.9789061052328,11.0813896131584));
#3311=CARTESIAN_POINT('Ctrl Pts',(72.5455281252094,-61.6598399027752,11.0034740328961));
#3312=CARTESIAN_POINT('Ctrl Pts',(73.2425083959788,-60.3320681509637,10.9255584526337));
#3313=CARTESIAN_POINT('Ctrl Pts',(74.7333025881883,-60.1699949278619,10.8476428723714));
#3314=CARTESIAN_POINT('Ctrl Pts',(75.6993405305479,-61.3169570976539,10.769727292109));
#3315=CARTESIAN_POINT('Ctrl Pts',(75.286136183696,-62.7585124512213,10.6918117118467));
#3316=CARTESIAN_POINT('Ctrl Pts',(73.859242971905,-63.2195587371343,10.6138961315843));
#3317=CARTESIAN_POINT('Ctrl Pts',(72.6805628881305,-62.2924429316635,10.535980551322));
#3318=CARTESIAN_POINT('Ctrl Pts',(72.7929726752925,-60.7969007148829,10.4580649710596));
#3319=CARTESIAN_POINT('Ctrl Pts',(74.0963145455599,-60.0563184794906,10.3801493907973));
#3320=CARTESIAN_POINT('Ctrl Pts',(75.4393336974084,-60.7244590512972,10.3022338105349));
#3321=CARTESIAN_POINT('Ctrl Pts',(75.6308950503762,-62.2129108651202,10.2243182302726));
#3322=CARTESIAN_POINT('Ctrl Pts',(74.8825630215757,-62.8695077109203,10.1723745100977));
#3323=CARTESIAN_POINT('Ctrl Pts',(74.4513818400235,-62.9711340308543,10.1464026500102));
#3324=CARTESIAN_POINT('Ctrl Pts',(73.8134149364689,-62.8715983162556,13.1607920499693));
#3325=CARTESIAN_POINT('Ctrl Pts',(73.4147194270931,-62.765010089564,13.1348201898819));
#3326=CARTESIAN_POINT('Ctrl Pts',(72.7360816399992,-62.132843964026,13.082876469707));
#3327=CARTESIAN_POINT('Ctrl Pts',(72.9557295231602,-60.7521184112969,13.0049608894446));
#3328=CARTESIAN_POINT('Ctrl Pts',(74.2248643005565,-60.167185386572,12.9270453091823));
#3329=CARTESIAN_POINT('Ctrl Pts',(75.4179951271093,-60.8929457596715,12.8491297289199));
#3330=CARTESIAN_POINT('Ctrl Pts',(75.4812065969836,-62.2887014245208,12.7712141486576));
#3331=CARTESIAN_POINT('Ctrl Pts',(74.3579232154597,-63.1193467772802,12.6932985683952));
#3332=CARTESIAN_POINT('Ctrl Pts',(73.0419920776072,-62.6504629976665,12.6153829881329));
#3333=CARTESIAN_POINT('Ctrl Pts',(72.6971859033094,-61.2966400411765,12.5374674078705));
#3334=CARTESIAN_POINT('Ctrl Pts',(73.6285535388296,-60.2553797083056,12.4595518276082));
#3335=CARTESIAN_POINT('Ctrl Pts',(75.0122778549859,-60.4476333804115,12.3816362473458));
#3336=CARTESIAN_POINT('Ctrl Pts',(75.6244889513462,-61.7033694571314,12.3037206670835));
#3337=CARTESIAN_POINT('Ctrl Pts',(74.923686160023,-62.911898734129,12.2258050868211));
#3338=CARTESIAN_POINT('Ctrl Pts',(73.5297242621849,-63.0042958855623,12.1478895065588));
#3339=CARTESIAN_POINT('Ctrl Pts',(72.6755428176845,-61.8988352694364,12.0699739262964));
#3340=CARTESIAN_POINT('Ctrl Pts',(73.1166551621875,-60.573283301848,11.9920583460341));
#3341=CARTESIAN_POINT('Ctrl Pts',(74.4629027035596,-60.2000732705204,11.9141427657717));
#3342=CARTESIAN_POINT('Ctrl Pts',(75.5235470246317,-61.1093048102403,11.8362271855094));
#3343=CARTESIAN_POINT('Ctrl Pts',(75.360461795338,-62.4967742534914,11.758311605247));
#3344=CARTESIAN_POINT('Ctrl Pts',(74.1178938394675,-63.1352827917303,11.6803960249847));
#3345=CARTESIAN_POINT('Ctrl Pts',(72.8948784980161,-62.4600778206771,11.6024804447223));
#3346=CARTESIAN_POINT('Ctrl Pts',(72.7731570755895,-61.0683694664263,11.52456486446));
#3347=CARTESIAN_POINT('Ctrl Pts',(73.8603906428428,-60.1911058008835,11.4466492841976));
#3348=CARTESIAN_POINT('Ctrl Pts',(75.1949350215455,-60.6042153159118,11.3687337039353));
#3349=CARTESIAN_POINT('Ctrl Pts',(75.5964030961173,-61.94230780313,11.2908181236729));
#3350=CARTESIAN_POINT('Ctrl Pts',(74.7097011101893,-63.021858034516,11.2129025434106));
#3351=CARTESIAN_POINT('Ctrl Pts',(73.3191064210853,-62.8880170211691,11.1349869631482));
#3352=CARTESIAN_POINT('Ctrl Pts',(72.6545802905162,-61.659166913354,11.0570713828859));
#3353=CARTESIAN_POINT('Ctrl Pts',(73.303891355635,-60.4222066627409,10.9791558026235));
#3354=CARTESIAN_POINT('Ctrl Pts',(74.6927243045904,-60.2712182610128,10.9012402223612));
#3355=CARTESIAN_POINT('Ctrl Pts',(75.5926911352244,-61.3397352038189,10.8233246420988));
#3356=CARTESIAN_POINT('Ctrl Pts',(75.2077474491283,-62.6826969508123,10.7454090618365));
#3357=CARTESIAN_POINT('Ctrl Pts',(73.8784450427117,-63.112210478713,10.6674934815741));
#3358=CARTESIAN_POINT('Ctrl Pts',(72.7803794980655,-62.248503747855,10.5895779013118));
#3359=CARTESIAN_POINT('Ctrl Pts',(72.8851011404033,-60.8552475102917,10.5116623210494));
#3360=CARTESIAN_POINT('Ctrl Pts',(74.0993023645829,-60.1653165893781,10.433746740787));
#3361=CARTESIAN_POINT('Ctrl Pts',(75.3504671859329,-60.7877604152986,10.3558311605247));
#3362=CARTESIAN_POINT('Ctrl Pts',(75.5289269090378,-62.1744111902833,10.2779155802624));
#3363=CARTESIAN_POINT('Ctrl Pts',(74.8317762333859,-62.7861008107506,10.2259718600875));
#3364=CARTESIAN_POINT('Ctrl Pts',(74.4300852185976,-62.8807765093433,10.2));
#3365=CARTESIAN_POINT('Ctrl Pts',(74.4300852185976,-62.8807765093433,10.2));
#3366=CARTESIAN_POINT('Ctrl Pts',(74.4801583664685,-62.8745915644215,10.2));
#3367=CARTESIAN_POINT('Ctrl Pts',(74.5296252254997,-62.8651987073637,10.2));
#3368=CARTESIAN_POINT('Ctrl Pts',(74.5782953672653,-62.8528550352017,10.2));
#3369=CARTESIAN_POINT('Ctrl Pts',(74.6291419386202,-62.839959379167,10.2));
#3370=CARTESIAN_POINT('Ctrl Pts',(74.679119715939,-62.8238430936974,10.2));
#3371=CARTESIAN_POINT('Ctrl Pts',(74.7280181576647,-62.8047427081751,10.2));
#3372=CARTESIAN_POINT('Ctrl Pts',(74.7668407900269,-62.7895780685886,10.2));
#3373=CARTESIAN_POINT('Ctrl Pts',(74.8049833663938,-62.7725312015969,10.2));
#3374=CARTESIAN_POINT('Ctrl Pts',(74.842338037844,-62.7536972561493,10.2));
#3375=CARTESIAN_POINT('Ctrl Pts',(74.857230442109,-62.7461886175073,10.2));
#3376=CARTESIAN_POINT('Ctrl Pts',(74.8719975632885,-62.7383957208187,10.2));
#3377=CARTESIAN_POINT('Ctrl Pts',(74.8866322991061,-62.7303237693159,10.2));
#3378=CARTESIAN_POINT('Ctrl Pts',(74.8973501407513,-62.7244122244098,10.2));
#3379=CARTESIAN_POINT('Ctrl Pts',(74.907999480157,-62.7183493620572,10.2));
#3380=CARTESIAN_POINT('Ctrl Pts',(74.9185561086153,-62.7121501112716,10.2));
#3381=CARTESIAN_POINT('Ctrl Pts',(74.9654995019358,-62.684583178413,10.2));
#3382=CARTESIAN_POINT('Ctrl Pts',(75.0106977578714,-62.6542769872778,10.2));
#3383=CARTESIAN_POINT('Ctrl Pts',(75.0539328565478,-62.621482633366,10.2));
#3384=CARTESIAN_POINT('Ctrl Pts',(75.097977804166,-62.5880739990749,10.2));
#3385=CARTESIAN_POINT('Ctrl Pts',(75.1399863915457,-62.5520827225933,10.2));
#3386=CARTESIAN_POINT('Ctrl Pts',(75.1797153952793,-62.5137223595703,10.2));
#3387=CARTESIAN_POINT('Ctrl Pts',(75.2074120014561,-62.4869798851158,10.2));
#3388=CARTESIAN_POINT('Ctrl Pts',(75.2340004794118,-62.4590849297536,10.2));
#3389=CARTESIAN_POINT('Ctrl Pts',(75.2593907032109,-62.4300970151873,10.2));
#3390=CARTESIAN_POINT('Ctrl Pts',(75.2697353607209,-62.4182865620581,10.2));
#3391=CARTESIAN_POINT('Ctrl Pts',(75.2798810203657,-62.4062945700001,10.2));
#3392=CARTESIAN_POINT('Ctrl Pts',(75.2898211655165,-62.3941246280777,10.2));
#3393=CARTESIAN_POINT('Ctrl Pts',(75.2960345335879,-62.3865174626468,10.2));
#3394=CARTESIAN_POINT('Ctrl Pts',(75.302167089847,-62.378841232525,10.2));
#3395=CARTESIAN_POINT('Ctrl Pts',(75.3082092750619,-62.3711074356011,10.2));
#3396=CARTESIAN_POINT('Ctrl Pts',(75.3432036217373,-62.3263158310669,10.2));
#3397=CARTESIAN_POINT('Ctrl Pts',(75.3752418998555,-62.279508200875,10.2));
#3398=CARTESIAN_POINT('Ctrl Pts',(75.4040802479342,-62.2309190250586,10.2));
#3399=CARTESIAN_POINT('Ctrl Pts',(75.4209516067432,-62.2024927983832,10.2));
#3400=CARTESIAN_POINT('Ctrl Pts',(75.4367273682141,-62.1734559041368,10.2));
#3401=CARTESIAN_POINT('Ctrl Pts',(75.4513539559164,-62.1438485035829,10.2));
#3402=CARTESIAN_POINT('Ctrl Pts',(75.4756795884686,-62.0946081228902,10.2));
#3403=CARTESIAN_POINT('Ctrl Pts',(75.4968293389542,-62.0437911773307,10.2));
#3404=CARTESIAN_POINT('Ctrl Pts',(75.5148643063813,-61.9916968706418,10.2));
#3405=CARTESIAN_POINT('Ctrl Pts',(75.5224835583726,-61.9696885331398,10.2));
#3406=CARTESIAN_POINT('Ctrl Pts',(75.5295463383394,-61.9474518629872,10.2));
#3407=CARTESIAN_POINT('Ctrl Pts',(75.5360548502056,-61.9250081603707,10.2));
#3408=CARTESIAN_POINT('Ctrl Pts',(75.5394051867265,-61.9134549884496,10.2));
#3409=CARTESIAN_POINT('Ctrl Pts',(75.5426089395108,-61.9018452057787,10.2));
#3410=CARTESIAN_POINT('Ctrl Pts',(75.5456611313996,-61.8902029014676,10.2));
#3411=CARTESIAN_POINT('Ctrl Pts',(75.5600634065057,-61.8352667520831,10.2));
#3412=CARTESIAN_POINT('Ctrl Pts',(75.5711257601885,-61.7795063997417,10.2));
#3413=CARTESIAN_POINT('Ctrl Pts',(75.578948956847,-61.7232588312008,10.2));
#3414=CARTESIAN_POINT('Ctrl Pts',(75.5869546848155,-61.6656988908998,10.2));
#3415=CARTESIAN_POINT('Ctrl Pts',(75.5915686034851,-61.6076277943973,10.2));
#3416=CARTESIAN_POINT('Ctrl Pts',(75.5928507864439,-61.5493787527896,10.2));
#3417=CARTESIAN_POINT('Ctrl Pts',(75.5936623834774,-61.5125082351721,10.2));
#3418=CARTESIAN_POINT('Ctrl Pts',(75.5931380994153,-61.4755659046327,10.2));
#3419=CARTESIAN_POINT('Ctrl Pts',(75.5912828911425,-61.4386334147417,10.2));
#3420=CARTESIAN_POINT('Ctrl Pts',(75.5902745324032,-61.4185595505343,10.2));
#3421=CARTESIAN_POINT('Ctrl Pts',(75.588872848122,-61.3984885700997,10.2));
#3422=CARTESIAN_POINT('Ctrl Pts',(75.5870776274207,-61.3784335293145,10.2));
#3423=CARTESIAN_POINT('Ctrl Pts',(75.5856175907308,-61.3621229468078,10.2));
#3424=CARTESIAN_POINT('Ctrl Pts',(75.5838963579058,-61.3458170564022,10.2));
#3425=CARTESIAN_POINT('Ctrl Pts',(75.5819180290316,-61.3295562365601,10.2));
#3426=CARTESIAN_POINT('Ctrl Pts',(75.574626728565,-61.2696255926469,10.2));
#3427=CARTESIAN_POINT('Ctrl Pts',(75.5638433476935,-61.2102373190054,10.2));
#3428=CARTESIAN_POINT('Ctrl Pts',(75.5496201984865,-61.1517456793178,10.2));
#3429=CARTESIAN_POINT('Ctrl Pts',(75.5412214719064,-61.1172065430264,10.2));
#3430=CARTESIAN_POINT('Ctrl Pts',(75.531622371515,-61.0829797804976,10.2));
#3431=CARTESIAN_POINT('Ctrl Pts',(75.5208251495849,-61.0491378266972,10.2));
#3432=CARTESIAN_POINT('Ctrl Pts',(75.5161704930877,-61.0345486415201,10.2));
#3433=CARTESIAN_POINT('Ctrl Pts',(75.5112930911149,-61.0200309775638,10.2));
#3434=CARTESIAN_POINT('Ctrl Pts',(75.5061927567749,-61.0055906945844,10.2));
#3435=CARTESIAN_POINT('Ctrl Pts',(75.5016051794715,-60.9926021510822,10.2));
#3436=CARTESIAN_POINT('Ctrl Pts',(75.4968400414898,-60.9796842731664,10.2));
#3437=CARTESIAN_POINT('Ctrl Pts',(75.4918994078832,-60.9668451558001,10.2));
#3438=CARTESIAN_POINT('Ctrl Pts',(75.4700836084712,-60.9101529111622,10.2));
#3439=CARTESIAN_POINT('Ctrl Pts',(75.4448413651366,-60.8549709870676,10.2));
#3440=CARTESIAN_POINT('Ctrl Pts',(75.4161982721497,-60.8016536746085,10.2));
#3441=CARTESIAN_POINT('Ctrl Pts',(75.4083529028091,-60.7870500140095,10.2));
#3442=CARTESIAN_POINT('Ctrl Pts',(75.4002520983918,-60.7725862776365,10.2));
#3443=CARTESIAN_POINT('Ctrl Pts',(75.3918957092077,-60.7582698848344,10.2));
#3444=CARTESIAN_POINT('Ctrl Pts',(75.3757894211871,-60.7306761549582,10.2));
#3445=CARTESIAN_POINT('Ctrl Pts',(75.3587338992924,-60.7036296743439,10.2));
#3446=CARTESIAN_POINT('Ctrl Pts',(75.3407752833226,-60.6771488570048,10.2));
#3447=CARTESIAN_POINT('Ctrl Pts',(72.8735312797679,-61.6500448244677,11.0565803263806));
#3448=CARTESIAN_POINT('Ctrl Pts',(72.8737503607983,-61.2416567925335,11.0307721517949));
#3449=CARTESIAN_POINT('Ctrl Pts',(73.0895952062965,-60.8330688409996,11.0049639772092));
#3450=CARTESIAN_POINT('Ctrl Pts',(73.4271450029411,-60.6032019708884,10.9791558026235));
#3451=CARTESIAN_POINT('Ctrl Pts',(73.7668356719535,-60.3718771954982,10.9531839425361));
#3452=CARTESIAN_POINT('Ctrl Pts',(74.229779988272,-60.3215477282555,10.9272120824486));
#3453=CARTESIAN_POINT('Ctrl Pts',(74.6112466182035,-60.4744691517685,10.9012402223612));
#3454=CARTESIAN_POINT('Ctrl Pts',(74.9927132481351,-60.6273905752815,10.8752683622737));
#3455=CARTESIAN_POINT('Ctrl Pts',(75.2927021916797,-60.9835628895502,10.8492965021863));
#3456=CARTESIAN_POINT('Ctrl Pts',(75.378539382436,-61.3854760045167,10.8233246420988));
#3457=CARTESIAN_POINT('Ctrl Pts',(75.4643765731924,-61.7873891194834,10.7973527820114));
#3458=CARTESIAN_POINT('Ctrl Pts',(75.3360620111604,-62.2350430351478,10.7713809219239));
#3459=CARTESIAN_POINT('Ctrl Pts',(75.0503543290749,-62.5304555809635,10.7454090618365));
#3460=CARTESIAN_POINT('Ctrl Pts',(74.7646466469894,-62.8258681267792,10.719437201749));
#3461=CARTESIAN_POINT('Ctrl Pts',(74.3215458448506,-62.9690393027461,10.6934653416616));
#3462=CARTESIAN_POINT('Ctrl Pts',(73.9169845196734,-62.8966737689198,10.6674934815741));
#3463=CARTESIAN_POINT('Ctrl Pts',(73.5124231944963,-62.8243082350936,10.6415216214867));
#3464=CARTESIAN_POINT('Ctrl Pts',(73.1464013462809,-62.5364059914743,10.6155497613992));
#3465=CARTESIAN_POINT('Ctrl Pts',(72.9808440292295,-62.1602454967374,10.5895779013118));
#3466=CARTESIAN_POINT('Ctrl Pts',(72.9107298112976,-62.0009399500235,10.578578709668));
#3467=CARTESIAN_POINT('Ctrl Pts',(72.8765700700009,-61.825804773952,10.5675795180243));
#3468=CARTESIAN_POINT('Ctrl Pts',(72.8771835631888,-61.6504477392462,10.5565803263806));
#3469=CARTESIAN_POINT('Ctrl Pts',(73.7414861581428,-63.1406494282185,13.));
#3470=CARTESIAN_POINT('Ctrl Pts',(73.6843193690338,-63.1197609187702,13.));
#3471=CARTESIAN_POINT('Ctrl Pts',(73.6286256668247,-63.0952668744233,13.));
#3472=CARTESIAN_POINT('Ctrl Pts',(73.5746185184383,-63.0674402890388,13.));
#3473=CARTESIAN_POINT('Ctrl Pts',(73.525485411997,-63.0421249998144,13.));
#3474=CARTESIAN_POINT('Ctrl Pts',(73.4777480875026,-63.014050402691,13.));
#3475=CARTESIAN_POINT('Ctrl Pts',(73.4315925303903,-62.9833942957975,13.));
#3476=CARTESIAN_POINT('Ctrl Pts',(73.4196323730695,-62.9754504666201,13.));
#3477=CARTESIAN_POINT('Ctrl Pts',(73.4077768630386,-62.9673318454713,13.));
#3478=CARTESIAN_POINT('Ctrl Pts',(73.3960442215707,-62.959052063948,13.));
#3479=CARTESIAN_POINT('Ctrl Pts',(73.3468712609972,-62.924350469127,13.));
#3480=CARTESIAN_POINT('Ctrl Pts',(73.2997980879307,-62.8867853389512,13.));
#3481=CARTESIAN_POINT('Ctrl Pts',(73.2550544803987,-62.8466015681337,13.));
#3482=CARTESIAN_POINT('Ctrl Pts',(73.2276892554165,-62.8220251428139,13.));
#3483=CARTESIAN_POINT('Ctrl Pts',(73.2011961528395,-62.7964684838603,13.));
#3484=CARTESIAN_POINT('Ctrl Pts',(73.1756359478249,-62.7699825717942,13.));
#3485=CARTESIAN_POINT('Ctrl Pts',(73.1652593365293,-62.7592301535659,13.));
#3486=CARTESIAN_POINT('Ctrl Pts',(73.155036553943,-62.7483245509171,13.));
#3487=CARTESIAN_POINT('Ctrl Pts',(73.144972000875,-62.7372690513201,13.));
#3488=CARTESIAN_POINT('Ctrl Pts',(73.1375951738928,-62.729165908818,13.));
#3489=CARTESIAN_POINT('Ctrl Pts',(73.1303100208716,-62.7209895599292,13.));
#3490=CARTESIAN_POINT('Ctrl Pts',(73.1231178614951,-62.7127416940734,13.));
#3491=CARTESIAN_POINT('Ctrl Pts',(73.0847678737872,-62.6687624748115,13.));
#3492=CARTESIAN_POINT('Ctrl Pts',(73.049057567902,-62.6227510789696,13.));
#3493=CARTESIAN_POINT('Ctrl Pts',(73.0161978986879,-62.5749310398529,13.));
#3494=CARTESIAN_POINT('Ctrl Pts',(72.9839161119265,-62.5279519818585,13.));
#3495=CARTESIAN_POINT('Ctrl Pts',(72.9543851506194,-62.479226457486,13.));
#3496=CARTESIAN_POINT('Ctrl Pts',(72.9278505715048,-62.4289483223914,13.));
#3497=CARTESIAN_POINT('Ctrl Pts',(72.9006030430114,-62.377319279674,13.));
#3498=CARTESIAN_POINT('Ctrl Pts',(72.8765142263668,-62.3240522452198,13.));
#3499=CARTESIAN_POINT('Ctrl Pts',(72.8559086326928,-62.2693506258091,13.));
#3500=CARTESIAN_POINT('Ctrl Pts',(72.8524156957722,-62.2600779346612,13.));
#3501=CARTESIAN_POINT('Ctrl Pts',(72.8490236268201,-62.250765438694,13.));
#3502=CARTESIAN_POINT('Ctrl Pts',(72.8457377991986,-62.2414254819826,13.));
#3503=CARTESIAN_POINT('Ctrl Pts',(72.8302458745907,-62.1973897254297,13.));
#3504=CARTESIAN_POINT('Ctrl Pts',(72.8170874884677,-62.1526757477869,13.));
#3505=CARTESIAN_POINT('Ctrl Pts',(72.8063915285691,-62.1073946341956,13.));
#3506=CARTESIAN_POINT('Ctrl Pts',(72.7934003347437,-62.0523966976974,13.));
#3507=CARTESIAN_POINT('Ctrl Pts',(72.7840404674187,-61.9965613280002,13.));
#3508=CARTESIAN_POINT('Ctrl Pts',(72.7782237286802,-61.9402239265445,13.));
#3509=CARTESIAN_POINT('Ctrl Pts',(72.773321569662,-61.8927445892347,13.));
#3510=CARTESIAN_POINT('Ctrl Pts',(72.7709370402828,-61.8449082310056,13.));
#3511=CARTESIAN_POINT('Ctrl Pts',(72.7710452736443,-61.7969224896754,13.));
#3512=CARTESIAN_POINT('Ctrl Pts',(72.7710811704008,-61.7810075033034,13.));
#3513=CARTESIAN_POINT('Ctrl Pts',(72.7713914640331,-61.765076172761,13.));
#3514=CARTESIAN_POINT('Ctrl Pts',(72.7719758140309,-61.7491363830185,13.));
#3515=CARTESIAN_POINT('Ctrl Pts',(72.7724376395817,-61.7365387921802,13.));
#3516=CARTESIAN_POINT('Ctrl Pts',(72.7730709945117,-61.7239327212585,13.));
#3517=CARTESIAN_POINT('Ctrl Pts',(72.7738737976117,-61.7113473526402,13.));
#3518=CARTESIAN_POINT('Ctrl Pts',(72.7774072241158,-61.6559545981251,13.));
#3519=CARTESIAN_POINT('Ctrl Pts',(72.7842209105093,-61.6008638034608,13.));
#3520=CARTESIAN_POINT('Ctrl Pts',(72.7942257740857,-61.5463897711327,13.));
#3521=CARTESIAN_POINT('Ctrl Pts',(72.8041671628387,-61.4922613436745,13.));
#3522=CARTESIAN_POINT('Ctrl Pts',(72.8172598437252,-61.4387407915162,13.));
#3523=CARTESIAN_POINT('Ctrl Pts',(72.8334631199063,-61.3861572082214,13.));
#3524=CARTESIAN_POINT('Ctrl Pts',(72.8479728230738,-61.3390696824294,13.));
#3525=CARTESIAN_POINT('Ctrl Pts',(72.8649776759951,-61.29273324354,13.));
#3526=CARTESIAN_POINT('Ctrl Pts',(72.8844760228124,-61.2474086489613,13.));
#3527=CARTESIAN_POINT('Ctrl Pts',(72.8900541077836,-61.2344421937941,13.));
#3528=CARTESIAN_POINT('Ctrl Pts',(72.8958390535374,-61.2215534766101,13.));
#3529=CARTESIAN_POINT('Ctrl Pts',(72.9018166407025,-61.2087789513105,13.));
#3530=CARTESIAN_POINT('Ctrl Pts',(72.9243062775499,-61.1607170114421,13.));
#3531=CARTESIAN_POINT('Ctrl Pts',(72.9495465973987,-61.1141995908131,13.));
#3532=CARTESIAN_POINT('Ctrl Pts',(72.9774903380937,-61.0695220257144,13.));
#3533=CARTESIAN_POINT('Ctrl Pts',(73.0045222409231,-61.0263023432967,13.));
#3534=CARTESIAN_POINT('Ctrl Pts',(73.0340845720396,-60.9848037421445,13.));
#3535=CARTESIAN_POINT('Ctrl Pts',(73.0661681532098,-60.9453279671367,13.));
#3536=CARTESIAN_POINT('Ctrl Pts',(73.0845452582062,-60.9227166988282,13.));
#3537=CARTESIAN_POINT('Ctrl Pts',(73.1037501289049,-60.9007697824638,13.));
#3538=CARTESIAN_POINT('Ctrl Pts',(73.1237852439125,-60.8795504866815,13.));
#3539=CARTESIAN_POINT('Ctrl Pts',(73.1418966129021,-60.8603686404346,13.));
#3540=CARTESIAN_POINT('Ctrl Pts',(73.1606865853137,-60.8417815009885,13.));
#3541=CARTESIAN_POINT('Ctrl Pts',(73.1801182721567,-60.8238088747666,13.));
#3542=CARTESIAN_POINT('Origin',(94.37,-34.57,14.1042117235887));
#3543=CARTESIAN_POINT('Ctrl Pts',(92.8248686918078,-34.5694909849805,12.8542117235887));
#3544=CARTESIAN_POINT('Ctrl Pts',(92.8247172673653,-34.536771169039,12.8525177253658));
#3545=CARTESIAN_POINT('Ctrl Pts',(92.8402990304886,-34.0025406763075,12.8248518670554));
#3546=CARTESIAN_POINT('Ctrl Pts',(93.4570581034929,-33.0039823219638,12.7712141486576));
#3547=CARTESIAN_POINT('Ctrl Pts',(95.1605504803832,-32.9389125574332,12.6932985683952));
#3548=CARTESIAN_POINT('Ctrl Pts',(96.1647698112473,-34.3163560946583,12.6153829881329));
#3549=CARTESIAN_POINT('Ctrl Pts',(95.5815581048179,-35.9182220725391,12.5374674078705));
#3550=CARTESIAN_POINT('Ctrl Pts',(93.9267294255876,-36.3275658772351,12.4595518276082));
#3551=CARTESIAN_POINT('Ctrl Pts',(92.9367374032347,-35.4297511568748,12.3984665995142));
#3552=CARTESIAN_POINT('Ctrl Pts',(92.8273538855211,-34.7486544999847,12.3633532315078));
#3553=CARTESIAN_POINT('Ctrl Pts',(92.8284510787991,-34.5709952041533,12.3542117235887));
#3554=CARTESIAN_POINT('Ctrl Pts',(92.828725213238,-34.5712285539482,12.8957882764113));
#3555=CARTESIAN_POINT('Ctrl Pts',(92.8308327187924,-34.2369461625838,12.8785817974326));
#3556=CARTESIAN_POINT('Ctrl Pts',(93.0991239891217,-33.3940647165878,12.8354034583665));
#3557=CARTESIAN_POINT('Ctrl Pts',(94.4735551060783,-32.760611092018,12.766253259213));
#3558=CARTESIAN_POINT('Ctrl Pts',(95.9294639204278,-33.6462076968656,12.6883376789506));
#3559=CARTESIAN_POINT('Ctrl Pts',(96.0065979196235,-35.3493720540978,12.6104220986882));
#3560=CARTESIAN_POINT('Ctrl Pts',(94.6359190105663,-36.3629590775909,12.5325065184259));
#3561=CARTESIAN_POINT('Ctrl Pts',(93.1614627311647,-35.8375914934664,12.4609619110002));
#3562=CARTESIAN_POINT('Ctrl Pts',(92.8303570330076,-34.9488087857348,12.415389163662));
#3563=CARTESIAN_POINT('Ctrl Pts',(92.8271060335683,-34.5687215006605,12.3957882764113));
#3564=CARTESIAN_POINT('Ctrl Pts',(95.3281161527224,-33.7447887010635,13.));
#3565=CARTESIAN_POINT('Ctrl Pts',(95.5974420307906,-34.0574910046503,12.9740281399126));
#3566=CARTESIAN_POINT('Ctrl Pts',(95.8019216355039,-34.9621164752622,12.9220844197376));
#3567=CARTESIAN_POINT('Ctrl Pts',(94.8424730243347,-35.9790622607423,12.8441688394753));
#3568=CARTESIAN_POINT('Ctrl Pts',(93.4644036109896,-35.7472074078892,12.766253259213));
#3569=CARTESIAN_POINT('Ctrl Pts',(92.8876236383805,-34.4753590334817,12.6883376789506));
#3570=CARTESIAN_POINT('Ctrl Pts',(93.621837311644,-33.2866368412983,12.6104220986883));
#3571=CARTESIAN_POINT('Ctrl Pts',(95.0178620106576,-33.2333116842996,12.5325065184259));
#3572=CARTESIAN_POINT('Ctrl Pts',(95.8408272367609,-34.362136929161,12.4545909381635));
#3573=CARTESIAN_POINT('Ctrl Pts',(95.3628808966573,-35.6748780367633,12.3766753579012));
#3574=CARTESIAN_POINT('Ctrl Pts',(94.0067364605675,-36.0103383355566,12.2987597776389));
#3575=CARTESIAN_POINT('Ctrl Pts',(92.9718976407063,-35.071852464263,12.2208441973765));
#3576=CARTESIAN_POINT('Ctrl Pts',(93.1736605834537,-33.6894776069059,12.1429286171141));
#3577=CARTESIAN_POINT('Ctrl Pts',(94.4335711740156,-33.0859167834731,12.0650130368518));
#3578=CARTESIAN_POINT('Ctrl Pts',(95.6372534768988,-33.7950068628823,11.9870974565895));
#3579=CARTESIAN_POINT('Ctrl Pts',(95.7200665952153,-35.1895691474659,11.9091818763271));
#3580=CARTESIAN_POINT('Ctrl Pts',(94.6087631081383,-36.0361301394587,11.8312662960648));
#3581=CARTESIAN_POINT('Ctrl Pts',(93.2862767708755,-35.585918081103,11.7533507158024));
#3582=CARTESIAN_POINT('Ctrl Pts',(92.9223296505676,-34.2371394830279,11.6754351355401));
#3583=CARTESIAN_POINT('Ctrl Pts',(93.838828315145,-33.1827717644336,11.5975195552777));
#3584=CARTESIAN_POINT('Ctrl Pts',(95.2251414927026,-33.3553895323163,11.5196039750154));
#3585=CARTESIAN_POINT('Ctrl Pts',(95.855093027875,-34.6023146236479,11.441688394753));
#3586=CARTESIAN_POINT('Ctrl Pts',(95.1714989273424,-35.8206578404399,11.3637728144906));
#3587=CARTESIAN_POINT('Ctrl Pts',(93.7789893094352,-35.9328103127338,11.2858572342283));
#3588=CARTESIAN_POINT('Ctrl Pts',(92.9092211193514,-34.8395746083892,11.207941653966));
#3589=CARTESIAN_POINT('Ctrl Pts',(93.3314928555942,-33.5079036526633,11.1300260737036));
#3590=CARTESIAN_POINT('Ctrl Pts',(94.6723111562283,-33.1156431998606,11.0521104934413));
#3591=CARTESIAN_POINT('Ctrl Pts',(95.7457383547358,-34.0097426778244,10.9741949131789));
#3592=CARTESIAN_POINT('Ctrl Pts',(95.6023443281313,-35.3993823854204,10.8962793329166));
#3593=CARTESIAN_POINT('Ctrl Pts',(94.3689542077003,-36.0554443810751,10.8183637526542));
#3594=CARTESIAN_POINT('Ctrl Pts',(93.1364962113259,-35.3976492755279,10.7404481723918));
#3595=CARTESIAN_POINT('Ctrl Pts',(92.9950414979004,-34.0078104691716,10.6625325921295));
#3596=CARTESIAN_POINT('Ctrl Pts',(94.0697511118688,-33.1152180844566,10.5846170118671));
#3597=CARTESIAN_POINT('Ctrl Pts',(95.4099616181813,-33.5093677965982,10.5067014316048));
#3598=CARTESIAN_POINT('Ctrl Pts',(95.8304762846469,-34.8416200054206,10.4287858513424));
#3599=CARTESIAN_POINT('Ctrl Pts',(94.9589321065361,-35.9336552217929,10.3508702710801));
#3600=CARTESIAN_POINT('Ctrl Pts',(93.567083777436,-35.8194989557905,10.2729546908177));
#3601=CARTESIAN_POINT('Ctrl Pts',(92.8841438162393,-34.6003086547344,10.1950391105554));
#3602=CARTESIAN_POINT('Ctrl Pts',(93.5180254266972,-33.3541487645104,10.117123530293));
#3603=CARTESIAN_POINT('Ctrl Pts',(94.4386221776313,-33.2416286641143,10.0651798101181));
#3604=CARTESIAN_POINT('Ctrl Pts',(94.8238246080147,-33.3897443178869,10.0392079500307));
#3605=CARTESIAN_POINT('Ctrl Pts',(95.3984562999566,-33.6842057705893,13.0535973499898));
#3606=CARTESIAN_POINT('Ctrl Pts',(95.6875547513851,-34.0198651300741,13.0276254899023));
#3607=CARTESIAN_POINT('Ctrl Pts',(95.9070462369242,-34.9909037267082,12.9756817697274));
#3608=CARTESIAN_POINT('Ctrl Pts',(94.8771596560145,-36.0825086399743,12.8977661894651));
#3609=CARTESIAN_POINT('Ctrl Pts',(93.3979192049425,-35.833632151028,12.8198506092027));
#3610=CARTESIAN_POINT('Ctrl Pts',(92.7787949006156,-34.4684109619976,12.7419350289404));
#3611=CARTESIAN_POINT('Ctrl Pts',(93.5669109089269,-33.1924186681868,12.664019448678));
#3612=CARTESIAN_POINT('Ctrl Pts',(95.0654248338994,-33.1351786420108,12.5861038684157));
#3613=CARTESIAN_POINT('Ctrl Pts',(95.948808094923,-34.3468766509934,12.5081882881533));
#3614=CARTESIAN_POINT('Ctrl Pts',(95.4357732993775,-35.7559927153553,12.430272707891));
#3615=CARTESIAN_POINT('Ctrl Pts',(93.9800674489075,-36.1160808494494,12.3523571276286));
#3616=CARTESIAN_POINT('Ctrl Pts',(92.8692558832097,-35.1086959890546,12.2744415473663));
#3617=CARTESIAN_POINT('Ctrl Pts',(93.0858312629032,-33.6248340095745,12.1965259671039));
#3618=CARTESIAN_POINT('Ctrl Pts',(94.4382382550656,-32.9769627368663,12.1186103868416));
#3619=CARTESIAN_POINT('Ctrl Pts',(95.7302889568821,-33.7381107013726,12.0406948065792));
#3620=CARTESIAN_POINT('Ctrl Pts',(95.8191818045912,-35.2350548486835,11.9627792263169));
#3621=CARTESIAN_POINT('Ctrl Pts',(94.626291914153,-36.1437661599778,11.8848636460545));
#3622=CARTESIAN_POINT('Ctrl Pts',(93.2067151735877,-35.6605017599186,11.8069480657922));
#3623=CARTESIAN_POINT('Ctrl Pts',(92.8160488564944,-34.2127025108448,11.7290324855298));
#3624=CARTESIAN_POINT('Ctrl Pts',(93.7998323182471,-33.0809283312966,11.6511169052675));
#3625=CARTESIAN_POINT('Ctrl Pts',(95.2879217499104,-33.2662188415953,11.5732013250051));
#3626=CARTESIAN_POINT('Ctrl Pts',(95.9641212098344,-34.6046870034254,11.4952857447428));
#3627=CARTESIAN_POINT('Ctrl Pts',(95.2303410128214,-35.9124749509085,11.4173701644804));
#3628=CARTESIAN_POINT('Ctrl Pts',(93.7356002288177,-36.0328611027948,11.3394545842181));
#3629=CARTESIAN_POINT('Ctrl Pts',(92.8019779617765,-34.8593654422989,11.2615390039557));
#3630=CARTESIAN_POINT('Ctrl Pts',(93.2552507995201,-33.4299297940279,11.1836234236934));
#3631=CARTESIAN_POINT('Ctrl Pts',(94.6945053455019,-33.0088715196606,11.105707843431));
#3632=CARTESIAN_POINT('Ctrl Pts',(95.8467382576735,-33.9686113573484,11.0277922631687));
#3633=CARTESIAN_POINT('Ctrl Pts',(95.6928169511402,-35.4602715364259,10.9498766829063));
#3634=CARTESIAN_POINT('Ctrl Pts',(94.3688774308042,-36.1644983576481,10.871961102644));
#3635=CARTESIAN_POINT('Ctrl Pts',(93.0459384664609,-35.4584111901804,10.7940455223816));
#3636=CARTESIAN_POINT('Ctrl Pts',(92.8940988478847,-33.9665372954967,10.7161299421193));
#3637=CARTESIAN_POINT('Ctrl Pts',(94.0477083241148,-33.008415194387,10.6382143618569));
#3638=CARTESIAN_POINT('Ctrl Pts',(95.4863104545233,-33.431501428166,10.5602987815946));
#3639=CARTESIAN_POINT('Ctrl Pts',(95.9376972271208,-34.8615610022598,10.4823832013322));
#3640=CARTESIAN_POINT('Ctrl Pts',(95.0021685877988,-36.0337680408964,10.4044676210699));
#3641=CARTESIAN_POINT('Ctrl Pts',(93.5081376411546,-35.9112309866822,10.3265520408075));
#3642=CARTESIAN_POINT('Ctrl Pts',(92.7750596071506,-34.6025337661997,10.2486364605452));
#3643=CARTESIAN_POINT('Ctrl Pts',(93.4554776690421,-33.2648869827563,10.1707208802828));
#3644=CARTESIAN_POINT('Ctrl Pts',(94.4436600783748,-33.1441062133316,10.1187771601079));
#3645=CARTESIAN_POINT('Ctrl Pts',(94.8571421652394,-33.3030957855372,10.0928053000205));
#3646=CARTESIAN_POINT('Ctrl Pts',(95.4687964471909,-33.6236228401151,13.1071946999795));
#3647=CARTESIAN_POINT('Ctrl Pts',(95.7776674719796,-33.9822392554979,13.0812228398921));
#3648=CARTESIAN_POINT('Ctrl Pts',(96.0121708383444,-35.0196909781543,13.0292791197172));
#3649=CARTESIAN_POINT('Ctrl Pts',(94.9118462876943,-36.1859550192063,12.9513635394548));
#3650=CARTESIAN_POINT('Ctrl Pts',(93.3314347988955,-35.9200568941668,12.8734479591925));
#3651=CARTESIAN_POINT('Ctrl Pts',(92.6699661628507,-34.4614628905133,12.7955323789301));
#3652=CARTESIAN_POINT('Ctrl Pts',(93.5119845062099,-33.0982004950753,12.7176167986678));
#3653=CARTESIAN_POINT('Ctrl Pts',(95.1129876571413,-33.037045599722,12.6397012184055));
#3654=CARTESIAN_POINT('Ctrl Pts',(96.0567889530851,-34.3316163728258,12.5617856381431));
#3655=CARTESIAN_POINT('Ctrl Pts',(95.5086657020977,-35.8371073939472,12.4838700578807));
#3656=CARTESIAN_POINT('Ctrl Pts',(93.9533984372476,-36.2218233633423,12.4059544776184));
#3657=CARTESIAN_POINT('Ctrl Pts',(92.7666141257131,-35.1455395138464,12.328038897356));
#3658=CARTESIAN_POINT('Ctrl Pts',(92.9980019423527,-33.5601904122431,12.2501233170937));
#3659=CARTESIAN_POINT('Ctrl Pts',(94.4429053361157,-32.8680086902596,12.1722077368313));
#3660=CARTESIAN_POINT('Ctrl Pts',(95.8233244368654,-33.6812145398628,12.094292156569));
#3661=CARTESIAN_POINT('Ctrl Pts',(95.9182970139671,-35.2805405499012,12.0163765763066));
#3662=CARTESIAN_POINT('Ctrl Pts',(94.6438207201676,-36.2514021804969,11.9384609960443));
#3663=CARTESIAN_POINT('Ctrl Pts',(93.1271535763,-35.7350854387343,11.8605454157819));
#3664=CARTESIAN_POINT('Ctrl Pts',(92.709768062421,-34.1882655386617,11.7826298355196));
#3665=CARTESIAN_POINT('Ctrl Pts',(93.7608363213493,-32.9790848981596,11.7047142552572));
#3666=CARTESIAN_POINT('Ctrl Pts',(95.3507020071181,-33.1770481508744,11.6267986749949));
#3667=CARTESIAN_POINT('Ctrl Pts',(96.0731493917939,-34.6070593832029,11.5488830947325));
#3668=CARTESIAN_POINT('Ctrl Pts',(95.2891830983005,-36.0042920613771,11.4709675144702));
#3669=CARTESIAN_POINT('Ctrl Pts',(93.6922111482002,-36.1329118928559,11.3930519342078));
#3670=CARTESIAN_POINT('Ctrl Pts',(92.6947348042015,-34.8791562762086,11.3151363539455));
#3671=CARTESIAN_POINT('Ctrl Pts',(93.179008743446,-33.3519559353925,11.2372207736831));
#3672=CARTESIAN_POINT('Ctrl Pts',(94.7166995347756,-32.9020998394606,11.1593051934208));
#3673=CARTESIAN_POINT('Ctrl Pts',(95.947738160611,-33.9274800368723,11.0813896131584));
#3674=CARTESIAN_POINT('Ctrl Pts',(95.7832895741493,-35.5211606874315,11.0034740328961));
#3675=CARTESIAN_POINT('Ctrl Pts',(94.368800653908,-36.273552334221,10.9255584526337));
#3676=CARTESIAN_POINT('Ctrl Pts',(92.9553807215959,-35.519173104833,10.8476428723714));
#3677=CARTESIAN_POINT('Ctrl Pts',(92.7931561978689,-33.9252641218218,10.769727292109));
#3678=CARTESIAN_POINT('Ctrl Pts',(94.025665536361,-32.9016123043174,10.6918117118467));
#3679=CARTESIAN_POINT('Ctrl Pts',(95.5626592908653,-33.3536350597338,10.6138961315843));
#3680=CARTESIAN_POINT('Ctrl Pts',(96.0449181695945,-34.881501999099,10.535980551322));
#3681=CARTESIAN_POINT('Ctrl Pts',(95.0454050690615,-36.13388086,10.4580649710596));
#3682=CARTESIAN_POINT('Ctrl Pts',(93.449191504873,-36.0029630175739,10.3801493907973));
#3683=CARTESIAN_POINT('Ctrl Pts',(92.6659753980621,-34.604758877665,10.3022338105349));
#3684=CARTESIAN_POINT('Ctrl Pts',(93.3929299113869,-33.1756252010023,10.2243182302726));
#3685=CARTESIAN_POINT('Ctrl Pts',(94.4486979791182,-33.0465837625489,10.1723745100977));
#3686=CARTESIAN_POINT('Ctrl Pts',(94.8904597224642,-33.2164472531875,10.1464026500102));
#3687=CARTESIAN_POINT('Ctrl Pts',(95.5391365944252,-33.5630399096409,13.1607920499693));
#3688=CARTESIAN_POINT('Ctrl Pts',(95.8677801925741,-33.9446133809217,13.1348201898819));
#3689=CARTESIAN_POINT('Ctrl Pts',(96.1172954397647,-35.0484782296003,13.082876469707));
#3690=CARTESIAN_POINT('Ctrl Pts',(94.946532919374,-36.2894013984384,13.0049608894446));
#3691=CARTESIAN_POINT('Ctrl Pts',(93.2649503928485,-36.0064816373057,12.9270453091823));
#3692=CARTESIAN_POINT('Ctrl Pts',(92.5611374250858,-34.4545148190291,12.8491297289199));
#3693=CARTESIAN_POINT('Ctrl Pts',(93.4570581034929,-33.0039823219638,12.7712141486576));
#3694=CARTESIAN_POINT('Ctrl Pts',(95.1605504803832,-32.9389125574332,12.6932985683952));
#3695=CARTESIAN_POINT('Ctrl Pts',(96.1647698112473,-34.3163560946583,12.6153829881329));
#3696=CARTESIAN_POINT('Ctrl Pts',(95.5815581048179,-35.9182220725391,12.5374674078705));
#3697=CARTESIAN_POINT('Ctrl Pts',(93.9267294255876,-36.3275658772351,12.4595518276082));
#3698=CARTESIAN_POINT('Ctrl Pts',(92.6639723682165,-35.182383038638,12.3816362473458));
#3699=CARTESIAN_POINT('Ctrl Pts',(92.9101726218022,-33.4955468149117,12.3037206670835));
#3700=CARTESIAN_POINT('Ctrl Pts',(94.4475724171658,-32.7590546436528,12.2258050868211));
#3701=CARTESIAN_POINT('Ctrl Pts',(95.9163599168485,-33.6243183783531,12.1478895065588));
#3702=CARTESIAN_POINT('Ctrl Pts',(96.0174122233429,-35.3260262511189,12.0699739262964));
#3703=CARTESIAN_POINT('Ctrl Pts',(94.6613495261822,-36.359038201016,11.9920583460341));
#3704=CARTESIAN_POINT('Ctrl Pts',(93.0475919790123,-35.8096691175499,11.9141427657717));
#3705=CARTESIAN_POINT('Ctrl Pts',(92.6034872683477,-34.1638285664786,11.8362271855093));
#3706=CARTESIAN_POINT('Ctrl Pts',(93.7218403244513,-32.8772414650226,11.758311605247));
#3707=CARTESIAN_POINT('Ctrl Pts',(95.413482264326,-33.0878774601534,11.6803960249847));
#3708=CARTESIAN_POINT('Ctrl Pts',(96.1821775737534,-34.6094317629804,11.6024804447223));
#3709=CARTESIAN_POINT('Ctrl Pts',(95.3480251837795,-36.0961091718457,11.52456486446));
#3710=CARTESIAN_POINT('Ctrl Pts',(93.6488220675828,-36.2329626829168,11.4466492841976));
#3711=CARTESIAN_POINT('Ctrl Pts',(92.5874916466266,-34.8989471101183,11.3687337039353));
#3712=CARTESIAN_POINT('Ctrl Pts',(93.1027666873719,-33.2739820767572,11.2908181236729));
#3713=CARTESIAN_POINT('Ctrl Pts',(94.7388937240492,-32.7953281592605,11.2129025434106));
#3714=CARTESIAN_POINT('Ctrl Pts',(96.0487380635488,-33.8863487163962,11.1349869631482));
#3715=CARTESIAN_POINT('Ctrl Pts',(95.8737621971582,-35.5820498384371,11.0570713828859));
#3716=CARTESIAN_POINT('Ctrl Pts',(94.368723877012,-36.382606310794,10.9791558026235));
#3717=CARTESIAN_POINT('Ctrl Pts',(92.8648229767306,-35.5799350194856,10.9012402223612));
#3718=CARTESIAN_POINT('Ctrl Pts',(92.6922135478532,-33.8839909481469,10.8233246420988));
#3719=CARTESIAN_POINT('Ctrl Pts',(94.003622748607,-32.7948094142479,10.7454090618365));
#3720=CARTESIAN_POINT('Ctrl Pts',(95.6390081272073,-33.2757686913016,10.6674934815741));
#3721=CARTESIAN_POINT('Ctrl Pts',(96.1521391120682,-34.9014429959383,10.5895779013117));
#3722=CARTESIAN_POINT('Ctrl Pts',(95.0886415503243,-36.2339936791035,10.5116623210494));
#3723=CARTESIAN_POINT('Ctrl Pts',(93.3902453685914,-36.0946950484656,10.433746740787));
#3724=CARTESIAN_POINT('Ctrl Pts',(92.5568911889736,-34.6069839891302,10.3558311605247));
#3725=CARTESIAN_POINT('Ctrl Pts',(93.3303821537318,-33.0863634192483,10.2779155802624));
#3726=CARTESIAN_POINT('Ctrl Pts',(94.4537358798617,-32.9490613117662,10.2259718600875));
#3727=CARTESIAN_POINT('Ctrl Pts',(94.9237772796889,-33.1297987208378,10.2));
#3728=CARTESIAN_POINT('Ctrl Pts',(94.9237772796889,-33.1297987208378,10.2));
#3729=CARTESIAN_POINT('Ctrl Pts',(94.8653962138857,-33.1131376922418,10.2));
#3730=CARTESIAN_POINT('Ctrl Pts',(94.8061669150953,-33.1002613114856,10.2));
#3731=CARTESIAN_POINT('Ctrl Pts',(94.7464191381887,-33.0910467582788,10.2));
#3732=CARTESIAN_POINT('Ctrl Pts',(94.6865987648552,-33.0818210089461,10.2));
#3733=CARTESIAN_POINT('Ctrl Pts',(94.6262575035223,-33.0762663469959,10.2));
#3734=CARTESIAN_POINT('Ctrl Pts',(94.5657257574462,-33.0743142528621,10.2));
#3735=CARTESIAN_POINT('Ctrl Pts',(94.5203912251528,-33.0728522551454,10.2));
#3736=CARTESIAN_POINT('Ctrl Pts',(94.474949739635,-33.0734121199279,10.2));
#3737=CARTESIAN_POINT('Ctrl Pts',(94.4295456760343,-33.0759833766181,10.2));
#3738=CARTESIAN_POINT('Ctrl Pts',(94.4065590911648,-33.0772851193575,10.2));
#3739=CARTESIAN_POINT('Ctrl Pts',(94.3835822046427,-33.0791026343465,10.2));
#3740=CARTESIAN_POINT('Ctrl Pts',(94.3606345842175,-33.0814359843593,10.2));
#3741=CARTESIAN_POINT('Ctrl Pts',(94.3468058569837,-33.0828421110194,10.2));
#3742=CARTESIAN_POINT('Ctrl Pts',(94.3329833901984,-33.0844362859001,10.2));
#3743=CARTESIAN_POINT('Ctrl Pts',(94.3191998546327,-33.0862146207357,10.2));
#3744=CARTESIAN_POINT('Ctrl Pts',(94.2604879001124,-33.0937895650231,10.2));
#3745=CARTESIAN_POINT('Ctrl Pts',(94.2023886456085,-33.1047091249549,10.2));
#3746=CARTESIAN_POINT('Ctrl Pts',(94.1452112911286,-33.1189022451906,10.2));
#3747=CARTESIAN_POINT('Ctrl Pts',(94.0891812000263,-33.1328105805283,10.2));
#3748=CARTESIAN_POINT('Ctrl Pts',(94.0340354702958,-33.1498629201679,10.2));
#3749=CARTESIAN_POINT('Ctrl Pts',(93.9800863369532,-33.1700363967974,10.2));
#3750=CARTESIAN_POINT('Ctrl Pts',(93.9417931150835,-33.1843555780074,10.2));
#3751=CARTESIAN_POINT('Ctrl Pts',(93.9041031773077,-33.2002481622824,10.2));
#3752=CARTESIAN_POINT('Ctrl Pts',(93.8671386090865,-33.217717915929,10.2));
#3753=CARTESIAN_POINT('Ctrl Pts',(93.8471928832133,-33.2271444271552,10.2));
#3754=CARTESIAN_POINT('Ctrl Pts',(93.8274585236698,-33.2370303071544,10.2));
#3755=CARTESIAN_POINT('Ctrl Pts',(93.8079560580238,-33.2473772459388,10.2));
#3756=CARTESIAN_POINT('Ctrl Pts',(93.7991522144687,-33.252048082539,10.2));
#3757=CARTESIAN_POINT('Ctrl Pts',(93.7903978061979,-33.2568118231787,10.2));
#3758=CARTESIAN_POINT('Ctrl Pts',(93.7817040964237,-33.2616630392763,10.2));
#3759=CARTESIAN_POINT('Ctrl Pts',(93.732955231885,-33.2888656124626,10.2));
#3760=CARTESIAN_POINT('Ctrl Pts',(93.6860256703186,-33.318861036593,10.2));
#3761=CARTESIAN_POINT('Ctrl Pts',(93.6411999532149,-33.3516206378007,10.2));
#3762=CARTESIAN_POINT('Ctrl Pts',(93.6132723868777,-33.372030705838,10.2));
#3763=CARTESIAN_POINT('Ctrl Pts',(93.5861620060504,-33.3935145256641,10.2));
#3764=CARTESIAN_POINT('Ctrl Pts',(93.5599448970854,-33.4160724696194,10.2));
#3765=CARTESIAN_POINT('Ctrl Pts',(93.5185650444298,-33.4516768681949,10.2));
#3766=CARTESIAN_POINT('Ctrl Pts',(93.4794084779645,-33.4899566863975,10.2));
#3767=CARTESIAN_POINT('Ctrl Pts',(93.4426116922933,-33.5306354701837,10.2));
#3768=CARTESIAN_POINT('Ctrl Pts',(93.4309698911597,-33.5435054614765,10.2));
#3769=CARTESIAN_POINT('Ctrl Pts',(93.4195646066685,-33.556615703348,10.2));
#3770=CARTESIAN_POINT('Ctrl Pts',(93.4084010467604,-33.5699577004921,10.2));
#3771=CARTESIAN_POINT('Ctrl Pts',(93.401070211629,-33.5787190617598,10.2));
#3772=CARTESIAN_POINT('Ctrl Pts',(93.3938436225194,-33.5875803629708,10.2));
#3773=CARTESIAN_POINT('Ctrl Pts',(93.3867228593845,-33.5965392108518,10.2));
#3774=CARTESIAN_POINT('Ctrl Pts',(93.3807861250213,-33.6040083962555,10.2));
#3775=CARTESIAN_POINT('Ctrl Pts',(93.3749289903868,-33.6115377859017,10.2));
#3776=CARTESIAN_POINT('Ctrl Pts',(93.3691519052946,-33.6191256676291,10.2));
#3777=CARTESIAN_POINT('Ctrl Pts',(93.335403489649,-33.6634523448924,10.2));
#3778=CARTESIAN_POINT('Ctrl Pts',(93.3043826703867,-33.7097735683215,10.2));
#3779=CARTESIAN_POINT('Ctrl Pts',(93.2761981801021,-33.7577748346087,10.2));
#3780=CARTESIAN_POINT('Ctrl Pts',(93.248088360373,-33.8056489287817,10.2));
#3781=CARTESIAN_POINT('Ctrl Pts',(93.2227995610878,-33.8551953559099,10.2));
#3782=CARTESIAN_POINT('Ctrl Pts',(93.2004885339756,-33.9061177240641,10.2));
#3783=CARTESIAN_POINT('Ctrl Pts',(93.1869714127297,-33.9369690076472,10.2));
#3784=CARTESIAN_POINT('Ctrl Pts',(93.1745482594178,-33.9683255577013,10.2));
#3785=CARTESIAN_POINT('Ctrl Pts',(93.1632634024571,-34.0001215252808,10.2));
#3786=CARTESIAN_POINT('Ctrl Pts',(93.1568690691907,-34.0181380596454,10.2));
#3787=CARTESIAN_POINT('Ctrl Pts',(93.1508403409652,-34.0362956656124,10.2));
#3788=CARTESIAN_POINT('Ctrl Pts',(93.1451863596121,-34.0545821602308,10.2));
#3789=CARTESIAN_POINT('Ctrl Pts',(93.141923659505,-34.0651346088898,10.2));
#3790=CARTESIAN_POINT('Ctrl Pts',(93.1387868960027,-34.0757265797652,10.2));
#3791=CARTESIAN_POINT('Ctrl Pts',(93.1357801117825,-34.0863462527703,10.2));
#3792=CARTESIAN_POINT('Ctrl Pts',(93.1211940443411,-34.1378628416954,10.2));
#3793=CARTESIAN_POINT('Ctrl Pts',(93.109642430035,-34.1900964630694,10.2));
#3794=CARTESIAN_POINT('Ctrl Pts',(93.10128107175,-34.2427723196817,10.2));
#3795=CARTESIAN_POINT('Ctrl Pts',(93.0963317570294,-34.2739525877271,10.2));
#3796=CARTESIAN_POINT('Ctrl Pts',(93.0925011758522,-34.3052878096187,10.2));
#3797=CARTESIAN_POINT('Ctrl Pts',(93.0898301886704,-34.3367194891645,10.2));
#3798=CARTESIAN_POINT('Ctrl Pts',(93.0887581429064,-34.3493351239917,10.2));
#3799=CARTESIAN_POINT('Ctrl Pts',(93.0878728570524,-34.3619685345895,10.2));
#3800=CARTESIAN_POINT('Ctrl Pts',(93.0871776588485,-34.3746085444576,10.2));
#3801=CARTESIAN_POINT('Ctrl Pts',(93.0843527824722,-34.4259701059069,10.2));
#3802=CARTESIAN_POINT('Ctrl Pts',(93.0846669913284,-34.477340642827,10.2));
#3803=CARTESIAN_POINT('Ctrl Pts',(93.0882795727687,-34.5284657516551,10.2));
#3804=CARTESIAN_POINT('Ctrl Pts',(93.0898739369345,-34.5510291299026,10.2));
#3805=CARTESIAN_POINT('Ctrl Pts',(93.0921113943424,-34.5735445533972,10.2));
#3806=CARTESIAN_POINT('Ctrl Pts',(93.0950087504236,-34.5959891322543,10.2));
#3807=CARTESIAN_POINT('Ctrl Pts',(93.0983880416278,-34.6221670564682,10.2));
#3808=CARTESIAN_POINT('Ctrl Pts',(93.1026650258377,-34.6482486694158,10.2));
#3809=CARTESIAN_POINT('Ctrl Pts',(93.1078188165077,-34.6741971746188,10.2));
#3810=CARTESIAN_POINT('Ctrl Pts',(95.3281161527224,-33.7447887010635,13.));
#3811=CARTESIAN_POINT('Ctrl Pts',(95.3653048456529,-33.7795179978857,13.));
#3812=CARTESIAN_POINT('Ctrl Pts',(95.4001135082905,-33.8165584922462,13.));
#3813=CARTESIAN_POINT('Ctrl Pts',(95.4325269402493,-33.8555971170874,13.));
#3814=CARTESIAN_POINT('Ctrl Pts',(95.4533980177179,-33.8807341702808,13.));
#3815=CARTESIAN_POINT('Ctrl Pts',(95.4732755610919,-33.9067006891067,13.));
#3816=CARTESIAN_POINT('Ctrl Pts',(95.4921496755123,-33.9334223306413,13.));
#3817=CARTESIAN_POINT('Ctrl Pts',(95.5007286886973,-33.9455683476648,13.));
#3818=CARTESIAN_POINT('Ctrl Pts',(95.5091003201891,-33.957870465616,13.));
#3819=CARTESIAN_POINT('Ctrl Pts',(95.5172632834781,-33.97032211265,13.));
#3820=CARTESIAN_POINT('Ctrl Pts',(95.5240423100595,-33.9806627258854,13.));
#3821=CARTESIAN_POINT('Ctrl Pts',(95.5306771072531,-33.991106230088,13.));
#3822=CARTESIAN_POINT('Ctrl Pts',(95.5371598600033,-34.0016368716433,13.));
#3823=CARTESIAN_POINT('Ctrl Pts',(95.5652991714939,-34.0473466209336,13.));
#3824=CARTESIAN_POINT('Ctrl Pts',(95.5906133398795,-34.0947500241832,13.));
#3825=CARTESIAN_POINT('Ctrl Pts',(95.6130651029466,-34.1435214973608,13.));
#3826=CARTESIAN_POINT('Ctrl Pts',(95.6282885764299,-34.1765911153876,13.));
#3827=CARTESIAN_POINT('Ctrl Pts',(95.6421953992305,-34.2102906996325,13.));
#3828=CARTESIAN_POINT('Ctrl Pts',(95.6547642002278,-34.2445280124114,13.));
#3829=CARTESIAN_POINT('Ctrl Pts',(95.6596710249041,-34.2578941633457,13.));
#3830=CARTESIAN_POINT('Ctrl Pts',(95.6643747845973,-34.2713457169154,13.));
#3831=CARTESIAN_POINT('Ctrl Pts',(95.6688660283305,-34.2848523874875,13.));
#3832=CARTESIAN_POINT('Ctrl Pts',(95.6864466888173,-34.3377233078244,13.));
#3833=CARTESIAN_POINT('Ctrl Pts',(95.7008021637745,-34.3915073903314,13.));
#3834=CARTESIAN_POINT('Ctrl Pts',(95.7118950851911,-34.4458629183414,13.));
#3835=CARTESIAN_POINT('Ctrl Pts',(95.7230129452975,-34.5003406464104,13.));
#3836=CARTESIAN_POINT('Ctrl Pts',(95.7308540694649,-34.555393456372,13.));
#3837=CARTESIAN_POINT('Ctrl Pts',(95.7353374068075,-34.6107071534214,13.));
#3838=CARTESIAN_POINT('Ctrl Pts',(95.7376334295678,-34.6390346018537,13.));
#3839=CARTESIAN_POINT('Ctrl Pts',(95.7390480576611,-34.6674308551534,13.));
#3840=CARTESIAN_POINT('Ctrl Pts',(95.7395653432888,-34.6958553291312,13.));
#3841=CARTESIAN_POINT('Ctrl Pts',(95.7400138002898,-34.7204977194721,13.));
#3842=CARTESIAN_POINT('Ctrl Pts',(95.7397877767658,-34.7451613502221,13.));
#3843=CARTESIAN_POINT('Ctrl Pts',(95.7388745886362,-34.7698199959852,13.));
#3844=CARTESIAN_POINT('Ctrl Pts',(95.738504613401,-34.7798103670519,13.));
#3845=CARTESIAN_POINT('Ctrl Pts',(95.7380217160705,-34.7897997831823,13.));
#3846=CARTESIAN_POINT('Ctrl Pts',(95.737426131094,-34.7997722754445,13.));
#3847=CARTESIAN_POINT('Ctrl Pts',(95.7345876066186,-34.8473006122622,13.));
#3848=CARTESIAN_POINT('Ctrl Pts',(95.7291888936036,-34.8945247420081,13.));
#3849=CARTESIAN_POINT('Ctrl Pts',(95.7211934872521,-34.9412520825165,13.));
#3850=CARTESIAN_POINT('Ctrl Pts',(95.7119951244709,-34.9950098292657,13.));
#3851=CARTESIAN_POINT('Ctrl Pts',(95.6993617309573,-35.0481107544308,13.));
#3852=CARTESIAN_POINT('Ctrl Pts',(95.6835426028792,-35.1003548832071,13.));
#3853=CARTESIAN_POINT('Ctrl Pts',(95.6682115696472,-35.1509870337592,13.));
#3854=CARTESIAN_POINT('Ctrl Pts',(95.6498877392232,-35.2008151085725,13.));
#3855=CARTESIAN_POINT('Ctrl Pts',(95.6287539060216,-35.249654212373,13.));
#3856=CARTESIAN_POINT('Ctrl Pts',(95.6216328264396,-35.2661106280909,13.));
#3857=CARTESIAN_POINT('Ctrl Pts',(95.6141923700072,-35.2824546916441,13.));
#3858=CARTESIAN_POINT('Ctrl Pts',(95.6064385340088,-35.2986790533008,13.));
#3859=CARTESIAN_POINT('Ctrl Pts',(95.6023084976466,-35.3073208666704,13.));
#3860=CARTESIAN_POINT('Ctrl Pts',(95.5980910240603,-35.3159254913733,13.));
#3861=CARTESIAN_POINT('Ctrl Pts',(95.5937911178219,-35.324484367016,13.));
#3862=CARTESIAN_POINT('Ctrl Pts',(95.5679052103487,-35.3760097377269,13.));
#3863=CARTESIAN_POINT('Ctrl Pts',(95.538997614176,-35.4259585066193,13.));
#3864=CARTESIAN_POINT('Ctrl Pts',(95.5073439455072,-35.4741123446612,13.));
#3865=CARTESIAN_POINT('Ctrl Pts',(95.4750252999959,-35.5232777933164,13.));
#3866=CARTESIAN_POINT('Ctrl Pts',(95.4398435974063,-35.570573062281,13.));
#3867=CARTESIAN_POINT('Ctrl Pts',(95.4020387199268,-35.6157557506184,13.));
#3868=CARTESIAN_POINT('Ctrl Pts',(95.3651992710539,-35.6597846021297,13.));
#3869=CARTESIAN_POINT('Ctrl Pts',(95.3258681823186,-35.7018081961086,13.));
#3870=CARTESIAN_POINT('Ctrl Pts',(95.284226160442,-35.741579905786,13.));
#3871=CARTESIAN_POINT('Ctrl Pts',(95.2732495947475,-35.7520634693686,13.));
#3872=CARTESIAN_POINT('Ctrl Pts',(95.2621076118285,-35.762394385914,13.));
#3873=CARTESIAN_POINT('Ctrl Pts',(95.2508290003695,-35.7725451138382,13.));
#3874=CARTESIAN_POINT('Ctrl Pts',(95.205641240751,-35.8132140077937,13.));
#3875=CARTESIAN_POINT('Ctrl Pts',(95.1582051382273,-35.8510524150139,13.));
#3876=CARTESIAN_POINT('Ctrl Pts',(95.1087826203131,-35.8858142339972,13.));
#3877=CARTESIAN_POINT('Ctrl Pts',(95.0597597717487,-35.9202949415727,13.));
#3878=CARTESIAN_POINT('Ctrl Pts',(95.0087817976719,-35.951749559679,13.));
#3879=CARTESIAN_POINT('Ctrl Pts',(94.9560624806054,-35.9799100014844,13.));
#3880=CARTESIAN_POINT('Ctrl Pts',(94.9242173085396,-35.9969203529958,13.));
#3881=CARTESIAN_POINT('Ctrl Pts',(94.8917359970018,-36.0127281321875,13.));
#3882=CARTESIAN_POINT('Ctrl Pts',(94.8586598106811,-36.0272670421868,13.));
#3883=CARTESIAN_POINT('Ctrl Pts',(94.8294294236755,-36.0401154994363,13.));
#3884=CARTESIAN_POINT('Ctrl Pts',(94.7997343574565,-36.051972922091,13.));
#3885=CARTESIAN_POINT('Ctrl Pts',(94.7696204019233,-36.0628478682585,13.));
#3886=CARTESIAN_POINT('Ctrl Pts',(93.1070149506158,-34.5693895095734,10.6934196736194));
#3887=CARTESIAN_POINT('Ctrl Pts',(93.1081510483976,-34.8192211040517,10.7090958398769));
#3888=CARTESIAN_POINT('Ctrl Pts',(93.1801184274137,-35.0696559137339,10.7247720061344));
#3889=CARTESIAN_POINT('Ctrl Pts',(93.3183300918174,-35.2756419920597,10.7404481723919));
#3890=CARTESIAN_POINT('Ctrl Pts',(93.5473155434507,-35.6169143107103,10.7664200324793));
#3891=CARTESIAN_POINT('Ctrl Pts',(93.9581348755755,-35.8361793458927,10.7923918925668));
#3892=CARTESIAN_POINT('Ctrl Pts',(94.3691095617098,-35.8364681975415,10.8183637526542));
#3893=CARTESIAN_POINT('Ctrl Pts',(94.780084247844,-35.8367570491902,10.8443356127417));
#3894=CARTESIAN_POINT('Ctrl Pts',(95.1912142879877,-35.6180697173053,10.8703074728291));
#3895=CARTESIAN_POINT('Ctrl Pts',(95.4206783124936,-35.2771194334302,10.8962793329166));
#3896=CARTESIAN_POINT('Ctrl Pts',(95.6501423369995,-34.9361691495551,10.922251193004));
#3897=CARTESIAN_POINT('Ctrl Pts',(95.6979403458677,-34.4729559136897,10.9482230530915));
#3898=CARTESIAN_POINT('Ctrl Pts',(95.5429348172171,-34.0923327160964,10.9741949131789));
#3899=CARTESIAN_POINT('Ctrl Pts',(95.3879292885666,-33.7117095185031,11.0001667732664));
#3900=CARTESIAN_POINT('Ctrl Pts',(95.0301202223974,-33.4136763591819,11.0261386333538));
#3901=CARTESIAN_POINT('Ctrl Pts',(94.6277459725405,-33.330036521655,11.0521104934413));
#3902=CARTESIAN_POINT('Ctrl Pts',(94.2253717226836,-33.2463966841282,11.0780823535287));
#3903=CARTESIAN_POINT('Ctrl Pts',(93.7784322891389,-33.3771501683957,11.1040542136162));
#3904=CARTESIAN_POINT('Ctrl Pts',(93.4845839496594,-33.6644720698172,11.1300260737036));
#3905=CARTESIAN_POINT('Ctrl Pts',(93.2455033446486,-33.8982426405353,11.1511572736755));
#3906=CARTESIAN_POINT('Ctrl Pts',(93.1077653618465,-34.2356577377121,11.1722884736475));
#3907=CARTESIAN_POINT('Ctrl Pts',(93.1048970212161,-34.5709868125813,11.1934196736194));
#3908=CARTESIAN_POINT('Ctrl Pts',(93.9714861581428,-36.0606494282185,13.));
#3909=CARTESIAN_POINT('Ctrl Pts',(93.4849798940329,-35.9305856608915,12.9740281399126));
#3910=CARTESIAN_POINT('Ctrl Pts',(92.6568715031992,-35.1592173245288,12.9220844197377));
#3911=CARTESIAN_POINT('Ctrl Pts',(92.9249030512882,-33.4743603990596,12.8441688394753));
#3912=CARTESIAN_POINT('Ctrl Pts',(94.4735551060783,-32.760611092018,12.766253259213));
#3913=CARTESIAN_POINT('Ctrl Pts',(95.9294639204278,-33.6462076968656,12.6883376789506));
#3914=CARTESIAN_POINT('Ctrl Pts',(96.0065979196235,-35.3493720540978,12.6104220986882));
#3915=CARTESIAN_POINT('Ctrl Pts',(94.6359190105663,-36.3629590775909,12.5325065184259));
#3916=CARTESIAN_POINT('Ctrl Pts',(93.0301639339113,-35.7908080568362,12.4545909381635));
#3917=CARTESIAN_POINT('Ctrl Pts',(92.6094164915808,-34.1388148970031,12.3766753579012));
#3918=CARTESIAN_POINT('Ctrl Pts',(93.7459112121282,-32.8682248017635,12.2987597776388));
#3919=CARTESIAN_POINT('Ctrl Pts',(95.434390697263,-33.1028208121488,12.2208441973765));
#3920=CARTESIAN_POINT('Ctrl Pts',(96.1814368825454,-34.6351237163864,12.1429286171141));
#3921=CARTESIAN_POINT('Ctrl Pts',(95.3262873419381,-36.1098227600474,12.0650130368518));
#3922=CARTESIAN_POINT('Ctrl Pts',(93.6253154638421,-36.2225697315331,11.9870974565894));
#3923=CARTESIAN_POINT('Ctrl Pts',(92.5830067496603,-34.8736394285494,11.9091818763271));
#3924=CARTESIAN_POINT('Ctrl Pts',(93.1212708896693,-33.2561442649396,11.8312662960647));
#3925=CARTESIAN_POINT('Ctrl Pts',(94.7640196800094,-32.8007374304938,11.7533507158024));
#3926=CARTESIAN_POINT('Ctrl Pts',(96.0582632158997,-33.9102206192238,11.67543513554));
#3927=CARTESIAN_POINT('Ctrl Pts',(95.8592596480943,-35.6032701370787,11.5975195552777));
#3928=CARTESIAN_POINT('Ctrl Pts',(94.3430251180439,-36.3824055472806,11.5196039750154));
#3929=CARTESIAN_POINT('Ctrl Pts',(92.8506495238473,-35.5584915812666,11.441688394753));
#3930=CARTESIAN_POINT('Ctrl Pts',(92.7021198411522,-33.8602695630173,11.3637728144906));
#3931=CARTESIAN_POINT('Ctrl Pts',(94.0288087117573,-32.7897949407673,11.2858572342283));
#3932=CARTESIAN_POINT('Ctrl Pts',(95.6572768027183,-33.2938888305788,11.207941653966));
#3933=CARTESIAN_POINT('Ctrl Pts',(96.1471653101992,-34.9266864723456,11.1300260737036));
#3934=CARTESIAN_POINT('Ctrl Pts',(95.0651736410915,-36.2439998162198,11.0521104934412));
#3935=CARTESIAN_POINT('Ctrl Pts',(93.3683105755476,-36.0806812733502,10.9741949131789));
#3936=CARTESIAN_POINT('Ctrl Pts',(92.5574273658942,-34.5811858827345,10.8962793329165));
#3937=CARTESIAN_POINT('Ctrl Pts',(93.3497445208713,-33.0717940452021,10.8183637526542));
#3938=CARTESIAN_POINT('Ctrl Pts',(95.0444577740351,-32.88755167939,10.7404481723918));
#3939=CARTESIAN_POINT('Ctrl Pts',(96.1426358982629,-34.1914014588588,10.6625325921295));
#3940=CARTESIAN_POINT('Ctrl Pts',(95.6729109330006,-35.830141300131,10.5846170118671));
#3941=CARTESIAN_POINT('Ctrl Pts',(94.0508396927802,-36.3542510676447,10.5067014316048));
#3942=CARTESIAN_POINT('Ctrl Pts',(92.7109326086532,-35.3003211212847,10.4287858513424));
#3943=CARTESIAN_POINT('Ctrl Pts',(92.8387192024796,-33.6002066933663,10.3508702710801));
#3944=CARTESIAN_POINT('Ctrl Pts',(94.3203388018341,-32.7583307018884,10.2729546908177));
#3945=CARTESIAN_POINT('Ctrl Pts',(95.8470634748812,-33.5178522834236,10.1950391105554));
#3946=CARTESIAN_POINT('Ctrl Pts',(96.0648343771822,-35.2099396346509,10.117123530293));
#3947=CARTESIAN_POINT('Ctrl Pts',(95.2141365979553,-35.9563215112599,10.0651798101181));
#3948=CARTESIAN_POINT('Ctrl Pts',(94.7239750828755,-36.0718490738764,10.0392079500307));
#3949=CARTESIAN_POINT('Ctrl Pts',(93.9954624175848,-35.9709657242309,13.0535973499898));
#3950=CARTESIAN_POINT('Ctrl Pts',(93.538226405053,-35.8487271371156,13.0276254899023));
#3951=CARTESIAN_POINT('Ctrl Pts',(92.7599404784334,-35.1237675459846,12.9756817697274));
#3952=CARTESIAN_POINT('Ctrl Pts',(93.0118461275933,-33.5402786597773,12.8977661894651));
#3953=CARTESIAN_POINT('Ctrl Pts',(94.4673247977951,-32.8694714961815,12.8198506092027));
#3954=CARTESIAN_POINT('Ctrl Pts',(95.8356400487841,-33.7017869054253,12.7419350289404));
#3955=CARTESIAN_POINT('Ctrl Pts',(95.9081333439883,-35.3024817717331,12.664019448678));
#3956=CARTESIAN_POINT('Ctrl Pts',(94.6199202107298,-36.2550871607386,12.5861038684157));
#3957=CARTESIAN_POINT('Ctrl Pts',(93.1107740752821,-35.7173591383162,12.5081882881533));
#3958=CARTESIAN_POINT('Ctrl Pts',(92.7153405587865,-34.1647567961572,12.430272707891));
#3959=CARTESIAN_POINT('Ctrl Pts',(93.7834590037511,-32.9706107150728,12.3523571276286));
#3960=CARTESIAN_POINT('Ctrl Pts',(95.3703525012838,-33.1910924483157,12.2744415473663));
#3961=CARTESIAN_POINT('Ctrl Pts',(96.0724532636668,-34.6312056012398,12.1965259671039));
#3962=CARTESIAN_POINT('Ctrl Pts',(95.268753095939,-36.0171805827579,12.1186103868416));
#3963=CARTESIAN_POINT('Ctrl Pts',(93.670118800053,-36.1231442248941,12.0406948065792));
#3964=CARTESIAN_POINT('Ctrl Pts',(92.6905197373941,-34.855371210608,11.9627792263169));
#3965=CARTESIAN_POINT('Ctrl Pts',(93.1963996555426,-33.3351913209375,11.8848636460545));
#3966=CARTESIAN_POINT('Ctrl Pts',(94.7403138081402,-32.9071836663131,11.8069480657922));
#3967=CARTESIAN_POINT('Ctrl Pts',(95.9566902399592,-33.9499157061855,11.7290324855298));
#3968=CARTESIAN_POINT('Ctrl Pts',(95.7696595590914,-35.5411042841566,11.6511169052675));
#3969=CARTESIAN_POINT('Ctrl Pts',(94.3446480397603,-36.2733636494803,11.5732013250051));
#3970=CARTESIAN_POINT('Ctrl Pts',(92.9420600029159,-35.4990197935408,11.4952857447428));
#3971=CARTESIAN_POINT('Ctrl Pts',(92.8024664871318,-33.9029699144322,11.4173701644804));
#3972=CARTESIAN_POINT('Ctrl Pts',(94.0493362066321,-32.8968995225336,11.3394545842181));
#3973=CARTESIAN_POINT('Ctrl Pts',(95.579828846452,-33.3706650156476,11.2615390039557));
#3974=CARTESIAN_POINT('Ctrl Pts',(96.0402436124479,-34.9052267223892,11.1836234236934));
#3975=CARTESIAN_POINT('Ctrl Pts',(95.0233490873988,-36.1432849860583,11.105707843431));
#3976=CARTESIAN_POINT('Ctrl Pts',(93.4285764007172,-35.9897923697797,11.0277922631687));
#3977=CARTESIAN_POINT('Ctrl Pts',(92.6664793163368,-34.5805128932462,10.9498766829063));
#3978=CARTESIAN_POINT('Ctrl Pts',(93.4111273575395,-33.1619323814327,10.871961102644));
#3979=CARTESIAN_POINT('Ctrl Pts',(95.0038795735451,-32.9887748069099,10.7940455223816));
#3980=CARTESIAN_POINT('Ctrl Pts',(96.0359867088771,-34.2141795305174,10.7161299421193));
#3981=CARTESIAN_POINT('Ctrl Pts',(95.5945223620694,-35.7543259291898,10.6382143618569));
#3982=CARTESIAN_POINT('Ctrl Pts',(94.0700417116958,-36.2469030610906,10.5602987815946));
#3983=CARTESIAN_POINT('Ctrl Pts',(92.810749041682,-35.2563819481852,10.4823832013322));
#3984=CARTESIAN_POINT('Ctrl Pts',(92.9308474595781,-33.6585535146878,10.4044676210699));
#3985=CARTESIAN_POINT('Ctrl Pts',(94.3233266272153,-32.8673283038595,10.3265520408075));
#3986=CARTESIAN_POINT('Ctrl Pts',(95.7581971586672,-33.5811538904805,10.2486364605452));
#3987=CARTESIAN_POINT('Ctrl Pts',(95.9628660526964,-35.1714381897923,10.1707208802828));
#3988=CARTESIAN_POINT('Ctrl Pts',(95.1633498097655,-35.8729146110901,10.1187771601079));
#3989=CARTESIAN_POINT('Ctrl Pts',(94.7026784614496,-35.9814915523653,10.0928053000205));
#3990=CARTESIAN_POINT('Ctrl Pts',(94.0194386770269,-35.8812820202432,13.1071946999795));
#3991=CARTESIAN_POINT('Ctrl Pts',(93.591472916073,-35.7668686133398,13.0812228398921));
#3992=CARTESIAN_POINT('Ctrl Pts',(92.8630094536676,-35.0883177674404,13.0292791197172));
#3993=CARTESIAN_POINT('Ctrl Pts',(93.0987892038983,-33.6061969204949,12.9513635394548));
#3994=CARTESIAN_POINT('Ctrl Pts',(94.4610944895119,-32.978331900345,12.8734479591925));
#3995=CARTESIAN_POINT('Ctrl Pts',(95.7418161771402,-33.757366113985,12.7955323789301));
#3996=CARTESIAN_POINT('Ctrl Pts',(95.8096687683533,-35.2555914893684,12.7176167986678));
#3997=CARTESIAN_POINT('Ctrl Pts',(94.6039214108934,-36.1472152438864,12.6397012184054));
#3998=CARTESIAN_POINT('Ctrl Pts',(93.191384216653,-35.6439102197963,12.5617856381431));
#3999=CARTESIAN_POINT('Ctrl Pts',(92.821264625992,-34.1906986953114,12.4838700578807));
#4000=CARTESIAN_POINT('Ctrl Pts',(93.821006795374,-33.0729966283821,12.4059544776184));
#4001=CARTESIAN_POINT('Ctrl Pts',(95.3063143053046,-33.2793640844825,12.3280388973561));
#4002=CARTESIAN_POINT('Ctrl Pts',(95.9634696447882,-34.6272874860932,12.2501233170937));
#4003=CARTESIAN_POINT('Ctrl Pts',(95.2112188499399,-35.9245384054683,12.1722077368313));
#4004=CARTESIAN_POINT('Ctrl Pts',(93.7149221362638,-36.0237187182551,12.094292156569));
#4005=CARTESIAN_POINT('Ctrl Pts',(92.7980327251278,-34.8371029926665,12.0163765763066));
#4006=CARTESIAN_POINT('Ctrl Pts',(93.2715284214158,-33.4142383769354,11.9384609960443));
#4007=CARTESIAN_POINT('Ctrl Pts',(94.7166079362709,-33.0136299021324,11.8605454157819));
#4008=CARTESIAN_POINT('Ctrl Pts',(95.8551172640189,-33.9896107931473,11.7826298355196));
#4009=CARTESIAN_POINT('Ctrl Pts',(95.6800594700885,-35.4789384312345,11.7047142552572));
#4010=CARTESIAN_POINT('Ctrl Pts',(94.3462709614766,-36.16432175168,11.6267986749949));
#4011=CARTESIAN_POINT('Ctrl Pts',(93.0334704819845,-35.439548005815,11.5488830947325));
#4012=CARTESIAN_POINT('Ctrl Pts',(92.9028131331113,-33.9456702658471,11.4709675144702));
#4013=CARTESIAN_POINT('Ctrl Pts',(94.069863701507,-33.0040041042999,11.3930519342078));
#4014=CARTESIAN_POINT('Ctrl Pts',(95.5023808901855,-33.4474412007165,11.3151363539455));
#4015=CARTESIAN_POINT('Ctrl Pts',(95.9333219146968,-34.8837669724327,11.2372207736831));
#4016=CARTESIAN_POINT('Ctrl Pts',(94.9815245337059,-36.0425701558969,11.1593051934208));
#4017=CARTESIAN_POINT('Ctrl Pts',(93.4888422258868,-35.8989034662091,11.0813896131584));
#4018=CARTESIAN_POINT('Ctrl Pts',(92.7755312667793,-34.5798399037578,11.0034740328961));
#4019=CARTESIAN_POINT('Ctrl Pts',(93.4725101942078,-33.2520707176632,10.9255584526337));
#4020=CARTESIAN_POINT('Ctrl Pts',(94.9633013730549,-33.0899979344299,10.8476428723714));
#4021=CARTESIAN_POINT('Ctrl Pts',(95.9293375194916,-34.2369576021761,10.769727292109));
#4022=CARTESIAN_POINT('Ctrl Pts',(95.516133791138,-35.6785105582487,10.6918117118467));
#4023=CARTESIAN_POINT('Ctrl Pts',(94.0892437306117,-36.1395550545365,10.6138961315843));
#4024=CARTESIAN_POINT('Ctrl Pts',(92.9105654747106,-35.2124427750856,10.535980551322));
#4025=CARTESIAN_POINT('Ctrl Pts',(93.0229757166768,-33.7169003360094,10.4580649710596));
#4026=CARTESIAN_POINT('Ctrl Pts',(94.3263144525964,-32.9763259058306,10.3801493907973));
#4027=CARTESIAN_POINT('Ctrl Pts',(95.6693308424533,-33.6444554975374,10.3022338105349));
#4028=CARTESIAN_POINT('Ctrl Pts',(95.8608977282105,-35.1329367449338,10.2243182302726));
#4029=CARTESIAN_POINT('Ctrl Pts',(95.1125630215757,-35.7895077109203,10.1723745100977));
#4030=CARTESIAN_POINT('Ctrl Pts',(94.6813818400236,-35.8911340308543,10.1464026500102));
#4031=CARTESIAN_POINT('Ctrl Pts',(94.0434149364689,-35.7915983162555,13.1607920499693));
#4032=CARTESIAN_POINT('Ctrl Pts',(93.6447194270931,-35.685010089564,13.1348201898819));
#4033=CARTESIAN_POINT('Ctrl Pts',(92.9660784289018,-35.0528679888961,13.082876469707));
#4034=CARTESIAN_POINT('Ctrl Pts',(93.1857322802035,-33.6721151812125,13.0049608894446));
#4035=CARTESIAN_POINT('Ctrl Pts',(94.4548641812287,-33.0871923045086,12.9270453091823));
#4036=CARTESIAN_POINT('Ctrl Pts',(95.6479923054965,-33.8129453225448,12.8491297289199));
#4037=CARTESIAN_POINT('Ctrl Pts',(95.711204192718,-35.2087012070037,12.7712141486576));
#4038=CARTESIAN_POINT('Ctrl Pts',(94.5879226110571,-36.0393433270341,12.6932985683952));
#4039=CARTESIAN_POINT('Ctrl Pts',(93.2719943580238,-35.5704613012763,12.6153829881329));
#4040=CARTESIAN_POINT('Ctrl Pts',(92.9271886931976,-34.2166405944656,12.5374674078705));
#4041=CARTESIAN_POINT('Ctrl Pts',(93.8585545869968,-33.1753825416914,12.4595518276082));
#4042=CARTESIAN_POINT('Ctrl Pts',(95.2422761093255,-33.3676357206495,12.3816362473458));
#4043=CARTESIAN_POINT('Ctrl Pts',(95.8544860259097,-34.6233693709466,12.3037206670835));
#4044=CARTESIAN_POINT('Ctrl Pts',(95.1536846039408,-35.8318962281788,12.2258050868211));
#4045=CARTESIAN_POINT('Ctrl Pts',(93.7597254724746,-35.9242932116161,12.1478895065588));
#4046=CARTESIAN_POINT('Ctrl Pts',(92.9055457128616,-34.8188347747251,12.0699739262964));
#4047=CARTESIAN_POINT('Ctrl Pts',(93.346657187289,-33.4932854329333,11.9920583460341));
#4048=CARTESIAN_POINT('Ctrl Pts',(94.6929020644017,-33.1200761379517,11.9141427657717));
#4049=CARTESIAN_POINT('Ctrl Pts',(95.7535442880785,-34.0293058801091,11.8362271855094));
#4050=CARTESIAN_POINT('Ctrl Pts',(95.5904593810856,-35.4167725783124,11.758311605247));
#4051=CARTESIAN_POINT('Ctrl Pts',(94.3478938831929,-36.0552798538797,11.6803960249847));
#4052=CARTESIAN_POINT('Ctrl Pts',(93.1248809610531,-35.3800762180892,11.6024804447223));
#4053=CARTESIAN_POINT('Ctrl Pts',(93.0031597790908,-33.9883706172621,11.52456486446));
#4054=CARTESIAN_POINT('Ctrl Pts',(94.0903911963818,-33.1111086860663,11.4466492841976));
#4055=CARTESIAN_POINT('Ctrl Pts',(95.4249329339192,-33.5242173857854,11.3687337039353));
#4056=CARTESIAN_POINT('Ctrl Pts',(95.8264002169454,-34.8623072224763,11.2908181236729));
#4057=CARTESIAN_POINT('Ctrl Pts',(94.9396999800132,-35.9418553257355,11.2129025434106));
#4058=CARTESIAN_POINT('Ctrl Pts',(93.5491080510563,-35.8080145626386,11.1349869631482));
#4059=CARTESIAN_POINT('Ctrl Pts',(92.8845832172218,-34.5791669142695,11.0570713828859));
#4060=CARTESIAN_POINT('Ctrl Pts',(93.533893030876,-33.3422090538938,10.9791558026235));
#4061=CARTESIAN_POINT('Ctrl Pts',(94.9227231725648,-33.1912210619498,10.9012402223612));
#4062=CARTESIAN_POINT('Ctrl Pts',(95.8226883301059,-34.2597356738347,10.8233246420988));
#4063=CARTESIAN_POINT('Ctrl Pts',(95.4377452202069,-35.6026951873076,10.7454090618365));
#4064=CARTESIAN_POINT('Ctrl Pts',(94.1084457495273,-36.0322070479823,10.6674934815741));
#4065=CARTESIAN_POINT('Ctrl Pts',(93.0103819077394,-35.1685036019861,10.5895779013118));
#4066=CARTESIAN_POINT('Ctrl Pts',(93.1151039737754,-33.7752471573309,10.5116623210494));
#4067=CARTESIAN_POINT('Ctrl Pts',(94.3293022779775,-33.0853235078016,10.4337467407871));
#4068=CARTESIAN_POINT('Ctrl Pts',(95.5804645262393,-33.7077571045944,10.3558311605247));
#4069=CARTESIAN_POINT('Ctrl Pts',(95.7589294037245,-35.0944353000752,10.2779155802624));
#4070=CARTESIAN_POINT('Ctrl Pts',(95.0617762333859,-35.7061008107505,10.2259718600875));
#4071=CARTESIAN_POINT('Ctrl Pts',(94.6600852185976,-35.8007765093433,10.2));
#4072=CARTESIAN_POINT('Ctrl Pts',(94.6600852185976,-35.8007765093433,10.2));
#4073=CARTESIAN_POINT('Ctrl Pts',(94.710159242941,-35.7945914561612,10.2));
#4074=CARTESIAN_POINT('Ctrl Pts',(94.7596269755781,-35.7851985564182,10.2));
#4075=CARTESIAN_POINT('Ctrl Pts',(94.8082979732131,-35.7728548788352,10.2));
#4076=CARTESIAN_POINT('Ctrl Pts',(94.859145165938,-35.7599592863163,10.2));
#4077=CARTESIAN_POINT('Ctrl Pts',(94.9091235546684,-35.7438431396,10.2));
#4078=CARTESIAN_POINT('Ctrl Pts',(94.9580225849348,-35.724742932044,10.2));
#4079=CARTESIAN_POINT('Ctrl Pts',(94.9968450366808,-35.7095786868198,10.2));
#4080=CARTESIAN_POINT('Ctrl Pts',(95.034987440722,-35.6925323017128,10.2));
#4081=CARTESIAN_POINT('Ctrl Pts',(95.072341946934,-35.6736989030804,10.2));
#4082=CARTESIAN_POINT('Ctrl Pts',(95.0872361542082,-35.6661895401855,10.2));
#4083=CARTESIAN_POINT('Ctrl Pts',(95.1020050480813,-35.658395858239,10.2));
#4084=CARTESIAN_POINT('Ctrl Pts',(95.1166415235146,-35.6503230610128,10.2));
#4085=CARTESIAN_POINT('Ctrl Pts',(95.1273570520489,-35.6444128752291,10.2));
#4086=CARTESIAN_POINT('Ctrl Pts',(95.1380041034156,-35.6383514425519,10.2));
#4087=CARTESIAN_POINT('Ctrl Pts',(95.1485584818146,-35.6321536833576,10.2));
#4088=CARTESIAN_POINT('Ctrl Pts',(95.1955024514144,-35.6045871694235,10.2));
#4089=CARTESIAN_POINT('Ctrl Pts',(95.2407012423643,-35.5742813857184,10.2));
#4090=CARTESIAN_POINT('Ctrl Pts',(95.2839368216411,-35.5414873906709,10.2));
#4091=CARTESIAN_POINT('Ctrl Pts',(95.327981736808,-35.5080795179416,10.2));
#4092=CARTESIAN_POINT('Ctrl Pts',(95.3699902835709,-35.4720890138392,10.2));
#4093=CARTESIAN_POINT('Ctrl Pts',(95.4097192325868,-35.4337293870815,10.2));
#4094=CARTESIAN_POINT('Ctrl Pts',(95.4374155610219,-35.4069876572435,10.2));
#4095=CARTESIAN_POINT('Ctrl Pts',(95.4640037735394,-35.379093448918,10.2));
#4096=CARTESIAN_POINT('Ctrl Pts',(95.4893937444469,-35.3501062665012,10.2));
#4097=CARTESIAN_POINT('Ctrl Pts',(95.4997390829227,-35.3382952165928,10.2));
#4098=CARTESIAN_POINT('Ctrl Pts',(95.5098853954567,-35.3263025977714,10.2));
#4099=CARTESIAN_POINT('Ctrl Pts',(95.5198261639537,-35.3141319987412,10.2));
#4100=CARTESIAN_POINT('Ctrl Pts',(95.526039070292,-35.3065254649126,10.2));
#4101=CARTESIAN_POINT('Ctrl Pts',(95.5321711726317,-35.2988498769103,10.2));
#4102=CARTESIAN_POINT('Ctrl Pts',(95.5382129162025,-35.2911167269451,10.2));
#4103=CARTESIAN_POINT('Ctrl Pts',(95.5732071321609,-35.2463257627558,10.2));
#4104=CARTESIAN_POINT('Ctrl Pts',(95.6052452618005,-35.1995186777469,10.2));
#4105=CARTESIAN_POINT('Ctrl Pts',(95.6340834379034,-35.1509299035833,10.2));
#4106=CARTESIAN_POINT('Ctrl Pts',(95.6509540259993,-35.1225050409263,10.2));
#4107=CARTESIAN_POINT('Ctrl Pts',(95.6667290957108,-35.0934695100807,10.2));
#4108=CARTESIAN_POINT('Ctrl Pts',(95.6813550758686,-35.06386345794,10.2));
#4109=CARTESIAN_POINT('Ctrl Pts',(95.7056804986869,-35.0146236990637,10.2));
#4110=CARTESIAN_POINT('Ctrl Pts',(95.7268300631381,-34.9638072301898,10.2));
#4111=CARTESIAN_POINT('Ctrl Pts',(95.7448648720769,-34.9117132796945,10.2));
#4112=CARTESIAN_POINT('Ctrl Pts',(95.7524836739403,-34.8897061994726,10.2));
#4113=CARTESIAN_POINT('Ctrl Pts',(95.7595460646638,-34.8674707880368,10.2));
#4114=CARTESIAN_POINT('Ctrl Pts',(95.7660542482221,-34.8450283441517,10.2));
#4115=CARTESIAN_POINT('Ctrl Pts',(95.7694049558359,-34.8334739577512,10.2));
#4116=CARTESIAN_POINT('Ctrl Pts',(95.7726090492599,-34.8218629400455,10.2));
#4117=CARTESIAN_POINT('Ctrl Pts',(95.7756615497959,-34.8102193876917,10.2));
#4118=CARTESIAN_POINT('Ctrl Pts',(95.7900636768761,-34.7552834691917,10.2));
#4119=CARTESIAN_POINT('Ctrl Pts',(95.8011259187421,-34.6995232345334,10.2));
#4120=CARTESIAN_POINT('Ctrl Pts',(95.8089490434708,-34.6432756971643,10.2));
#4121=CARTESIAN_POINT('Ctrl Pts',(95.8169547320482,-34.5857155427459,10.2));
#4122=CARTESIAN_POINT('Ctrl Pts',(95.8215686241169,-34.527644137143,10.2));
#4123=CARTESIAN_POINT('Ctrl Pts',(95.822850799071,-34.4693947224297,10.2));
#4124=CARTESIAN_POINT('Ctrl Pts',(95.8236624218143,-34.4325225704581,10.2));
#4125=CARTESIAN_POINT('Ctrl Pts',(95.8231380696545,-34.3955785744325,10.2));
#4126=CARTESIAN_POINT('Ctrl Pts',(95.8212827014828,-34.3586444047355,10.2));
#4127=CARTESIAN_POINT('Ctrl Pts',(95.8202743004528,-34.3385705157167,10.2));
#4128=CARTESIAN_POINT('Ctrl Pts',(95.8188725815432,-34.3184995059792,10.2));
#4129=CARTESIAN_POINT('Ctrl Pts',(95.8170773341036,-34.2984444323456,10.2));
#4130=CARTESIAN_POINT('Ctrl Pts',(95.8156172496804,-34.2821335328161,10.2));
#4131=CARTESIAN_POINT('Ctrl Pts',(95.8138959650388,-34.2658273231666,10.2));
#4132=CARTESIAN_POINT('Ctrl Pts',(95.81191758052,-34.2495661836443,10.2));
#4133=CARTESIAN_POINT('Ctrl Pts',(95.8046261346532,-34.189634852081,10.2));
#4134=CARTESIAN_POINT('Ctrl Pts',(95.7938426135913,-34.1302458756257,10.2));
#4135=CARTESIAN_POINT('Ctrl Pts',(95.7796193352051,-34.0717535535168,10.2));
#4136=CARTESIAN_POINT('Ctrl Pts',(95.7712205265291,-34.0372139903391,10.2));
#4137=CARTESIAN_POINT('Ctrl Pts',(95.7616213462177,-34.00298680844,10.2));
#4138=CARTESIAN_POINT('Ctrl Pts',(95.7508240477499,-33.9691444501579,10.2));
#4139=CARTESIAN_POINT('Ctrl Pts',(95.7461695515864,-33.9545556965675,10.2));
#4140=CARTESIAN_POINT('Ctrl Pts',(95.741292329077,-33.9400384610239,10.2));
#4141=CARTESIAN_POINT('Ctrl Pts',(95.736192193455,-33.9255986031444,10.2));
#4142=CARTESIAN_POINT('Ctrl Pts',(95.7316044437035,-33.9126094476964,10.2));
#4143=CARTESIAN_POINT('Ctrl Pts',(95.7268391207939,-33.899690963643,10.2));
#4144=CARTESIAN_POINT('Ctrl Pts',(95.7218982909179,-33.8868512496769,10.2));
#4145=CARTESIAN_POINT('Ctrl Pts',(95.7000823870203,-33.8301583513207,10.2));
#4146=CARTESIAN_POINT('Ctrl Pts',(95.6748400517485,-33.7749758365538,10.2));
#4147=CARTESIAN_POINT('Ctrl Pts',(95.6461968853605,-33.7216580324615,10.2));
#4148=CARTESIAN_POINT('Ctrl Pts',(95.6383514265088,-33.707054108007,10.2));
#4149=CARTESIAN_POINT('Ctrl Pts',(95.6302505294519,-33.692590117685,10.2));
#4150=CARTESIAN_POINT('Ctrl Pts',(95.6218940446186,-33.678273481783,10.2));
#4151=CARTESIAN_POINT('Ctrl Pts',(95.605787720175,-33.6506795367953,10.2));
#4152=CARTESIAN_POINT('Ctrl Pts',(95.5887321681146,-33.6236328713098,10.2));
#4153=CARTESIAN_POINT('Ctrl Pts',(95.5707735278632,-33.5971518964969,10.2));
#4154=CARTESIAN_POINT('Ctrl Pts',(93.1035337818657,-34.5700448291293,11.0565803263806));
#4155=CARTESIAN_POINT('Ctrl Pts',(93.1037528650806,-34.1616576002244,11.0307721517949));
#4156=CARTESIAN_POINT('Ctrl Pts',(93.319597294429,-33.7530704383478,11.0049639772092));
#4157=CARTESIAN_POINT('Ctrl Pts',(93.6571464188818,-33.5232040319657,10.9791558026235));
#4158=CARTESIAN_POINT('Ctrl Pts',(93.9968364114389,-33.2918797232458,10.953183942536));
#4159=CARTESIAN_POINT('Ctrl Pts',(94.4597797920019,-33.2415503925978,10.9272120824486));
#4160=CARTESIAN_POINT('Ctrl Pts',(94.8412456752069,-33.3944714959213,10.9012402223611));
#4161=CARTESIAN_POINT('Ctrl Pts',(95.2227115584118,-33.5473925992448,10.8752683622737));
#4162=CARTESIAN_POINT('Ctrl Pts',(95.5226999442589,-33.9035641365398,10.8492965021862));
#4163=CARTESIAN_POINT('Ctrl Pts',(95.6085369521992,-34.3054764907661,10.8233246420988));
#4164=CARTESIAN_POINT('Ctrl Pts',(95.6943739601396,-34.7073888449923,10.7973527820113));
#4165=CARTESIAN_POINT('Ctrl Pts',(95.5660595901733,-35.15504201615,10.7713809219239));
#4166=CARTESIAN_POINT('Ctrl Pts',(95.2803524934101,-35.4504539118412,10.7454090618364));
#4167=CARTESIAN_POINT('Ctrl Pts',(94.9946453966471,-35.7458658075325,10.719437201749));
#4168=CARTESIAN_POINT('Ctrl Pts',(94.5515455730872,-35.8890364277574,10.6934653416615));
#4169=CARTESIAN_POINT('Ctrl Pts',(94.1469850210092,-35.8166711635372,10.6674934815741));
#4170=CARTESIAN_POINT('Ctrl Pts',(93.7424244689313,-35.7443058993169,10.6415216214866));
#4171=CARTESIAN_POINT('Ctrl Pts',(93.3764031883353,-35.4564047506515,10.6155497613992));
#4172=CARTESIAN_POINT('Ctrl Pts',(93.21084622571,-35.0802447688763,10.5895779013117));
#4173=CARTESIAN_POINT('Ctrl Pts',(93.140732157879,-34.9209394394037,10.578578709668));
#4174=CARTESIAN_POINT('Ctrl Pts',(93.1065725284458,-34.74580437619,10.5675795180243));
#4175=CARTESIAN_POINT('Ctrl Pts',(93.1071860691237,-34.57044748884,10.5565803263806));
#4176=CARTESIAN_POINT('Ctrl Pts',(93.9714861581428,-36.0606494282185,13.));
#4177=CARTESIAN_POINT('Ctrl Pts',(93.9143190864513,-36.0397608155157,13.));
#4178=CARTESIAN_POINT('Ctrl Pts',(93.8586250878328,-36.0152668445188,13.));
#4179=CARTESIAN_POINT('Ctrl Pts',(93.8046176398517,-35.9874404638681,13.));
#4180=CARTESIAN_POINT('Ctrl Pts',(93.755483956129,-35.9621252038965,13.));
#4181=CARTESIAN_POINT('Ctrl Pts',(93.7077460689818,-35.9340507106458,13.));
#4182=CARTESIAN_POINT('Ctrl Pts',(93.6615899758362,-35.9033947518828,13.));
#4183=CARTESIAN_POINT('Ctrl Pts',(93.6496306832409,-35.8954516276787,13.));
#4184=CARTESIAN_POINT('Ctrl Pts',(93.6377760225735,-35.8873337441104,13.));
#4185=CARTESIAN_POINT('Ctrl Pts',(93.6260442120784,-35.8790547295758,13.));
#4186=CARTESIAN_POINT('Ctrl Pts',(93.5768711651388,-35.8443538306398,13.));
#4187=CARTESIAN_POINT('Ctrl Pts',(93.5297978924609,-35.806789499924,13.));
#4188=CARTESIAN_POINT('Ctrl Pts',(93.4850541790889,-35.7666065842185,13.));
#4189=CARTESIAN_POINT('Ctrl Pts',(93.4576888714813,-35.7420306658161,13.));
#4190=CARTESIAN_POINT('Ctrl Pts',(93.4311956850858,-35.7164745333344,13.));
#4191=CARTESIAN_POINT('Ctrl Pts',(93.4056353967926,-35.6899891563769,13.));
#4192=CARTESIAN_POINT('Ctrl Pts',(93.3952584139114,-35.6792366053829,13.));
#4193=CARTESIAN_POINT('Ctrl Pts',(93.3850352698427,-35.6683308614176,13.));
#4194=CARTESIAN_POINT('Ctrl Pts',(93.3749703659468,-35.6572752115326,13.));
#4195=CARTESIAN_POINT('Ctrl Pts',(93.3675936849019,-35.649172401631,13.));
#4196=CARTESIAN_POINT('Ctrl Pts',(93.360308674875,-35.6409963898716,13.));
#4197=CARTESIAN_POINT('Ctrl Pts',(93.3531166541453,-35.6327488637682,13.));
#4198=CARTESIAN_POINT('Ctrl Pts',(93.3147667016208,-35.5887706486886,13.));
#4199=CARTESIAN_POINT('Ctrl Pts',(93.2790564173569,-35.5427602711516,13.));
#4200=CARTESIAN_POINT('Ctrl Pts',(93.2461967609186,-35.4949412176149,13.));
#4201=CARTESIAN_POINT('Ctrl Pts',(93.2139150030231,-35.4479631516099,13.));
#4202=CARTESIAN_POINT('Ctrl Pts',(93.1843840592604,-35.3992385895265,13.));
#4203=CARTESIAN_POINT('Ctrl Pts',(93.1578494900728,-35.3489613413644,13.));
#4204=CARTESIAN_POINT('Ctrl Pts',(93.1306019911598,-35.2973332461442,13.));
#4205=CARTESIAN_POINT('Ctrl Pts',(93.1065131915723,-35.2440670822,13.));
#4206=CARTESIAN_POINT('Ctrl Pts',(93.0859076052977,-35.1893662034654,13.));
#4207=CARTESIAN_POINT('Ctrl Pts',(93.0824146327539,-35.1800935399751,13.));
#4208=CARTESIAN_POINT('Ctrl Pts',(93.0790225295867,-35.1707810658548,13.));
#4209=CARTESIAN_POINT('Ctrl Pts',(93.0757366698282,-35.1614411264049,13.));
#4210=CARTESIAN_POINT('Ctrl Pts',(93.0602445320531,-35.1174052760031,13.));
#4211=CARTESIAN_POINT('Ctrl Pts',(93.0470859951854,-35.0726910926096,13.));
#4212=CARTESIAN_POINT('Ctrl Pts',(93.0363899544602,-35.0274096401718,13.));
#4213=CARTESIAN_POINT('Ctrl Pts',(93.0233987850208,-34.9724118109567,13.));
#4214=CARTESIAN_POINT('Ctrl Pts',(93.0140389767422,-34.9165763679838,13.));
#4215=CARTESIAN_POINT('Ctrl Pts',(93.0082223247408,-34.8602387488438,13.));
#4216=CARTESIAN_POINT('Ctrl Pts',(93.0033202423345,-34.8127592620991,13.));
#4217=CARTESIAN_POINT('Ctrl Pts',(93.0009358056453,-34.7649226523055,13.));
#4218=CARTESIAN_POINT('Ctrl Pts',(93.0010441437867,-34.7169365779136,13.));
#4219=CARTESIAN_POINT('Ctrl Pts',(93.0010800747272,-34.701021732422,13.));
#4220=CARTESIAN_POINT('Ctrl Pts',(93.0013903952069,-34.6850905343114,13.));
#4221=CARTESIAN_POINT('Ctrl Pts',(93.0019747645827,-34.6691508689299,13.));
#4222=CARTESIAN_POINT('Ctrl Pts',(93.0024366181089,-34.6565530310454,13.));
#4223=CARTESIAN_POINT('Ctrl Pts',(93.0030700057619,-34.6439467073593,13.));
#4224=CARTESIAN_POINT('Ctrl Pts',(93.0038728461571,-34.6313610817243,13.));
#4225=CARTESIAN_POINT('Ctrl Pts',(93.0074063988001,-34.5759677918607,13.));
#4226=CARTESIAN_POINT('Ctrl Pts',(93.014220229209,-34.5208763728579,13.));
#4227=CARTESIAN_POINT('Ctrl Pts',(93.0242252478687,-34.4664016620906,13.));
#4228=CARTESIAN_POINT('Ctrl Pts',(93.0341667770012,-34.4122726351999,13.));
#4229=CARTESIAN_POINT('Ctrl Pts',(93.0472596005271,-34.3587514284217,13.));
#4230=CARTESIAN_POINT('Ctrl Pts',(93.0634630152108,-34.3061671678679,13.));
#4231=CARTESIAN_POINT('Ctrl Pts',(93.0779728562456,-34.2590789906865,13.));
#4232=CARTESIAN_POINT('Ctrl Pts',(93.0949778484798,-34.2127418836336,13.));
#4233=CARTESIAN_POINT('Ctrl Pts',(93.1144763312276,-34.1674166288594,13.));
#4234=CARTESIAN_POINT('Ctrl Pts',(93.1200544620109,-34.1544499687254,13.));
#4235=CARTESIAN_POINT('Ctrl Pts',(93.1258394538514,-34.1415610472968,13.));
#4236=CARTESIAN_POINT('Ctrl Pts',(93.1318170871398,-34.1287863196115,13.));
#4237=CARTESIAN_POINT('Ctrl Pts',(93.1543068232355,-34.08072377705,13.));
#4238=CARTESIAN_POINT('Ctrl Pts',(93.1795472245715,-34.0342057694674,13.));
#4239=CARTESIAN_POINT('Ctrl Pts',(93.2074910232049,-33.9895276625117,13.));
#4240=CARTESIAN_POINT('Ctrl Pts',(93.2345228492515,-33.9463076682952,13.));
#4241=CARTESIAN_POINT('Ctrl Pts',(93.2640850567129,-33.904808780603,13.));
#4242=CARTESIAN_POINT('Ctrl Pts',(93.2961684616787,-33.865332767223,13.));
#4243=CARTESIAN_POINT('Ctrl Pts',(93.314545875149,-33.8427208586423,13.));
#4244=CARTESIAN_POINT('Ctrl Pts',(93.3337510739308,-33.8207733473983,13.));
#4245=CARTESIAN_POINT('Ctrl Pts',(93.3537865355884,-33.7995535108374,13.));
#4246=CARTESIAN_POINT('Ctrl Pts',(93.3718979345702,-33.7803714758611,13.));
#4247=CARTESIAN_POINT('Ctrl Pts',(93.390687930919,-33.7617841733165,13.));
#4248=CARTESIAN_POINT('Ctrl Pts',(93.410119636002,-33.7438114073633,13.));
#4249=CARTESIAN_POINT('Origin',(146.47,-59.47,14.1042117235887));
#4250=CARTESIAN_POINT('Ctrl Pts',(144.924836544124,-59.4694880362017,12.8542117235887));
#4251=CARTESIAN_POINT('Ctrl Pts',(144.924685405595,-59.436767144681,12.8525177253658));
#4252=CARTESIAN_POINT('Ctrl Pts',(144.940271784045,-58.9025198975349,12.8248518670554));
#4253=CARTESIAN_POINT('Ctrl Pts',(145.557035359975,-57.9039604389353,12.7712141486576));
#4254=CARTESIAN_POINT('Ctrl Pts',(147.260568357198,-57.838873332466,12.6932985683952));
#4255=CARTESIAN_POINT('Ctrl Pts',(148.264806197971,-59.2163538370996,12.6153829881329));
#4256=CARTESIAN_POINT('Ctrl Pts',(147.681583375456,-60.8182483349325,12.5374674078705));
#4257=CARTESIAN_POINT('Ctrl Pts',(146.026720172469,-61.2276029697486,12.4595518276082));
#4258=CARTESIAN_POINT('Ctrl Pts',(145.036707828647,-60.329768747836,12.3984665995142));
#4259=CARTESIAN_POINT('Ctrl Pts',(144.927322058063,-59.6486580467365,12.3633532315078));
#4260=CARTESIAN_POINT('Ctrl Pts',(144.928419273137,-59.4709951056537,12.3542117235887));
#4261=CARTESIAN_POINT('Ctrl Pts',(144.928733407091,-59.4710803731322,12.8957882764113));
#4262=CARTESIAN_POINT('Ctrl Pts',(144.930833311091,-59.1368242531927,12.8785817974326));
#4263=CARTESIAN_POINT('Ctrl Pts',(145.199097028776,-58.2940718973746,12.8354034583665));
#4264=CARTESIAN_POINT('Ctrl Pts',(146.573557016444,-57.6605286435002,12.766253259213));
#4265=CARTESIAN_POINT('Ctrl Pts',(148.029499581042,-58.5462080211615,12.6883376789506));
#4266=CARTESIAN_POINT('Ctrl Pts',(148.106629064763,-60.2493772915473,12.6104220986883));
#4267=CARTESIAN_POINT('Ctrl Pts',(146.735926355268,-61.2630016192271,12.5325065184259));
#4268=CARTESIAN_POINT('Ctrl Pts',(145.261436866262,-60.737615522536,12.4609619110002));
#4269=CARTESIAN_POINT('Ctrl Pts',(144.930325038949,-59.848816055256,12.415389163662));
#4270=CARTESIAN_POINT('Ctrl Pts',(144.927074186239,-59.4687214370299,12.3957882764113));
#4271=CARTESIAN_POINT('Ctrl Pts',(147.428116152722,-58.6447887010635,13.));
#4272=CARTESIAN_POINT('Ctrl Pts',(147.697442030791,-58.9574910046504,12.9740281399126));
#4273=CARTESIAN_POINT('Ctrl Pts',(147.901767455765,-59.8622906317671,12.9220844197377));
#4274=CARTESIAN_POINT('Ctrl Pts',(146.942502103465,-60.879064022999,12.8441688394753));
#4275=CARTESIAN_POINT('Ctrl Pts',(145.564364316315,-60.6472622380078,12.766253259213));
#4276=CARTESIAN_POINT('Ctrl Pts',(144.987599639442,-59.3753424147254,12.6883376789506));
#4277=CARTESIAN_POINT('Ctrl Pts',(145.721818673161,-58.1866189079933,12.6104220986883));
#4278=CARTESIAN_POINT('Ctrl Pts',(147.11787666084,-58.1332795391466,12.5325065184259));
#4279=CARTESIAN_POINT('Ctrl Pts',(147.940857055953,-59.2621350790749,12.4545909381636));
#4280=CARTESIAN_POINT('Ctrl Pts',(147.462901606133,-60.5748995589904,12.3766753579012));
#4281=CARTESIAN_POINT('Ctrl Pts',(146.106728877568,-60.9103687331479,12.2987597776389));
#4282=CARTESIAN_POINT('Ctrl Pts',(145.071868815671,-59.9718624768785,12.2208441973765));
#4283=CARTESIAN_POINT('Ctrl Pts',(145.273635879636,-58.5894596102839,12.1429286171142));
#4284=CARTESIAN_POINT('Ctrl Pts',(146.533572489578,-57.9858860612223,12.0650130368518));
#4285=CARTESIAN_POINT('Ctrl Pts',(147.737279632423,-58.6949909129185,11.9870974565895));
#4286=CARTESIAN_POINT('Ctrl Pts',(147.820094460721,-60.0895819121971,11.9091818763271));
#4287=CARTESIAN_POINT('Ctrl Pts',(146.708768036429,-60.9361604122982,11.8312662960648));
#4288=CARTESIAN_POINT('Ctrl Pts',(145.386254402568,-60.4859390438871,11.7533507158024));
#4289=CARTESIAN_POINT('Ctrl Pts',(145.022299770428,-59.1371326157289,11.6754351355401));
#4290=CARTESIAN_POINT('Ctrl Pts',(145.938817351955,-58.0827431302983,11.5975195552777));
#4291=CARTESIAN_POINT('Ctrl Pts',(147.325159142282,-58.2553644635242,11.5196039750154));
#4292=CARTESIAN_POINT('Ctrl Pts',(147.955123681772,-59.5023152898516,11.441688394753));
#4293=CARTESIAN_POINT('Ctrl Pts',(147.271515467586,-60.7206836552206,11.3637728144906));
#4294=CARTESIAN_POINT('Ctrl Pts',(145.878977116489,-60.8328384394395,11.2858572342283));
#4295=CARTESIAN_POINT('Ctrl Pts',(145.009190957586,-59.7395801762193,11.2079416539659));
#4296=CARTESIAN_POINT('Ctrl Pts',(145.431471442581,-58.4078817230565,11.1300260737036));
#4297=CARTESIAN_POINT('Ctrl Pts',(146.772317352922,-58.0156131979642,11.0521104934412));
#4298=CARTESIAN_POINT('Ctrl Pts',(147.845766834268,-58.9097310802545,10.9741949131789));
#4299=CARTESIAN_POINT('Ctrl Pts',(147.702369600579,-60.299399574382,10.8962793329165));
#4300=CARTESIAN_POINT('Ctrl Pts',(146.468954500773,-60.9554748941742,10.8183637526542));
#4301=CARTESIAN_POINT('Ctrl Pts',(145.236470150719,-60.2976666640361,10.7404481723919));
#4302=CARTESIAN_POINT('Ctrl Pts',(145.095014253139,-58.9077982294152,10.6625325921295));
#4303=CARTESIAN_POINT('Ctrl Pts',(146.169742799061,-58.0151893876931,10.5846170118671));
#4304=CARTESIAN_POINT('Ctrl Pts',(147.50998694107,-58.4093431655201,10.5067014316048));
#4305=CARTESIAN_POINT('Ctrl Pts',(147.930499452352,-59.74163150559,10.4287858513425));
#4306=CARTESIAN_POINT('Ctrl Pts',(147.058955844133,-60.8336722117477,10.3508702710801));
#4307=CARTESIAN_POINT('Ctrl Pts',(145.667045407766,-60.7195544371548,10.2729546908177));
#4308=CARTESIAN_POINT('Ctrl Pts',(144.984132352168,-59.5002818727174,10.1950391105554));
#4309=CARTESIAN_POINT('Ctrl Pts',(145.61791345593,-58.2543526380671,10.117123530293));
#4310=CARTESIAN_POINT('Ctrl Pts',(146.538622177631,-58.1416286641143,10.0651798101181));
#4311=CARTESIAN_POINT('Ctrl Pts',(146.923824608015,-58.2897443178869,10.0392079500307));
#4312=CARTESIAN_POINT('Ctrl Pts',(147.498456299957,-58.5842057705894,13.0535973499898));
#4313=CARTESIAN_POINT('Ctrl Pts',(147.787554751385,-58.9198651300741,13.0276254899023));
#4314=CARTESIAN_POINT('Ctrl Pts',(148.006880738072,-59.8910906689219,12.9756817697274));
#4315=CARTESIAN_POINT('Ctrl Pts',(146.97719086999,-60.9825105316073,12.8977661894651));
#4316=CARTESIAN_POINT('Ctrl Pts',(145.497877025447,-60.7336910065026,12.8198506092027));
#4317=CARTESIAN_POINT('Ctrl Pts',(144.878769139794,-59.3683931231743,12.7419350289404));
#4318=CARTESIAN_POINT('Ctrl Pts',(145.666890902099,-58.0923994183073,12.664019448678));
#4319=CARTESIAN_POINT('Ctrl Pts',(147.165440559626,-58.0351441369198,12.5861038684157));
#4320=CARTESIAN_POINT('Ctrl Pts',(148.048840103292,-59.2468746650831,12.5081882881533));
#4321=CARTESIAN_POINT('Ctrl Pts',(147.535795529241,-60.6560158176378,12.430272707891));
#4322=CARTESIAN_POINT('Ctrl Pts',(146.080059309201,-61.0161134786814,12.3523571276286));
#4323=CARTESIAN_POINT('Ctrl Pts',(144.969224941983,-60.0087067367469,12.2744415473663));
#4324=CARTESIAN_POINT('Ctrl Pts',(145.185804745453,-58.5248146917295,12.1965259671039));
#4325=CARTESIAN_POINT('Ctrl Pts',(146.538239667211,-57.8769297591399,12.1186103868416));
#4326=CARTESIAN_POINT('Ctrl Pts',(147.830317032616,-58.6380935804413,12.0406948065792));
#4327=CARTESIAN_POINT('Ctrl Pts',(147.919211715844,-60.1350685505383,11.9627792263169));
#4328=CARTESIAN_POINT('Ctrl Pts',(146.726297204254,-61.0437986552994,11.8848636460545));
#4329=CARTESIAN_POINT('Ctrl Pts',(145.30669116311,-60.5605242616867,11.8069480657922));
#4330=CARTESIAN_POINT('Ctrl Pts',(144.916016782702,-59.1126951393827,11.7290324855298));
#4331=CARTESIAN_POINT('Ctrl Pts',(145.899820550194,-57.9808975949847,11.6511169052675));
#4332=CARTESIAN_POINT('Ctrl Pts',(147.387940695235,-58.1661919323765,11.5732013250051));
#4333=CARTESIAN_POINT('Ctrl Pts',(148.064154114189,-59.5046877185385,11.4952857447428));
#4334=CARTESIAN_POINT('Ctrl Pts',(147.330358767368,-60.8125026608827,11.4173701644804));
#4335=CARTESIAN_POINT('Ctrl Pts',(145.835587140726,-60.9328912944241,11.3394545842181));
#4336=CARTESIAN_POINT('Ctrl Pts',(144.901945585683,-59.7593714188915,11.2615390039557));
#4337=CARTESIAN_POINT('Ctrl Pts',(145.35522781447,-58.329906254458,11.1836234236934));
#4338=CARTESIAN_POINT('Ctrl Pts',(146.794511997126,-57.9088393151734,11.105707843431));
#4339=CARTESIAN_POINT('Ctrl Pts',(147.946768828032,-58.8685989083422,11.0277922631687));
#4340=CARTESIAN_POINT('Ctrl Pts',(147.792844078966,-60.3602899873161,10.9498766829063));
#4341=CARTESIAN_POINT('Ctrl Pts',(146.468877745393,-61.0645311108679,10.871961102644));
#4342=CARTESIAN_POINT('Ctrl Pts',(145.145910492613,-60.3584298552669,10.7940455223816));
#4343=CARTESIAN_POINT('Ctrl Pts',(144.994069602948,-58.866524157158,10.7161299421193));
#4344=CARTESIAN_POINT('Ctrl Pts',(146.147699401021,-57.9083843908492,10.6382143618569));
#4345=CARTESIAN_POINT('Ctrl Pts',(147.586337636493,-58.331474988796,10.5602987815946));
#4346=CARTESIAN_POINT('Ctrl Pts',(148.037722095684,-59.7615733467148,10.4823832013322));
#4347=CARTESIAN_POINT('Ctrl Pts',(147.102194068093,-60.9337862781697,10.4044676210699));
#4348=CARTESIAN_POINT('Ctrl Pts',(145.608096454573,-60.8112905412138,10.3265520408075));
#4349=CARTESIAN_POINT('Ctrl Pts',(144.875047301444,-59.5025050179795,10.2486364605452));
#4350=CARTESIAN_POINT('Ctrl Pts',(145.555357477935,-58.1651058237009,10.1707208802828));
#4351=CARTESIAN_POINT('Ctrl Pts',(146.543660078375,-58.0441062133316,10.1187771601079));
#4352=CARTESIAN_POINT('Ctrl Pts',(146.957142165239,-58.2030957855372,10.0928053000205));
#4353=CARTESIAN_POINT('Ctrl Pts',(147.568796447191,-58.5236228401152,13.1071946999795));
#4354=CARTESIAN_POINT('Ctrl Pts',(147.87766747198,-58.8822392554979,13.0812228398921));
#4355=CARTESIAN_POINT('Ctrl Pts',(148.111994020379,-59.9198907060769,13.0292791197172));
#4356=CARTESIAN_POINT('Ctrl Pts',(147.011879636516,-61.0859570402155,12.9513635394548));
#4357=CARTESIAN_POINT('Ctrl Pts',(145.43138973458,-60.8201197749975,12.8734479591925));
#4358=CARTESIAN_POINT('Ctrl Pts',(144.769938640146,-59.3614438316232,12.7955323789301));
#4359=CARTESIAN_POINT('Ctrl Pts',(145.611963131037,-57.9981799286213,12.7176167986678));
#4360=CARTESIAN_POINT('Ctrl Pts',(147.213004458412,-57.9370087346929,12.6397012184054));
#4361=CARTESIAN_POINT('Ctrl Pts',(148.156823150632,-59.2316142510914,12.5617856381431));
#4362=CARTESIAN_POINT('Ctrl Pts',(147.608689452348,-60.7371320762852,12.4838700578807));
#4363=CARTESIAN_POINT('Ctrl Pts',(146.053389740835,-61.121858224215,12.4059544776184));
#4364=CARTESIAN_POINT('Ctrl Pts',(144.866581068295,-60.0455509966153,12.328038897356));
#4365=CARTESIAN_POINT('Ctrl Pts',(145.097973611271,-58.4601697731752,12.2501233170937));
#4366=CARTESIAN_POINT('Ctrl Pts',(146.542906844843,-57.7679734570575,12.1722077368313));
#4367=CARTESIAN_POINT('Ctrl Pts',(147.923354432808,-58.5811962479642,12.094292156569));
#4368=CARTESIAN_POINT('Ctrl Pts',(148.018328970968,-60.1805551888793,12.0163765763066));
#4369=CARTESIAN_POINT('Ctrl Pts',(146.743826372079,-61.1514368983006,11.9384609960443));
#4370=CARTESIAN_POINT('Ctrl Pts',(145.227127923652,-60.6351094794862,11.8605454157819));
#4371=CARTESIAN_POINT('Ctrl Pts',(144.809733794977,-59.0882576630364,11.7826298355196));
#4372=CARTESIAN_POINT('Ctrl Pts',(145.860823748433,-57.8790520596712,11.7047142552572));
#4373=CARTESIAN_POINT('Ctrl Pts',(147.450722248188,-58.0770194012289,11.6267986749949));
#4374=CARTESIAN_POINT('Ctrl Pts',(148.173184546606,-59.5070601472254,11.5488830947325));
#4375=CARTESIAN_POINT('Ctrl Pts',(147.38920206715,-60.9043216665447,11.4709675144702));
#4376=CARTESIAN_POINT('Ctrl Pts',(145.792197164963,-61.0329441494086,11.3930519342078));
#4377=CARTESIAN_POINT('Ctrl Pts',(144.79470021378,-59.7791626615637,11.3151363539455));
#4378=CARTESIAN_POINT('Ctrl Pts',(145.278984186358,-58.2519307858593,11.2372207736831));
#4379=CARTESIAN_POINT('Ctrl Pts',(146.81670664133,-57.8020654323826,11.1593051934208));
#4380=CARTESIAN_POINT('Ctrl Pts',(148.047770821796,-58.82746673643,11.0813896131584));
#4381=CARTESIAN_POINT('Ctrl Pts',(147.883318557353,-60.4211804002502,11.0034740328961));
#4382=CARTESIAN_POINT('Ctrl Pts',(146.468800990012,-61.1735873275616,10.9255584526337));
#4383=CARTESIAN_POINT('Ctrl Pts',(145.055350834507,-60.4191930464977,10.8476428723714));
#4384=CARTESIAN_POINT('Ctrl Pts',(144.893124952756,-58.8252500849007,10.769727292109));
#4385=CARTESIAN_POINT('Ctrl Pts',(146.125656002983,-57.8015793940052,10.6918117118467));
#4386=CARTESIAN_POINT('Ctrl Pts',(147.662688331917,-58.253606812072,10.6138961315843));
#4387=CARTESIAN_POINT('Ctrl Pts',(148.144944739016,-59.7815151878395,10.535980551322));
#4388=CARTESIAN_POINT('Ctrl Pts',(147.145432292053,-61.0339003445917,10.4580649710596));
#4389=CARTESIAN_POINT('Ctrl Pts',(145.54914750138,-60.9030266452727,10.3801493907973));
#4390=CARTESIAN_POINT('Ctrl Pts',(144.76596225072,-59.5047281632416,10.3022338105349));
#4391=CARTESIAN_POINT('Ctrl Pts',(145.49280149994,-58.0758590093347,10.2243182302726));
#4392=CARTESIAN_POINT('Ctrl Pts',(146.548697979118,-57.9465837625489,10.1723745100977));
#4393=CARTESIAN_POINT('Ctrl Pts',(146.990459722464,-58.1164472531875,10.1464026500102));
#4394=CARTESIAN_POINT('Ctrl Pts',(147.639136594425,-58.463039909641,13.1607920499693));
#4395=CARTESIAN_POINT('Ctrl Pts',(147.967780192574,-58.8446133809217,13.1348201898819));
#4396=CARTESIAN_POINT('Ctrl Pts',(148.217107302685,-59.9486907432318,13.082876469707));
#4397=CARTESIAN_POINT('Ctrl Pts',(147.046568403042,-61.1894035488237,13.0049608894446));
#4398=CARTESIAN_POINT('Ctrl Pts',(145.364902443712,-60.9065485434923,12.9270453091823));
#4399=CARTESIAN_POINT('Ctrl Pts',(144.661108140498,-59.3544945400722,12.8491297289199));
#4400=CARTESIAN_POINT('Ctrl Pts',(145.557035359975,-57.9039604389353,12.7712141486576));
#4401=CARTESIAN_POINT('Ctrl Pts',(147.260568357198,-57.838873332466,12.6932985683952));
#4402=CARTESIAN_POINT('Ctrl Pts',(148.264806197971,-59.2163538370996,12.6153829881329));
#4403=CARTESIAN_POINT('Ctrl Pts',(147.681583375456,-60.8182483349325,12.5374674078705));
#4404=CARTESIAN_POINT('Ctrl Pts',(146.026720172469,-61.2276029697486,12.4595518276082));
#4405=CARTESIAN_POINT('Ctrl Pts',(144.763937194607,-60.0823952564837,12.3816362473458));
#4406=CARTESIAN_POINT('Ctrl Pts',(145.010142477088,-58.3955248546208,12.3037206670835));
#4407=CARTESIAN_POINT('Ctrl Pts',(146.547574022475,-57.6590171549751,12.2258050868211));
#4408=CARTESIAN_POINT('Ctrl Pts',(148.016391833,-58.5242989154869,12.1478895065588));
#4409=CARTESIAN_POINT('Ctrl Pts',(148.117446226091,-60.2260418272204,12.0699739262964));
#4410=CARTESIAN_POINT('Ctrl Pts',(146.761355539904,-61.2590751413018,11.9920583460341));
#4411=CARTESIAN_POINT('Ctrl Pts',(145.147564684193,-60.7096946972857,11.9141427657717));
#4412=CARTESIAN_POINT('Ctrl Pts',(144.703450807252,-59.0638201866902,11.8362271855094));
#4413=CARTESIAN_POINT('Ctrl Pts',(145.821826946671,-57.7772065243576,11.758311605247));
#4414=CARTESIAN_POINT('Ctrl Pts',(147.51350380114,-57.9878468700813,11.6803960249847));
#4415=CARTESIAN_POINT('Ctrl Pts',(148.282214979023,-59.5094325759122,11.6024804447223));
#4416=CARTESIAN_POINT('Ctrl Pts',(147.448045366932,-60.9961406722068,11.52456486446));
#4417=CARTESIAN_POINT('Ctrl Pts',(145.7488071892,-61.1329970043931,11.4466492841976));
#4418=CARTESIAN_POINT('Ctrl Pts',(144.687454841878,-59.798953904236,11.3687337039353));
#4419=CARTESIAN_POINT('Ctrl Pts',(145.202740558247,-58.1739553172608,11.2908181236729));
#4420=CARTESIAN_POINT('Ctrl Pts',(146.838901285534,-57.6952915495917,11.2129025434106));
#4421=CARTESIAN_POINT('Ctrl Pts',(148.14877281556,-58.7863345645177,11.1349869631482));
#4422=CARTESIAN_POINT('Ctrl Pts',(147.97379303574,-60.4820708131843,11.0570713828859));
#4423=CARTESIAN_POINT('Ctrl Pts',(146.468724234632,-61.2826435442553,10.9791558026235));
#4424=CARTESIAN_POINT('Ctrl Pts',(144.964791176402,-60.4799562377285,10.9012402223612));
#4425=CARTESIAN_POINT('Ctrl Pts',(144.792180302565,-58.7839760126435,10.8233246420988));
#4426=CARTESIAN_POINT('Ctrl Pts',(146.103612604943,-57.6947743971613,10.7454090618365));
#4427=CARTESIAN_POINT('Ctrl Pts',(147.73903902734,-58.175738635348,10.6674934815741));
#4428=CARTESIAN_POINT('Ctrl Pts',(148.252167382348,-59.8014570289643,10.5895779013118));
#4429=CARTESIAN_POINT('Ctrl Pts',(147.188670516013,-61.1340144110137,10.5116623210494));
#4430=CARTESIAN_POINT('Ctrl Pts',(145.490198548187,-60.9947627493316,10.4337467407871));
#4431=CARTESIAN_POINT('Ctrl Pts',(144.656877199996,-59.5069513085037,10.3558311605247));
#4432=CARTESIAN_POINT('Ctrl Pts',(145.430245521945,-57.9866121949684,10.2779155802624));
#4433=CARTESIAN_POINT('Ctrl Pts',(146.553735879862,-57.8490613117662,10.2259718600875));
#4434=CARTESIAN_POINT('Ctrl Pts',(147.023777279689,-58.0297987208378,10.2));
#4435=CARTESIAN_POINT('Ctrl Pts',(147.023777279689,-58.0297987208378,10.2));
#4436=CARTESIAN_POINT('Ctrl Pts',(146.965396213886,-58.0131376922418,10.2));
#4437=CARTESIAN_POINT('Ctrl Pts',(146.906165931307,-58.0002631027406,10.2));
#4438=CARTESIAN_POINT('Ctrl Pts',(146.846416410408,-57.9910517082129,10.2));
#4439=CARTESIAN_POINT('Ctrl Pts',(146.786594969751,-57.9818292260438,10.2));
#4440=CARTESIAN_POINT('Ctrl Pts',(146.726251890307,-57.9762791198841,10.2));
#4441=CARTESIAN_POINT('Ctrl Pts',(146.665717778575,-57.974332464424,10.2));
#4442=CARTESIAN_POINT('Ctrl Pts',(146.620380874266,-57.9728745206334,10.2));
#4443=CARTESIAN_POINT('Ctrl Pts',(146.574936706508,-57.973438988483,10.2));
#4444=CARTESIAN_POINT('Ctrl Pts',(146.529529740655,-57.9760152266225,10.2));
#4445=CARTESIAN_POINT('Ctrl Pts',(146.50654259677,-57.9773194396586,10.2));
#4446=CARTESIAN_POINT('Ctrl Pts',(146.48356509409,-57.9791394810606,10.2));
#4447=CARTESIAN_POINT('Ctrl Pts',(146.460616809867,-57.9814753911475,10.2));
#4448=CARTESIAN_POINT('Ctrl Pts',(146.446785939599,-57.9828832379851,10.2));
#4449=CARTESIAN_POINT('Ctrl Pts',(146.432961312749,-57.984479193311,10.2));
#4450=CARTESIAN_POINT('Ctrl Pts',(146.419175611072,-57.9862593597637,10.2));
#4451=CARTESIAN_POINT('Ctrl Pts',(146.360459799318,-57.9938414125879,10.2));
#4452=CARTESIAN_POINT('Ctrl Pts',(146.302356463121,-58.0047684056468,10.2));
#4453=CARTESIAN_POINT('Ctrl Pts',(146.245175005264,-58.018968892984,10.2));
#4454=CARTESIAN_POINT('Ctrl Pts',(146.1891387045,-58.0328849911259,10.2));
#4455=CARTESIAN_POINT('Ctrl Pts',(146.133986812684,-58.0499452764483,10.2));
#4456=CARTESIAN_POINT('Ctrl Pts',(146.080031794513,-58.07012650679,10.2));
#4457=CARTESIAN_POINT('Ctrl Pts',(146.041736156619,-58.0844505329068,10.2));
#4458=CARTESIAN_POINT('Ctrl Pts',(146.004043887181,-58.1003477208072,10.2));
#4459=CARTESIAN_POINT('Ctrl Pts',(145.967077140991,-58.1178216983534,10.2));
#4460=CARTESIAN_POINT('Ctrl Pts',(145.947131393195,-58.1272499436022,10.2));
#4461=CARTESIAN_POINT('Ctrl Pts',(145.927397032085,-58.1371373938623,10.2));
#4462=CARTESIAN_POINT('Ctrl Pts',(145.907894592908,-58.147485716208,10.2));
#4463=CARTESIAN_POINT('Ctrl Pts',(145.899090661762,-58.1521572301953,10.2));
#4464=CARTESIAN_POINT('Ctrl Pts',(145.890336171653,-58.1569216126634,10.2));
#4465=CARTESIAN_POINT('Ctrl Pts',(145.881642387273,-58.1617734320557,10.2));
#4466=CARTESIAN_POINT('Ctrl Pts',(145.832888629184,-58.1889818856602,10.2));
#4467=CARTESIAN_POINT('Ctrl Pts',(145.785954732135,-58.2189825002317,10.2));
#4468=CARTESIAN_POINT('Ctrl Pts',(145.741125451863,-58.2517462484469,10.2));
#4469=CARTESIAN_POINT('Ctrl Pts',(145.713197564507,-58.2721575123347,10.2));
#4470=CARTESIAN_POINT('Ctrl Pts',(145.686087051549,-58.293641976986,10.2));
#4471=CARTESIAN_POINT('Ctrl Pts',(145.65987003851,-58.3161999260022,10.2));
#4472=CARTESIAN_POINT('Ctrl Pts',(145.618488981905,-58.3518054987545,10.2));
#4473=CARTESIAN_POINT('Ctrl Pts',(145.57933192538,-58.3900850723609,10.2));
#4474=CARTESIAN_POINT('Ctrl Pts',(145.54253524138,-58.4307624536422,10.2));
#4475=CARTESIAN_POINT('Ctrl Pts',(145.530892838977,-58.4436327014494,10.2));
#4476=CARTESIAN_POINT('Ctrl Pts',(145.51948703822,-58.4567431100097,10.2));
#4477=CARTESIAN_POINT('Ctrl Pts',(145.508323044101,-58.4700851907999,10.2));
#4478=CARTESIAN_POINT('Ctrl Pts',(145.500994752467,-58.4788432264998,10.2));
#4479=CARTESIAN_POINT('Ctrl Pts',(145.49377066179,-58.4877010892544,10.2));
#4480=CARTESIAN_POINT('Ctrl Pts',(145.48665234937,-58.4966563904805,10.2));
#4481=CARTESIAN_POINT('Ctrl Pts',(145.480714164872,-58.5041270138213,10.2));
#4482=CARTESIAN_POINT('Ctrl Pts',(145.474855629445,-58.5116578516612,10.2));
#4483=CARTESIAN_POINT('Ctrl Pts',(145.469077203333,-58.5192471784374,10.2));
#4484=CARTESIAN_POINT('Ctrl Pts',(145.435329841384,-58.5635706244274,10.2));
#4485=CARTESIAN_POINT('Ctrl Pts',(145.404310553009,-58.6098876140085,10.2));
#4486=CARTESIAN_POINT('Ctrl Pts',(145.376127930491,-58.657883942251,10.2));
#4487=CARTESIAN_POINT('Ctrl Pts',(145.348019807425,-58.7057533944303,10.2));
#4488=CARTESIAN_POINT('Ctrl Pts',(145.322733073605,-58.755294497986,10.2));
#4489=CARTESIAN_POINT('Ctrl Pts',(145.300424346943,-58.8062111454029,10.2));
#4490=CARTESIAN_POINT('Ctrl Pts',(145.286909078914,-58.8370579143548,10.2));
#4491=CARTESIAN_POINT('Ctrl Pts',(145.274487790769,-58.868409769587,10.2));
#4492=CARTESIAN_POINT('Ctrl Pts',(145.263204776263,-58.9002009329807,10.2));
#4493=CARTESIAN_POINT('Ctrl Pts',(145.256810525531,-58.9182174541604,10.2));
#4494=CARTESIAN_POINT('Ctrl Pts',(145.25078198247,-58.9363750542797,10.2));
#4495=CARTESIAN_POINT('Ctrl Pts',(145.245128286544,-58.9546615580379,10.2));
#4496=CARTESIAN_POINT('Ctrl Pts',(145.241865862468,-58.9652136519081,10.2));
#4497=CARTESIAN_POINT('Ctrl Pts',(145.238729400237,-58.9758052687235,10.2));
#4498=CARTESIAN_POINT('Ctrl Pts',(145.235722941238,-58.9864245911853,10.2));
#4499=CARTESIAN_POINT('Ctrl Pts',(145.221139274746,-59.0379365716346,10.2));
#4500=CARTESIAN_POINT('Ctrl Pts',(145.20959028429,-59.0901655809097,10.2));
#4501=CARTESIAN_POINT('Ctrl Pts',(145.201231661954,-59.1428370670244,10.2));
#4502=CARTESIAN_POINT('Ctrl Pts',(145.196283860732,-59.174015415904,10.2));
#4503=CARTESIAN_POINT('Ctrl Pts',(145.192454880311,-59.2053488100031,10.2));
#4504=CARTESIAN_POINT('Ctrl Pts',(145.189785561049,-59.2367788017186,10.2));
#4505=CARTESIAN_POINT('Ctrl Pts',(145.188714222979,-59.2493933087717,10.2));
#4506=CARTESIAN_POINT('Ctrl Pts',(145.187829642203,-59.2620256174197,10.2));
#4507=CARTESIAN_POINT('Ctrl Pts',(145.187135145278,-59.2746645389975,10.2));
#4508=CARTESIAN_POINT('Ctrl Pts',(145.184313018535,-59.3260234972643,10.2));
#4509=CARTESIAN_POINT('Ctrl Pts',(145.184630117533,-59.3773918597936,10.2));
#4510=CARTESIAN_POINT('Ctrl Pts',(145.188245640417,-59.4285154361621,10.2));
#4511=CARTESIAN_POINT('Ctrl Pts',(145.189840769388,-59.4510705963338,10.2));
#4512=CARTESIAN_POINT('Ctrl Pts',(145.192078571909,-59.4735779588209,10.2));
#4513=CARTESIAN_POINT('Ctrl Pts',(145.194975828771,-59.4960146757981,10.2));
#4514=CARTESIAN_POINT('Ctrl Pts',(145.198355977012,-59.5221909635856,10.2));
#4515=CARTESIAN_POINT('Ctrl Pts',(145.202633730222,-59.5482711557531,10.2));
#4516=CARTESIAN_POINT('Ctrl Pts',(145.2077882112,-59.5742184373027,10.2));
#4517=CARTESIAN_POINT('Ctrl Pts',(147.428116152722,-58.6447887010635,13.));
#4518=CARTESIAN_POINT('Ctrl Pts',(147.465298948568,-58.6795124907925,13.));
#4519=CARTESIAN_POINT('Ctrl Pts',(147.500101312443,-58.7165480518862,13.));
#4520=CARTESIAN_POINT('Ctrl Pts',(147.532508321145,-58.7555821703261,13.));
#4521=CARTESIAN_POINT('Ctrl Pts',(147.553368473666,-58.7807081445148,13.));
#4522=CARTESIAN_POINT('Ctrl Pts',(147.573235686375,-58.8066632218488,13.));
#4523=CARTESIAN_POINT('Ctrl Pts',(147.59210014838,-58.8333730910639,13.));
#4524=CARTESIAN_POINT('Ctrl Pts',(147.600690634011,-58.845536212791,13.));
#4525=CARTESIAN_POINT('Ctrl Pts',(147.609073110901,-58.8578559446396,13.));
#4526=CARTESIAN_POINT('Ctrl Pts',(147.617246293659,-58.8703256808858,13.));
#4527=CARTESIAN_POINT('Ctrl Pts',(147.624025336797,-58.8806683934434,13.));
#4528=CARTESIAN_POINT('Ctrl Pts',(147.630660081862,-58.891114071547,13.));
#4529=CARTESIAN_POINT('Ctrl Pts',(147.637142713119,-58.9016469475396,13.));
#4530=CARTESIAN_POINT('Ctrl Pts',(147.66527530323,-58.9473563317749,13.));
#4531=CARTESIAN_POINT('Ctrl Pts',(147.690582697084,-58.9947597840966,13.));
#4532=CARTESIAN_POINT('Ctrl Pts',(147.713027936123,-59.0435315047649,13.));
#4533=CARTESIAN_POINT('Ctrl Pts',(147.728245829364,-59.0765987773846,13.));
#4534=CARTESIAN_POINT('Ctrl Pts',(147.742147386899,-59.1102960118736,13.));
#4535=CARTESIAN_POINT('Ctrl Pts',(147.754711338452,-59.1445309245777,13.));
#4536=CARTESIAN_POINT('Ctrl Pts',(147.759621634976,-59.1579107575189,13.));
#4537=CARTESIAN_POINT('Ctrl Pts',(147.764328489353,-59.1713761840706,13.));
#4538=CARTESIAN_POINT('Ctrl Pts',(147.768822437331,-59.184896844676,13.));
#4539=CARTESIAN_POINT('Ctrl Pts',(147.786397754431,-59.2377746035432,13.));
#4540=CARTESIAN_POINT('Ctrl Pts',(147.800747769702,-59.2915656811976,13.));
#4541=CARTESIAN_POINT('Ctrl Pts',(147.811835416961,-59.3459280249855,13.));
#4542=CARTESIAN_POINT('Ctrl Pts',(147.822948017727,-59.400412714939,13.));
#4543=CARTESIAN_POINT('Ctrl Pts',(147.830784052408,-59.4554723102773,13.));
#4544=CARTESIAN_POINT('Ctrl Pts',(147.835262764694,-59.5107922860016,13.));
#4545=CARTESIAN_POINT('Ctrl Pts',(147.837556621236,-59.5391254496742,13.));
#4546=CARTESIAN_POINT('Ctrl Pts',(147.838969049372,-59.5675272975165,13.));
#4547=CARTESIAN_POINT('Ctrl Pts',(147.839484136625,-59.5959571901024,13.));
#4548=CARTESIAN_POINT('Ctrl Pts',(147.839930653702,-59.6206023981472,13.));
#4549=CARTESIAN_POINT('Ctrl Pts',(147.839702794276,-59.6452687111727,13.));
#4550=CARTESIAN_POINT('Ctrl Pts',(147.838787899828,-59.669929873389,13.));
#4551=CARTESIAN_POINT('Ctrl Pts',(147.838417308049,-59.6799192486668,13.));
#4552=CARTESIAN_POINT('Ctrl Pts',(147.837933861246,-59.6899076375084,13.));
#4553=CARTESIAN_POINT('Ctrl Pts',(147.837337796364,-59.6998790788466,13.));
#4554=CARTESIAN_POINT('Ctrl Pts',(147.834496523578,-59.7474101207501,13.));
#4555=CARTESIAN_POINT('Ctrl Pts',(147.829095805474,-59.7946362954473,13.));
#4556=CARTESIAN_POINT('Ctrl Pts',(147.821099314187,-59.8413648411961,13.));
#4557=CARTESIAN_POINT('Ctrl Pts',(147.811898710578,-59.8951297752425,13.));
#4558=CARTESIAN_POINT('Ctrl Pts',(147.799263552301,-59.9482366358413,13.));
#4559=CARTESIAN_POINT('Ctrl Pts',(147.783442991071,-60.0004856028744,13.));
#4560=CARTESIAN_POINT('Ctrl Pts',(147.768112112902,-60.0511173432069,13.));
#4561=CARTESIAN_POINT('Ctrl Pts',(147.749789351202,-60.1009441391205,13.));
#4562=CARTESIAN_POINT('Ctrl Pts',(147.728657314043,-60.1497812764501,13.));
#4563=CARTESIAN_POINT('Ctrl Pts',(147.721537196918,-60.1662362038773,13.));
#4564=CARTESIAN_POINT('Ctrl Pts',(147.714097817663,-60.1825787122609,13.));
#4565=CARTESIAN_POINT('Ctrl Pts',(147.706345165825,-60.1988014596609,13.));
#4566=CARTESIAN_POINT('Ctrl Pts',(147.702214302618,-60.2074454632555,13.));
#4567=CARTESIAN_POINT('Ctrl Pts',(147.697995975181,-60.2160522260737,13.));
#4568=CARTESIAN_POINT('Ctrl Pts',(147.693695184023,-60.2246131964436,13.));
#4569=CARTESIAN_POINT('Ctrl Pts',(147.667809798717,-60.2761395339135,13.));
#4570=CARTESIAN_POINT('Ctrl Pts',(147.638902998414,-60.3260883464946,13.));
#4571=CARTESIAN_POINT('Ctrl Pts',(147.607250218967,-60.3742414882394,13.));
#4572=CARTESIAN_POINT('Ctrl Pts',(147.574933778277,-60.4234042529772,13.));
#4573=CARTESIAN_POINT('Ctrl Pts',(147.53975460763,-60.4706962164909,13.));
#4574=CARTESIAN_POINT('Ctrl Pts',(147.501952370827,-60.5158751826305,13.));
#4575=CARTESIAN_POINT('Ctrl Pts',(147.465118223239,-60.559897146604,13.));
#4576=CARTESIAN_POINT('Ctrl Pts',(147.425792908089,-60.601913753549,13.));
#4577=CARTESIAN_POINT('Ctrl Pts',(147.38415689379,-60.6416786113157,13.));
#4578=CARTESIAN_POINT('Ctrl Pts',(147.37318836645,-60.6521542040673,13.));
#4579=CARTESIAN_POINT('Ctrl Pts',(147.362054637067,-60.6624773346668,13.));
#4580=CARTESIAN_POINT('Ctrl Pts',(147.350784450088,-60.6726205052658,13.));
#4581=CARTESIAN_POINT('Ctrl Pts',(147.305601127424,-60.7132855049567,13.));
#4582=CARTESIAN_POINT('Ctrl Pts',(147.258169295069,-60.75111999152,13.));
#4583=CARTESIAN_POINT('Ctrl Pts',(147.208750654236,-60.7858780899447,13.));
#4584=CARTESIAN_POINT('Ctrl Pts',(147.15973230341,-60.8203546484638,13.));
#4585=CARTESIAN_POINT('Ctrl Pts',(147.108758492818,-60.8518053942661,13.));
#4586=CARTESIAN_POINT('Ctrl Pts',(147.056042776982,-60.8799624672037,13.));
#4587=CARTESIAN_POINT('Ctrl Pts',(147.024199215279,-60.896971085511,13.));
#4588=CARTESIAN_POINT('Ctrl Pts',(146.991719286406,-60.9127772725094,13.));
#4589=CARTESIAN_POINT('Ctrl Pts',(146.958644206141,-60.927314778429,13.));
#4590=CARTESIAN_POINT('Ctrl Pts',(146.929415271485,-60.940161786121,13.));
#4591=CARTESIAN_POINT('Ctrl Pts',(146.899721456666,-60.9520179383303,13.));
#4592=CARTESIAN_POINT('Ctrl Pts',(146.869608568109,-60.9628917756791,13.));
#4593=CARTESIAN_POINT('Ctrl Pts',(145.206989173829,-59.4693893263318,10.6934196736194));
#4594=CARTESIAN_POINT('Ctrl Pts',(145.208125170518,-59.7192261382379,10.7090958398769));
#4595=CARTESIAN_POINT('Ctrl Pts',(145.280093791501,-59.9696662508156,10.7247720061344));
#4596=CARTESIAN_POINT('Ctrl Pts',(145.418308226131,-60.1756566299556,10.7404481723919));
#4597=CARTESIAN_POINT('Ctrl Pts',(145.647298267404,-60.5169360740822,10.7664200324793));
#4598=CARTESIAN_POINT('Ctrl Pts',(146.058126384088,-60.7362054841282,10.7923918925668));
#4599=CARTESIAN_POINT('Ctrl Pts',(146.469109625732,-60.7364943025192,10.8183637526542));
#4600=CARTESIAN_POINT('Ctrl Pts',(146.880092867375,-60.7367831209102,10.8443356127417));
#4601=CARTESIAN_POINT('Ctrl Pts',(147.291231233977,-60.5180913476461,10.8703074728291));
#4602=CARTESIAN_POINT('Ctrl Pts',(147.520699956226,-60.1771340453261,10.8962793329166));
#4603=CARTESIAN_POINT('Ctrl Pts',(147.750168678475,-59.8361767430062,10.922251193004));
#4604=CARTESIAN_POINT('Ctrl Pts',(147.797967756372,-59.3729539116303,10.9482230530915));
#4605=CARTESIAN_POINT('Ctrl Pts',(147.642959048429,-58.992322848894,10.9741949131789));
#4606=CARTESIAN_POINT('Ctrl Pts',(147.487950340486,-58.6116917861577,11.0001667732664));
#4607=CARTESIAN_POINT('Ctrl Pts',(147.130133846704,-58.313652492061,11.0261386333538));
#4608=CARTESIAN_POINT('Ctrl Pts',(146.727751281423,-58.230010932528,11.0521104934413));
#4609=CARTESIAN_POINT('Ctrl Pts',(146.325368716142,-58.146369372995,11.0780823535287));
#4610=CARTESIAN_POINT('Ctrl Pts',(145.878420079361,-58.2771255480257,11.1040542136162));
#4611=CARTESIAN_POINT('Ctrl Pts',(145.584565680139,-58.5644533777349,11.1300260737036));
#4612=CARTESIAN_POINT('Ctrl Pts',(145.345480144805,-58.7982287718209,11.1511572736756));
#4613=CARTESIAN_POINT('Ctrl Pts',(145.207739312597,-59.1356508355289,11.1722884736475));
#4614=CARTESIAN_POINT('Ctrl Pts',(145.204870908734,-59.470986833059,11.1934196736194));
#4615=CARTESIAN_POINT('Ctrl Pts',(146.071486158143,-60.9606494282185,13.));
#4616=CARTESIAN_POINT('Ctrl Pts',(145.584979894033,-60.8305856608914,12.9740281399126));
#4617=CARTESIAN_POINT('Ctrl Pts',(144.756907299094,-60.058935132468,12.9220844197377));
#4618=CARTESIAN_POINT('Ctrl Pts',(145.024872431332,-58.37437894113,12.8441688394753));
#4619=CARTESIAN_POINT('Ctrl Pts',(146.573557016444,-57.6605286435002,12.766253259213));
#4620=CARTESIAN_POINT('Ctrl Pts',(148.029499581042,-58.5462080211615,12.6883376789506));
#4621=CARTESIAN_POINT('Ctrl Pts',(148.106629064763,-60.2493772915473,12.6104220986883));
#4622=CARTESIAN_POINT('Ctrl Pts',(146.735926355268,-61.2630016192271,12.5325065184259));
#4623=CARTESIAN_POINT('Ctrl Pts',(145.130135111728,-60.6908304373809,12.4545909381635));
#4624=CARTESIAN_POINT('Ctrl Pts',(144.709380781511,-59.0388074365467,12.3766753579012));
#4625=CARTESIAN_POINT('Ctrl Pts',(145.84589794189,-57.7681889038867,12.2987597776388));
#4626=CARTESIAN_POINT('Ctrl Pts',(147.53441289566,-58.0027908701421,12.2208441973765));
#4627=CARTESIAN_POINT('Ctrl Pts',(148.281474198612,-59.5351248743592,12.1429286171141));
#4628=CARTESIAN_POINT('Ctrl Pts',(147.426307159489,-61.0098546695097,12.0650130368518));
#4629=CARTESIAN_POINT('Ctrl Pts',(145.725300046418,-61.1226038292116,11.9870974565895));
#4630=CARTESIAN_POINT('Ctrl Pts',(144.682969843541,-59.7736457257869,11.9091818763271));
#4631=CARTESIAN_POINT('Ctrl Pts',(145.221245080573,-58.1561171067555,11.8312662960647));
#4632=CARTESIAN_POINT('Ctrl Pts',(146.864027825302,-57.7007008805051,11.7533507158024));
#4633=CARTESIAN_POINT('Ctrl Pts',(148.158298096178,-58.8102069840399,11.6754351355401));
#4634=CARTESIAN_POINT('Ctrl Pts',(147.959290419473,-60.5032914879141,11.5975195552777));
#4635=CARTESIAN_POINT('Ctrl Pts',(146.443024560719,-61.2824429931818,11.5196039750153));
#4636=CARTESIAN_POINT('Ctrl Pts',(144.95061813069,-60.4585120068779,11.441688394753));
#4637=CARTESIAN_POINT('Ctrl Pts',(144.802085382111,-58.7602548958237,11.3637728144906));
#4638=CARTESIAN_POINT('Ctrl Pts',(146.128801657813,-57.6897581645612,11.2858572342283));
#4639=CARTESIAN_POINT('Ctrl Pts',(147.75730340862,-58.1938624525117,11.2079416539659));
#4640=CARTESIAN_POINT('Ctrl Pts',(148.247202012563,-59.8266938651326,11.1300260737036));
#4641=CARTESIAN_POINT('Ctrl Pts',(147.165188036928,-61.144034357623,11.0521104934412));
#4642=CARTESIAN_POINT('Ctrl Pts',(145.468289817138,-60.9807125789014,10.9741949131789));
#4643=CARTESIAN_POINT('Ctrl Pts',(144.657390031894,-59.4811859296553,10.8962793329165));
#4644=CARTESIAN_POINT('Ctrl Pts',(145.449723223392,-57.9717634558259,10.8183637526542));
#4645=CARTESIAN_POINT('Ctrl Pts',(147.144472106729,-57.7875161923405,10.7404481723918));
#4646=CARTESIAN_POINT('Ctrl Pts',(148.242671814541,-59.091395064451,10.6625325921295));
#4647=CARTESIAN_POINT('Ctrl Pts',(147.772939076365,-60.7301645285207,10.5846170118671));
#4648=CARTESIAN_POINT('Ctrl Pts',(146.150831085278,-61.2542933718568,10.5067014316048));
#4649=CARTESIAN_POINT('Ctrl Pts',(144.810901321441,-60.2003254295241,10.4287858513424));
#4650=CARTESIAN_POINT('Ctrl Pts',(144.938683548009,-58.5002059562462,10.3508702710801));
#4651=CARTESIAN_POINT('Ctrl Pts',(146.420339346011,-57.658248233037,10.2729546908177));
#4652=CARTESIAN_POINT('Ctrl Pts',(147.947093529456,-58.4178717285414,10.1950391105554));
#4653=CARTESIAN_POINT('Ctrl Pts',(148.164806995276,-60.1096565022853,10.117123530293));
#4654=CARTESIAN_POINT('Ctrl Pts',(147.314136597955,-60.8563215112599,10.0651798101181));
#4655=CARTESIAN_POINT('Ctrl Pts',(146.823975082875,-60.9718490738764,10.0392079500307));
#4656=CARTESIAN_POINT('Ctrl Pts',(146.095462417585,-60.8709657242308,13.0535973499898));
#4657=CARTESIAN_POINT('Ctrl Pts',(145.638226405053,-60.7487271371156,13.0276254899023));
#4658=CARTESIAN_POINT('Ctrl Pts',(144.859974120698,-60.0235023317783,12.9756817697274));
#4659=CARTESIAN_POINT('Ctrl Pts',(145.111817349862,-58.4402960862791,12.8977661894651));
#4660=CARTESIAN_POINT('Ctrl Pts',(146.567326593225,-57.7693940081114,12.8198506092027));
#4661=CARTESIAN_POINT('Ctrl Pts',(147.935673563907,-58.6017872102102,12.7419350289404));
#4662=CARTESIAN_POINT('Ctrl Pts',(148.008162615306,-60.2024866940757,12.664019448678));
#4663=CARTESIAN_POINT('Ctrl Pts',(146.719927113544,-61.155127142892,12.5861038684157));
#4664=CARTESIAN_POINT('Ctrl Pts',(145.210746987162,-60.6173801723538,12.5081882881533));
#4665=CARTESIAN_POINT('Ctrl Pts',(144.815306997184,-59.0647497845531,12.430272707891));
#4666=CARTESIAN_POINT('Ctrl Pts',(145.883446531906,-57.8705769769624,12.3523571276286));
#4667=CARTESIAN_POINT('Ctrl Pts',(147.470373364132,-58.0910643077453,12.2744415473663));
#4668=CARTESIAN_POINT('Ctrl Pts',(148.172488334643,-59.5312066895442,12.1965259671039));
#4669=CARTESIAN_POINT('Ctrl Pts',(147.368771721183,-60.9172105724134,12.1186103868416));
#4670=CARTESIAN_POINT('Ctrl Pts',(145.770104310206,-61.0231762711137,12.0406948065792));
#4671=CARTESIAN_POINT('Ctrl Pts',(144.790485051702,-59.7553771289773,11.9627792263169));
#4672=CARTESIAN_POINT('Ctrl Pts',(145.296375399229,-58.2351657967034,11.8848636460545));
#4673=CARTESIAN_POINT('Ctrl Pts',(146.840321463378,-57.8071493153245,11.8069480657922));
#4674=CARTESIAN_POINT('Ctrl Pts',(148.056723021695,-58.8499028913515,11.7290324855298));
#4675=CARTESIAN_POINT('Ctrl Pts',(147.869688479135,-60.4411243504364,11.6511169052675));
#4676=CARTESIAN_POINT('Ctrl Pts',(146.444647515966,-61.1733988424795,11.5732013250051));
#4677=CARTESIAN_POINT('Ctrl Pts',(145.042030498502,-60.3990389902619,11.4952857447428));
#4678=CARTESIAN_POINT('Ctrl Pts',(144.902434101291,-58.8029561296784,11.4173701644804));
#4679=CARTESIAN_POINT('Ctrl Pts',(146.149329577082,-57.7968649589379,11.3394545842181));
#4680=CARTESIAN_POINT('Ctrl Pts',(147.679853851631,-58.2706402245955,11.2615390039557));
#4681=CARTESIAN_POINT('Ctrl Pts',(148.140278106644,-59.8052336703952,11.1836234236934));
#4682=CARTESIAN_POINT('Ctrl Pts',(147.123362617121,-61.0433174493063,11.105707843431));
#4683=CARTESIAN_POINT('Ctrl Pts',(145.52855689122,-60.8898217918579,11.0277922631687));
#4684=CARTESIAN_POINT('Ctrl Pts',(144.766444228506,-59.4805129373441,10.9498766829063));
#4685=CARTESIAN_POINT('Ctrl Pts',(145.511107341406,-58.0619036324413,10.871961102644));
#4686=CARTESIAN_POINT('Ctrl Pts',(147.103893043924,-57.8887414549098,10.7940455223816));
#4687=CARTESIAN_POINT('Ctrl Pts',(148.136020464282,-59.114173520824,10.7161299421193));
#4688=CARTESIAN_POINT('Ctrl Pts',(147.694548812211,-60.6543477600625,10.6382143618569));
#4689=CARTESIAN_POINT('Ctrl Pts',(146.170033622057,-61.1469428201043,10.5602987815946));
#4690=CARTESIAN_POINT('Ctrl Pts',(144.910719636839,-60.1563859972228,10.4823832013322));
#4691=CARTESIAN_POINT('Ctrl Pts',(145.03081395023,-58.558552821916,10.4044676210699));
#4692=CARTESIAN_POINT('Ctrl Pts',(146.423327138652,-57.7672507966791,10.3265520408075));
#4693=CARTESIAN_POINT('Ctrl Pts',(147.858225405033,-58.4811721656987,10.2486364605452));
#4694=CARTESIAN_POINT('Ctrl Pts',(148.0628403182,-60.071172091854,10.1707208802828));
#4695=CARTESIAN_POINT('Ctrl Pts',(147.263349809766,-60.7729146110901,10.1187771601079));
#4696=CARTESIAN_POINT('Ctrl Pts',(146.802678461449,-60.8814915523653,10.0928053000205));
#4697=CARTESIAN_POINT('Ctrl Pts',(146.119438677027,-60.7812820202432,13.1071946999795));
#4698=CARTESIAN_POINT('Ctrl Pts',(145.691472916073,-60.6668686133398,13.0812228398921));
#4699=CARTESIAN_POINT('Ctrl Pts',(144.963040942301,-59.9880695310887,13.0292791197172));
#4700=CARTESIAN_POINT('Ctrl Pts',(145.198762268392,-58.5062132314282,12.9513635394548));
#4701=CARTESIAN_POINT('Ctrl Pts',(146.561096170007,-57.8782593727226,12.8734479591925));
#4702=CARTESIAN_POINT('Ctrl Pts',(147.841847546771,-58.6573663992589,12.7955323789301));
#4703=CARTESIAN_POINT('Ctrl Pts',(147.909696165849,-60.1555960966041,12.7176167986678));
#4704=CARTESIAN_POINT('Ctrl Pts',(146.703927871819,-61.047252666557,12.6397012184054));
#4705=CARTESIAN_POINT('Ctrl Pts',(145.291358862596,-60.5439299073267,12.5617856381431));
#4706=CARTESIAN_POINT('Ctrl Pts',(144.921233212857,-59.0906921325595,12.4838700578807));
#4707=CARTESIAN_POINT('Ctrl Pts',(145.920995121922,-57.9729650500382,12.4059544776184));
#4708=CARTESIAN_POINT('Ctrl Pts',(147.406333832604,-58.1793377453486,12.328038897356));
#4709=CARTESIAN_POINT('Ctrl Pts',(148.063502470674,-59.5272885047291,12.2501233170937));
#4710=CARTESIAN_POINT('Ctrl Pts',(147.311236282877,-60.8245664753172,12.1722077368313));
#4711=CARTESIAN_POINT('Ctrl Pts',(145.814908573993,-60.9237487130158,12.094292156569));
#4712=CARTESIAN_POINT('Ctrl Pts',(144.898000259862,-59.7371085321677,12.0163765763066));
#4713=CARTESIAN_POINT('Ctrl Pts',(145.371505717886,-58.3142144866512,11.9384609960443));
#4714=CARTESIAN_POINT('Ctrl Pts',(146.816615101454,-57.913597750144,11.8605454157819));
#4715=CARTESIAN_POINT('Ctrl Pts',(147.955147947211,-58.8895987986629,11.7826298355196));
#4716=CARTESIAN_POINT('Ctrl Pts',(147.780086538798,-60.3789572129587,11.7047142552572));
#4717=CARTESIAN_POINT('Ctrl Pts',(146.446270471214,-61.0643546917772,11.6267986749949));
#4718=CARTESIAN_POINT('Ctrl Pts',(145.133442866314,-60.3395659736459,11.5488830947325));
#4719=CARTESIAN_POINT('Ctrl Pts',(145.00278282047,-58.845657363533,11.4709675144702));
#4720=CARTESIAN_POINT('Ctrl Pts',(146.169857496352,-57.9039717533146,11.3930519342078));
#4721=CARTESIAN_POINT('Ctrl Pts',(147.602404294643,-58.3474179966792,11.3151363539455));
#4722=CARTESIAN_POINT('Ctrl Pts',(148.033354200725,-59.7837734756578,11.2372207736831));
#4723=CARTESIAN_POINT('Ctrl Pts',(147.081537197315,-60.9426005409896,11.1593051934208));
#4724=CARTESIAN_POINT('Ctrl Pts',(145.588823965303,-60.7989310048145,11.0813896131584));
#4725=CARTESIAN_POINT('Ctrl Pts',(144.875498425118,-59.4798399450327,11.0034740328961));
#4726=CARTESIAN_POINT('Ctrl Pts',(145.572491459419,-58.1520438090567,10.9255584526337));
#4727=CARTESIAN_POINT('Ctrl Pts',(147.063313981119,-57.9899667174791,10.8476428723714));
#4728=CARTESIAN_POINT('Ctrl Pts',(148.029369114023,-59.1369519771969,10.769727292109));
#4729=CARTESIAN_POINT('Ctrl Pts',(147.616158548057,-60.5785309916044,10.6918117118467));
#4730=CARTESIAN_POINT('Ctrl Pts',(146.189236158836,-61.0395922683518,10.6138961315843));
#4731=CARTESIAN_POINT('Ctrl Pts',(145.010537952238,-60.1124465649216,10.535980551322));
#4732=CARTESIAN_POINT('Ctrl Pts',(145.122944352451,-58.6168996875857,10.4580649710596));
#4733=CARTESIAN_POINT('Ctrl Pts',(146.426314931293,-57.8762533603212,10.3801493907973));
#4734=CARTESIAN_POINT('Ctrl Pts',(147.76935728061,-58.544472602856,10.3022338105349));
#4735=CARTESIAN_POINT('Ctrl Pts',(147.960873641124,-60.0326876814227,10.2243182302726));
#4736=CARTESIAN_POINT('Ctrl Pts',(147.212563021576,-60.6895077109203,10.1723745100977));
#4737=CARTESIAN_POINT('Ctrl Pts',(146.781381840024,-60.7911340308543,10.1464026500102));
#4738=CARTESIAN_POINT('Ctrl Pts',(146.143414936469,-60.6915983162555,13.1607920499693));
#4739=CARTESIAN_POINT('Ctrl Pts',(145.744719427093,-60.585010089564,13.1348201898819));
#4740=CARTESIAN_POINT('Ctrl Pts',(145.066107763904,-59.952636730399,13.082876469707));
#4741=CARTESIAN_POINT('Ctrl Pts',(145.285707186921,-58.5721303765774,13.0049608894446));
#4742=CARTESIAN_POINT('Ctrl Pts',(146.554865746788,-57.9871247373338,12.9270453091823));
#4743=CARTESIAN_POINT('Ctrl Pts',(147.748021529636,-58.7129455883076,12.8491297289199));
#4744=CARTESIAN_POINT('Ctrl Pts',(147.811229716392,-60.1087054991325,12.7712141486576));
#4745=CARTESIAN_POINT('Ctrl Pts',(146.687928630095,-60.9393781902221,12.6932985683952));
#4746=CARTESIAN_POINT('Ctrl Pts',(145.37197073803,-60.4704796422995,12.6153829881329));
#4747=CARTESIAN_POINT('Ctrl Pts',(145.027159428529,-59.1166344805659,12.5374674078705));
#4748=CARTESIAN_POINT('Ctrl Pts',(145.958543711938,-58.0753531231139,12.4595518276082));
#4749=CARTESIAN_POINT('Ctrl Pts',(147.342294301077,-58.2676111829518,12.3816362473458));
#4750=CARTESIAN_POINT('Ctrl Pts',(147.954516606705,-59.523370319914,12.3037206670835));
#4751=CARTESIAN_POINT('Ctrl Pts',(147.253700844571,-60.7319223782209,12.2258050868211));
#4752=CARTESIAN_POINT('Ctrl Pts',(145.859712837781,-60.8243211549178,12.1478895065588));
#4753=CARTESIAN_POINT('Ctrl Pts',(145.005515468022,-59.718839935358,12.0699739262964));
#4754=CARTESIAN_POINT('Ctrl Pts',(145.446636036542,-58.3932631765991,11.9920583460341));
#4755=CARTESIAN_POINT('Ctrl Pts',(146.79290873953,-58.0200461849634,11.9141427657717));
#4756=CARTESIAN_POINT('Ctrl Pts',(147.853572872727,-58.9292947059744,11.8362271855094));
#4757=CARTESIAN_POINT('Ctrl Pts',(147.69048459846,-60.3167900754811,11.758311605247));
#4758=CARTESIAN_POINT('Ctrl Pts',(146.447893426461,-60.9553105410748,11.6803960249847));
#4759=CARTESIAN_POINT('Ctrl Pts',(145.224855234127,-60.2800929570299,11.6024804447223));
#4760=CARTESIAN_POINT('Ctrl Pts',(145.10313153965,-58.8883585973877,11.52456486446));
#4761=CARTESIAN_POINT('Ctrl Pts',(146.190385415621,-58.0110785476912,11.4466492841976));
#4762=CARTESIAN_POINT('Ctrl Pts',(147.524954737654,-58.4241957687629,11.3687337039353));
#4763=CARTESIAN_POINT('Ctrl Pts',(147.926430294806,-59.7623132809204,11.2908181236729));
#4764=CARTESIAN_POINT('Ctrl Pts',(147.039711777508,-60.8418836326729,11.2129025434106));
#4765=CARTESIAN_POINT('Ctrl Pts',(145.649091039385,-60.7080402177711,11.1349869631482));
#4766=CARTESIAN_POINT('Ctrl Pts',(144.984552621731,-59.4791669527214,11.0570713828859));
#4767=CARTESIAN_POINT('Ctrl Pts',(145.633875577433,-58.242183985672,10.9791558026235));
#4768=CARTESIAN_POINT('Ctrl Pts',(147.022734918314,-58.0911919800484,10.9012402223612));
#4769=CARTESIAN_POINT('Ctrl Pts',(147.922717763763,-59.1597304335699,10.8233246420988));
#4770=CARTESIAN_POINT('Ctrl Pts',(147.537768283903,-60.5027142231461,10.7454090618365));
#4771=CARTESIAN_POINT('Ctrl Pts',(146.208438695615,-60.9322417165994,10.6674934815741));
#4772=CARTESIAN_POINT('Ctrl Pts',(145.110356267636,-60.0685071326203,10.5895779013118));
#4773=CARTESIAN_POINT('Ctrl Pts',(145.215074754671,-58.6752465532555,10.5116623210494));
#4774=CARTESIAN_POINT('Ctrl Pts',(146.429302723934,-57.9852559239633,10.4337467407871));
#4775=CARTESIAN_POINT('Ctrl Pts',(147.680489156187,-58.6077730400134,10.3558311605247));
#4776=CARTESIAN_POINT('Ctrl Pts',(147.858906964048,-59.9942032709914,10.2779155802624));
#4777=CARTESIAN_POINT('Ctrl Pts',(147.161776233386,-60.6061008107506,10.2259718600875));
#4778=CARTESIAN_POINT('Ctrl Pts',(146.760085218598,-60.7007765093433,10.2));
#4779=CARTESIAN_POINT('Ctrl Pts',(146.760085218598,-60.7007765093433,10.2));
#4780=CARTESIAN_POINT('Ctrl Pts',(146.8101508413,-60.6945924939167,10.2));
#4781=CARTESIAN_POINT('Ctrl Pts',(146.859610210672,-60.6851999969861,10.2));
#4782=CARTESIAN_POINT('Ctrl Pts',(146.9082730232,-60.6728563554177,10.2));
#4783=CARTESIAN_POINT('Ctrl Pts',(146.959114246095,-60.6599601457718,10.2));
#4784=CARTESIAN_POINT('Ctrl Pts',(147.00908677049,-60.6438426543965,10.2));
#4785=CARTESIAN_POINT('Ctrl Pts',(147.057980163214,-60.6247407158755,10.2));
#4786=CARTESIAN_POINT('Ctrl Pts',(147.096804379071,-60.6095726585346,10.2));
#4787=CARTESIAN_POINT('Ctrl Pts',(147.134948471491,-60.5925216127418,10.2));
#4788=CARTESIAN_POINT('Ctrl Pts',(147.172304600484,-60.5736829196461,10.2));
#4789=CARTESIAN_POINT('Ctrl Pts',(147.187181517783,-60.5661804913497,10.2));
#4790=CARTESIAN_POINT('Ctrl Pts',(147.201933412872,-60.5583943276431,10.2));
#4791=CARTESIAN_POINT('Ctrl Pts',(147.216553207108,-60.5503296269648,10.2));
#4792=CARTESIAN_POINT('Ctrl Pts',(147.227291055546,-60.5444063196875,10.2));
#4793=CARTESIAN_POINT('Ctrl Pts',(147.23796018461,-60.538331083693,10.2));
#4794=CARTESIAN_POINT('Ctrl Pts',(147.248536274166,-60.5321189225446,10.2));
#4795=CARTESIAN_POINT('Ctrl Pts',(147.295474729981,-60.5045483114957,10.2));
#4796=CARTESIAN_POINT('Ctrl Pts',(147.340668406767,-60.4742385250525,10.2));
#4797=CARTESIAN_POINT('Ctrl Pts',(147.383899394981,-60.4414409727217,10.2));
#4798=CARTESIAN_POINT('Ctrl Pts',(147.427944588892,-60.408025716399,10.2));
#4799=CARTESIAN_POINT('Ctrl Pts',(147.469953498758,-60.3720277098649,10.2));
#4800=CARTESIAN_POINT('Ctrl Pts',(147.509682950373,-60.3336609065293,10.2));
#4801=CARTESIAN_POINT('Ctrl Pts',(147.537381980145,-60.3069119033433,10.2));
#4802=CARTESIAN_POINT('Ctrl Pts',(147.563972773836,-60.2790103841041,10.2));
#4803=CARTESIAN_POINT('Ctrl Pts',(147.589365202346,-60.2500160177029,10.2));
#4804=CARTESIAN_POINT('Ctrl Pts',(147.599703983015,-60.2382106720769,10.2));
#4805=CARTESIAN_POINT('Ctrl Pts',(147.60984400792,-60.2262240437432,10.2));
#4806=CARTESIAN_POINT('Ctrl Pts',(147.619778773026,-60.2140597246931,10.2));
#4807=CARTESIAN_POINT('Ctrl Pts',(147.62599620394,-60.2064469817151,10.2));
#4808=CARTESIAN_POINT('Ctrl Pts',(147.632132753389,-60.1987650806547,10.2));
#4809=CARTESIAN_POINT('Ctrl Pts',(147.638178823535,-60.191025568518,10.2));
#4810=CARTESIAN_POINT('Ctrl Pts',(147.673174257181,-60.1462282742603,10.2));
#4811=CARTESIAN_POINT('Ctrl Pts',(147.705213777144,-60.0994157449377,10.2));
#4812=CARTESIAN_POINT('Ctrl Pts',(147.734053569398,-60.0508228706101,10.2));
#4813=CARTESIAN_POINT('Ctrl Pts',(147.750931579785,-60.0223846963532,10.2));
#4814=CARTESIAN_POINT('Ctrl Pts',(147.766713308184,-59.9933358453805,10.2));
#4815=CARTESIAN_POINT('Ctrl Pts',(147.781345132144,-59.9637166017369,10.2));
#4816=CARTESIAN_POINT('Ctrl Pts',(147.805672512638,-59.914470614904,10.2));
#4817=CARTESIAN_POINT('Ctrl Pts',(147.826823809251,-59.8636492781394,10.2));
#4818=CARTESIAN_POINT('Ctrl Pts',(147.844860089857,-59.8115515944226,10.2));
#4819=CARTESIAN_POINT('Ctrl Pts',(147.852483060868,-59.7895326903393,10.2));
#4820=CARTESIAN_POINT('Ctrl Pts',(147.85954905598,-59.7672854453017,10.2));
#4821=CARTESIAN_POINT('Ctrl Pts',(147.866060278737,-59.7448311714459,10.2));
#4822=CARTESIAN_POINT('Ctrl Pts',(147.869407545311,-59.7332879570412,10.2));
#4823=CARTESIAN_POINT('Ctrl Pts',(147.872608479728,-59.7216883026661,10.2));
#4824=CARTESIAN_POINT('Ctrl Pts',(147.875658117585,-59.7100562351605,10.2));
#4825=CARTESIAN_POINT('Ctrl Pts',(147.890061614784,-59.6551177606276,10.2));
#4826=CARTESIAN_POINT('Ctrl Pts',(147.901124886217,-59.5993560425512,10.2));
#4827=CARTESIAN_POINT('Ctrl Pts',(147.908948666636,-59.5431078499199,10.2));
#4828=CARTESIAN_POINT('Ctrl Pts',(147.916954709832,-59.4855492994717,10.2));
#4829=CARTESIAN_POINT('Ctrl Pts',(147.921568832942,-59.4274804055817,10.2));
#4830=CARTESIAN_POINT('Ctrl Pts',(147.92285106228,-59.3692341266699,10.2));
#4831=CARTESIAN_POINT('Ctrl Pts',(147.92366243152,-59.3323770390728,10.2));
#4832=CARTESIAN_POINT('Ctrl Pts',(147.923138702248,-59.29544840864,10.2));
#4833=CARTESIAN_POINT('Ctrl Pts',(147.921284814901,-59.2585297501735,10.2));
#4834=CARTESIAN_POINT('Ctrl Pts',(147.92027680348,-59.238456022687,10.2));
#4835=CARTESIAN_POINT('Ctrl Pts',(147.918875403814,-59.2183852199721,10.2));
#4836=CARTESIAN_POINT('Ctrl Pts',(147.917080403172,-59.1983303901869,10.2));
#4837=CARTESIAN_POINT('Ctrl Pts',(147.915620748389,-59.1820222465831,10.2));
#4838=CARTESIAN_POINT('Ctrl Pts',(147.913899927425,-59.1657188160711,10.2));
#4839=CARTESIAN_POINT('Ctrl Pts',(147.911922038334,-59.1494604631712,10.2));
#4840=CARTESIAN_POINT('Ctrl Pts',(147.904631916344,-59.0895352749747,10.2));
#4841=CARTESIAN_POINT('Ctrl Pts',(147.89384966922,-59.0301526212294,10.2));
#4842=CARTESIAN_POINT('Ctrl Pts',(147.879627561788,-58.9716664751304,10.2));
#4843=CARTESIAN_POINT('Ctrl Pts',(147.871229499065,-58.9371307830254,10.2));
#4844=CARTESIAN_POINT('Ctrl Pts',(147.861631044387,-58.9029074172533,10.2));
#4845=CARTESIAN_POINT('Ctrl Pts',(147.8508344402,-58.8690687526089,10.2));
#4846=CARTESIAN_POINT('Ctrl Pts',(147.846178458408,-58.8544759969851,10.2));
#4847=CARTESIAN_POINT('Ctrl Pts',(147.841299573586,-58.8399547914925,10.2));
#4848=CARTESIAN_POINT('Ctrl Pts',(147.83619759782,-58.8255109970733,10.2));
#4849=CARTESIAN_POINT('Ctrl Pts',(147.831611438239,-58.8125274884847,10.2));
#4850=CARTESIAN_POINT('Ctrl Pts',(147.826847820927,-58.7996145999062,10.2));
#4851=CARTESIAN_POINT('Ctrl Pts',(147.821908801563,-58.7867803955891,10.2));
#4852=CARTESIAN_POINT('Ctrl Pts',(147.800093851839,-58.7300935309985,10.2));
#4853=CARTESIAN_POINT('Ctrl Pts',(147.77485235794,-58.6749165117219,10.2));
#4854=CARTESIAN_POINT('Ctrl Pts',(147.746209865329,-58.6216033344628,10.2));
#4855=CARTESIAN_POINT('Ctrl Pts',(147.73836521129,-58.6070018318285,10.2));
#4856=CARTESIAN_POINT('Ctrl Pts',(147.730265146859,-58.5925401760404,10.2));
#4857=CARTESIAN_POINT('Ctrl Pts',(147.721909521379,-58.5782257787902,10.2));
#4858=CARTESIAN_POINT('Ctrl Pts',(147.705803521205,-58.5506338665951,10.2));
#4859=CARTESIAN_POINT('Ctrl Pts',(147.688748235677,-58.5235889682802,10.2));
#4860=CARTESIAN_POINT('Ctrl Pts',(147.670789807536,-58.4971095199229,10.2));
#4861=CARTESIAN_POINT('Ctrl Pts',(145.203507639824,-59.4700447927535,11.0565803263806));
#4862=CARTESIAN_POINT('Ctrl Pts',(145.203726705596,-59.0616491644363,11.0307721517949));
#4863=CARTESIAN_POINT('Ctrl Pts',(145.419575504778,-58.6530537084291,11.0049639772092));
#4864=CARTESIAN_POINT('Ctrl Pts',(145.757131641629,-58.423182479243,10.9791558026235));
#4865=CARTESIAN_POINT('Ctrl Pts',(146.09682869106,-58.1918533171308,10.953183942536));
#4866=CARTESIAN_POINT('Ctrl Pts',(146.559781804687,-58.1415226485896,10.9272120824486));
#4867=CARTESIAN_POINT('Ctrl Pts',(146.941255502409,-58.2944470565725,10.9012402223611));
#4868=CARTESIAN_POINT('Ctrl Pts',(147.32272920013,-58.4473714645555,10.8752683622737));
#4869=CARTESIAN_POINT('Ctrl Pts',(147.622723481947,-58.8035509490627,10.8492965021862));
#4870=CARTESIAN_POINT('Ctrl Pts',(147.708562376212,-59.2054713229124,10.8233246420988));
#4871=CARTESIAN_POINT('Ctrl Pts',(147.794401270477,-59.607391696762,10.7973527820113));
#4872=CARTESIAN_POINT('Ctrl Pts',(147.66608477719,-60.055052959954,10.7713809219239));
#4873=CARTESIAN_POINT('Ctrl Pts',(147.380371599165,-60.3504715071256,10.7454090618364));
#4874=CARTESIAN_POINT('Ctrl Pts',(147.094658421141,-60.6458900542972,10.719437201749));
#4875=CARTESIAN_POINT('Ctrl Pts',(146.651548558378,-60.7890658854483,10.6934653416615));
#4876=CARTESIAN_POINT('Ctrl Pts',(146.246979889,-60.7166980370273,10.6674934815741));
#4877=CARTESIAN_POINT('Ctrl Pts',(145.842411219622,-60.6443301886064,10.6415216214866));
#4878=CARTESIAN_POINT('Ctrl Pts',(145.476383743629,-60.3564186606133,10.6155497613992));
#4879=CARTESIAN_POINT('Ctrl Pts',(145.310823086805,-59.980252800056,10.5895779013117));
#4880=CARTESIAN_POINT('Ctrl Pts',(145.240707454465,-59.8209449808947,10.578578709668));
#4881=CARTESIAN_POINT('Ctrl Pts',(145.206546709128,-59.645808235191,10.5675795180243));
#4882=CARTESIAN_POINT('Ctrl Pts',(145.207159813379,-59.4704493351012,10.5565803263806));
#4883=CARTESIAN_POINT('Ctrl Pts',(146.071486158143,-60.9606494282185,13.));
#4884=CARTESIAN_POINT('Ctrl Pts',(146.014321832874,-60.9397618190471,13.));
#4885=CARTESIAN_POINT('Ctrl Pts',(145.958630698493,-60.915267155117,13.));
#4886=CARTESIAN_POINT('Ctrl Pts',(145.904626133497,-60.8874388142624,13.));
#4887=CARTESIAN_POINT('Ctrl Pts',(145.855498022476,-60.8621232910446,13.));
#4888=CARTESIAN_POINT('Ctrl Pts',(145.807765556399,-60.8340478161259,13.));
#4889=CARTESIAN_POINT('Ctrl Pts',(145.761614619528,-60.8033904446268,13.));
#4890=CARTESIAN_POINT('Ctrl Pts',(145.748319442282,-60.7945586588476,13.));
#4891=CARTESIAN_POINT('Ctrl Pts',(145.73515442757,-60.7855113513947,13.));
#4892=CARTESIAN_POINT('Ctrl Pts',(145.722141913502,-60.7762655170967,13.));
#4893=CARTESIAN_POINT('Ctrl Pts',(145.673084235875,-60.7414083668175,13.));
#4894=CARTESIAN_POINT('Ctrl Pts',(145.626131757086,-60.7036940515667,13.));
#4895=CARTESIAN_POINT('Ctrl Pts',(145.581515233026,-60.6633669665314,13.));
#4896=CARTESIAN_POINT('Ctrl Pts',(145.554373558504,-60.6388346964922,13.));
#4897=CARTESIAN_POINT('Ctrl Pts',(145.52809708559,-60.6133348191408,13.));
#4898=CARTESIAN_POINT('Ctrl Pts',(145.502745869005,-60.5869174658156,13.));
#4899=CARTESIAN_POINT('Ctrl Pts',(145.494074797842,-60.5778817357218,13.));
#4900=CARTESIAN_POINT('Ctrl Pts',(145.485512030265,-60.5687386457125,13.));
#4901=CARTESIAN_POINT('Ctrl Pts',(145.477060156667,-60.5594901334547,13.));
#4902=CARTESIAN_POINT('Ctrl Pts',(145.469094193786,-60.5507733318502,13.));
#4903=CARTESIAN_POINT('Ctrl Pts',(145.461232001669,-60.5419685743313,13.));
#4904=CARTESIAN_POINT('Ctrl Pts',(145.453478938596,-60.5330820313918,13.));
#4905=CARTESIAN_POINT('Ctrl Pts',(145.415111055295,-60.489104852407,13.));
#4906=CARTESIAN_POINT('Ctrl Pts',(145.379382589923,-60.4430944797765,13.));
#4907=CARTESIAN_POINT('Ctrl Pts',(145.346504349922,-60.3952749486816,13.));
#4908=CARTESIAN_POINT('Ctrl Pts',(145.314203262135,-60.3482948526737,13.));
#4909=CARTESIAN_POINT('Ctrl Pts',(145.284652782426,-60.2995676774026,13.));
#4910=CARTESIAN_POINT('Ctrl Pts',(145.258098337291,-60.2492877409894,13.));
#4911=CARTESIAN_POINT('Ctrl Pts',(145.230865140582,-60.1977226116144,13.));
#4912=CARTESIAN_POINT('Ctrl Pts',(145.20678226223,-60.1445235012204,13.));
#4913=CARTESIAN_POINT('Ctrl Pts',(145.186172785716,-60.0898935231677,13.));
#4914=CARTESIAN_POINT('Ctrl Pts',(145.182663486346,-60.0805913486366,13.));
#4915=CARTESIAN_POINT('Ctrl Pts',(145.17925548645,-60.0712485945263,13.));
#4916=CARTESIAN_POINT('Ctrl Pts',(145.17595443682,-60.0618782857238,13.));
#4917=CARTESIAN_POINT('Ctrl Pts',(145.160374224623,-60.0176525345749,13.));
#4918=CARTESIAN_POINT('Ctrl Pts',(145.147147362681,-59.9727429295322,13.));
#4919=CARTESIAN_POINT('Ctrl Pts',(145.136404352133,-59.9272622454786,13.));
#4920=CARTESIAN_POINT('Ctrl Pts',(145.123412972491,-59.8722630597025,13.));
#4921=CARTESIAN_POINT('Ctrl Pts',(145.114052631756,-59.8164279570322,13.));
#4922=CARTESIAN_POINT('Ctrl Pts',(145.108235188979,-59.7600920423351,13.));
#4923=CARTESIAN_POINT('Ctrl Pts',(145.103332403487,-59.7126136371608,13.));
#4924=CARTESIAN_POINT('Ctrl Pts',(145.100947117695,-59.6647790731966,13.));
#4925=CARTESIAN_POINT('Ctrl Pts',(145.101054497166,-59.6167958198424,13.));
#4926=CARTESIAN_POINT('Ctrl Pts',(145.101090114542,-59.6008799506878,13.));
#4927=CARTESIAN_POINT('Ctrl Pts',(145.101400176968,-59.5849478101873,13.));
#4928=CARTESIAN_POINT('Ctrl Pts',(145.101984345031,-59.5690072797175,13.));
#4929=CARTESIAN_POINT('Ctrl Pts',(145.102445943799,-59.5564113682423,13.));
#4930=CARTESIAN_POINT('Ctrl Pts',(145.103079040976,-59.5438070243591,13.));
#4931=CARTESIAN_POINT('Ctrl Pts',(145.103881556698,-59.5312234202143,13.));
#4932=CARTESIAN_POINT('Ctrl Pts',(145.107413945682,-59.475834867117,13.));
#4933=CARTESIAN_POINT('Ctrl Pts',(145.114226443316,-59.4207490386176,13.));
#4934=CARTESIAN_POINT('Ctrl Pts',(145.124230022494,-59.3662804507364,13.));
#4935=CARTESIAN_POINT('Ctrl Pts',(145.134170241127,-59.3121568553226,13.));
#4936=CARTESIAN_POINT('Ctrl Pts',(145.147261724513,-59.2586416212044,13.));
#4937=CARTESIAN_POINT('Ctrl Pts',(145.163463827965,-59.2060635745047,13.));
#4938=CARTESIAN_POINT('Ctrl Pts',(145.177972407752,-59.158981244249,13.));
#4939=CARTESIAN_POINT('Ctrl Pts',(145.194976131932,-59.1126501689979,13.));
#4940=CARTESIAN_POINT('Ctrl Pts',(145.21447338388,-59.0673309053058,13.));
#4941=CARTESIAN_POINT('Ctrl Pts',(145.220051173143,-59.054365934495,13.));
#4942=CARTESIAN_POINT('Ctrl Pts',(145.225835827002,-59.0414787003818,13.));
#4943=CARTESIAN_POINT('Ctrl Pts',(145.231813127624,-59.0287056487059,13.));
#4944=CARTESIAN_POINT('Ctrl Pts',(145.254301928737,-58.9806487352352,13.));
#4945=CARTESIAN_POINT('Ctrl Pts',(145.279541548681,-58.9341362430419,13.));
#4946=CARTESIAN_POINT('Ctrl Pts',(145.30748477268,-58.8894632669609,13.));
#4947=CARTESIAN_POINT('Ctrl Pts',(145.334517259631,-58.8462462908903,13.));
#4948=CARTESIAN_POINT('Ctrl Pts',(145.364080549003,-58.804750216708,13.));
#4949=CARTESIAN_POINT('Ctrl Pts',(145.396165508809,-58.7652766008292,13.));
#4950=CARTESIAN_POINT('Ctrl Pts',(145.414540188631,-58.7426705244133,13.));
#4951=CARTESIAN_POINT('Ctrl Pts',(145.433742482703,-58.7207284469894,13.));
#4952=CARTESIAN_POINT('Ctrl Pts',(145.453774878147,-58.6995135672095,13.));
#4953=CARTESIAN_POINT('Ctrl Pts',(145.471886007873,-58.6803333627819,13.));
#4954=CARTESIAN_POINT('Ctrl Pts',(145.490675790461,-58.6617476649746,13.));
#4955=CARTESIAN_POINT('Ctrl Pts',(145.510107334113,-58.6437762977853,13.));
#4956=CARTESIAN_POINT('Origin',(94.37,-34.57,13.));
#4957=CARTESIAN_POINT('Origin',(94.37,-34.57,13.));
#4958=CARTESIAN_POINT('',(92.62,-34.57,10.2));
#4959=CARTESIAN_POINT('Origin',(94.37,-34.57,10.2));
#4960=CARTESIAN_POINT('',(92.62,-34.57,13.));
#4961=CARTESIAN_POINT('',(92.62,-34.57,13.));
#4962=CARTESIAN_POINT('Origin',(94.37,-34.57,13.));
#4963=CARTESIAN_POINT('Origin',(94.37,-34.57,10.2));
#4964=CARTESIAN_POINT('Origin',(108.995,-48.185,13.));
#4965=CARTESIAN_POINT('Origin',(74.14,-61.65,13.));
#4966=CARTESIAN_POINT('Origin',(74.14,-61.65,13.));
#4967=CARTESIAN_POINT('',(72.39,-61.65,10.2));
#4968=CARTESIAN_POINT('Origin',(74.14,-61.65,10.2));
#4969=CARTESIAN_POINT('',(72.39,-61.65,13.));
#4970=CARTESIAN_POINT('',(72.39,-61.65,13.));
#4971=CARTESIAN_POINT('Origin',(74.14,-61.65,13.));
#4972=CARTESIAN_POINT('Origin',(74.14,-61.65,10.2));
#4973=CARTESIAN_POINT('Origin',(108.995,-48.185,13.));
#4974=CARTESIAN_POINT('',(54.0149814370233,-67.35,13.));
#4975=CARTESIAN_POINT('',(61.29,-74.6250185629766,13.));
#4976=CARTESIAN_POINT('Origin',(61.29,-67.35,13.));
#4977=CARTESIAN_POINT('',(54.0149814370233,-29.02,13.));
#4978=CARTESIAN_POINT('',(54.0149814370233,-29.02,13.));
#4979=CARTESIAN_POINT('',(61.29,-21.7449814370233,13.));
#4980=CARTESIAN_POINT('Origin',(61.29,-29.02,13.));
#4981=CARTESIAN_POINT('',(156.7,-21.7449814370234,13.));
#4982=CARTESIAN_POINT('',(156.7,-21.7449814370234,13.));
#4983=CARTESIAN_POINT('',(163.975018562977,-29.02,13.));
#4984=CARTESIAN_POINT('Origin',(156.7,-29.02,13.));
#4985=CARTESIAN_POINT('',(163.975018562977,-67.35,13.));
#4986=CARTESIAN_POINT('',(163.975018562977,-67.35,13.));
#4987=CARTESIAN_POINT('',(156.7,-74.6250185629766,13.));
#4988=CARTESIAN_POINT('Origin',(156.7,-67.35,13.));
#4989=CARTESIAN_POINT('',(61.29,-74.6250185629766,13.));
#4990=CARTESIAN_POINT('',(70.3300086938768,-69.965602029079,13.));
#4991=CARTESIAN_POINT('',(84.919950509539,-65.1811327600086,13.));
#4992=CARTESIAN_POINT('Ctrl Pts',(70.3300086938768,-69.965602029079,13.));
#4993=CARTESIAN_POINT('Ctrl Pts',(71.5254318672001,-69.809664398358,13.));
#4994=CARTESIAN_POINT('Ctrl Pts',(73.845677979257,-69.4420284259181,13.));
#4995=CARTESIAN_POINT('Ctrl Pts',(77.0767164309334,-68.7315478462796,13.));
#4996=CARTESIAN_POINT('Ctrl Pts',(79.9950381909369,-67.7740795082277,13.));
#4997=CARTESIAN_POINT('Ctrl Pts',(82.5947587538382,-66.565927885286,13.));
#4998=CARTESIAN_POINT('Ctrl Pts',(84.1768127658548,-65.6550283303918,13.));
#4999=CARTESIAN_POINT('Ctrl Pts',(84.919950509539,-65.1811327600086,13.));
#5000=CARTESIAN_POINT('',(95.2643755475723,-69.965602029079,13.));
#5001=CARTESIAN_POINT('',(156.7,-69.965602029079,13.));
#5002=CARTESIAN_POINT('Ctrl Pts',(84.919950509539,-65.1811327600086,13.));
#5003=CARTESIAN_POINT('Ctrl Pts',(84.899519160512,-65.3139608508751,13.));
#5004=CARTESIAN_POINT('Ctrl Pts',(84.8811793158447,-65.5759373292268,13.));
#5005=CARTESIAN_POINT('Ctrl Pts',(84.9212286790166,-65.9578644772467,13.));
#5006=CARTESIAN_POINT('Ctrl Pts',(85.1120514849107,-66.4446488884515,13.));
#5007=CARTESIAN_POINT('Ctrl Pts',(85.5914427941579,-67.0137780977945,13.));
#5008=CARTESIAN_POINT('Ctrl Pts',(86.323427674442,-67.541639471324,13.));
#5009=CARTESIAN_POINT('Ctrl Pts',(87.3068494139662,-68.0284219885058,13.));
#5010=CARTESIAN_POINT('Ctrl Pts',(88.5218011878175,-68.4773779553278,13.));
#5011=CARTESIAN_POINT('Ctrl Pts',(89.9431710162751,-68.892610077378,13.));
#5012=CARTESIAN_POINT('Ctrl Pts',(91.5462532395879,-69.2781546771323,13.));
#5013=CARTESIAN_POINT('Ctrl Pts',(92.9586091307883,-69.5653693740926,13.));
#5014=CARTESIAN_POINT('Ctrl Pts',(94.0855875505078,-69.7697179334733,13.));
#5015=CARTESIAN_POINT('Ctrl Pts',(94.8665119162976,-69.9011134786848,13.));
#5016=CARTESIAN_POINT('Ctrl Pts',(95.2643755475723,-69.965602029079,13.));
#5017=CARTESIAN_POINT('',(135.011929648067,-69.1067555989056,13.));
#5018=CARTESIAN_POINT('',(90.7861528700972,-59.7161771717922,13.));
#5019=CARTESIAN_POINT('Ctrl Pts',(135.011929648067,-69.1067555989056,13.));
#5020=CARTESIAN_POINT('Ctrl Pts',(134.84541612734,-68.9882745643835,13.));
#5021=CARTESIAN_POINT('Ctrl Pts',(134.28093562075,-68.5996535436588,13.));
#5022=CARTESIAN_POINT('Ctrl Pts',(133.292104344177,-67.992840968014,13.));
#5023=CARTESIAN_POINT('Ctrl Pts',(131.828151826461,-67.267761650133,13.));
#5024=CARTESIAN_POINT('Ctrl Pts',(129.813537104495,-66.5726794888539,13.));
#5025=CARTESIAN_POINT('Ctrl Pts',(127.375302803283,-66.1014360374322,13.));
#5026=CARTESIAN_POINT('Ctrl Pts',(124.781968869759,-65.9285286079775,13.));
#5027=CARTESIAN_POINT('Ctrl Pts',(122.046779335287,-66.0206431629891,13.));
#5028=CARTESIAN_POINT('Ctrl Pts',(119.192645392633,-66.3220001141003,13.));
#5029=CARTESIAN_POINT('Ctrl Pts',(116.250555108612,-66.7619032133971,13.));
#5030=CARTESIAN_POINT('Ctrl Pts',(113.2584821778,-67.2608688940887,13.));
#5031=CARTESIAN_POINT('Ctrl Pts',(110.260367499203,-67.7370620369353,13.));
#5032=CARTESIAN_POINT('Ctrl Pts',(107.305161811406,-68.1121822588591,13.));
#5033=CARTESIAN_POINT('Ctrl Pts',(104.446156950008,-68.318221925,13.));
#5034=CARTESIAN_POINT('Ctrl Pts',(101.739620559009,-68.3021958744013,13.));
#5035=CARTESIAN_POINT('Ctrl Pts',(99.2409500533716,-68.0233806874528,13.));
#5036=CARTESIAN_POINT('Ctrl Pts',(97.0009821905218,-67.4521586830329,13.));
#5037=CARTESIAN_POINT('Ctrl Pts',(95.062196965785,-66.568629315226,13.));
#5038=CARTESIAN_POINT('Ctrl Pts',(93.4540443280413,-65.3619729811798,13.));
#5039=CARTESIAN_POINT('Ctrl Pts',(92.1896909330639,-63.8295113346418,13.));
#5040=CARTESIAN_POINT('Ctrl Pts',(91.4558672332277,-62.3443419866292,13.));
#5041=CARTESIAN_POINT('Ctrl Pts',(91.0608423152043,-61.0861531087483,13.));
#5042=CARTESIAN_POINT('Ctrl Pts',(90.8662555811081,-60.1834821916941,13.));
#5043=CARTESIAN_POINT('Ctrl Pts',(90.7861528700972,-59.7161771717922,13.));
#5044=CARTESIAN_POINT('',(155.779192682873,-35.6496318115997,13.));
#5045=CARTESIAN_POINT('Ctrl Pts',(155.779192682874,-35.6496318116025,13.));
#5046=CARTESIAN_POINT('Ctrl Pts',(155.910409270457,-35.983983024569,13.));
#5047=CARTESIAN_POINT('Ctrl Pts',(156.271588266163,-36.9718411179462,13.));
#5048=CARTESIAN_POINT('Ctrl Pts',(156.738191094109,-38.6212912631509,13.));
#5049=CARTESIAN_POINT('Ctrl Pts',(157.00521155334,-40.8747483701653,13.));
#5050=CARTESIAN_POINT('Ctrl Pts',(156.467589075301,-43.4713610128097,13.));
#5051=CARTESIAN_POINT('Ctrl Pts',(154.636211581871,-45.7529752282059,13.));
#5052=CARTESIAN_POINT('Ctrl Pts',(151.707269259828,-47.383161517178,13.));
#5053=CARTESIAN_POINT('Ctrl Pts',(148.115716960353,-48.4978113069458,13.));
#5054=CARTESIAN_POINT('Ctrl Pts',(144.411446961303,-49.3521172332367,13.));
#5055=CARTESIAN_POINT('Ctrl Pts',(141.133044717913,-50.2678454971103,13.));
#5056=CARTESIAN_POINT('Ctrl Pts',(138.635308635812,-51.576835207557,13.));
#5057=CARTESIAN_POINT('Ctrl Pts',(136.992108258354,-53.5595856327548,13.));
#5058=CARTESIAN_POINT('Ctrl Pts',(135.70165558434,-56.4082092176118,13.));
#5059=CARTESIAN_POINT('Ctrl Pts',(134.672316551744,-59.8843525908751,13.));
#5060=CARTESIAN_POINT('Ctrl Pts',(134.019122107198,-63.5374590503193,13.));
#5061=CARTESIAN_POINT('Ctrl Pts',(133.985209722388,-66.179448870438,13.));
#5062=CARTESIAN_POINT('Ctrl Pts',(134.337942246523,-67.8049835391901,13.));
#5063=CARTESIAN_POINT('Ctrl Pts',(134.756674631994,-68.7036638895603,13.));
#5064=CARTESIAN_POINT('Ctrl Pts',(135.011929648067,-69.1067555989056,13.));
#5065=CARTESIAN_POINT('',(101.522556450573,-29.5589670638601,13.));
#5066=CARTESIAN_POINT('Ctrl Pts',(101.522556450573,-29.5589670638601,13.));
#5067=CARTESIAN_POINT('Ctrl Pts',(102.173753063605,-29.6862175831016,13.));
#5068=CARTESIAN_POINT('Ctrl Pts',(103.474607073191,-29.9272523482449,13.));
#5069=CARTESIAN_POINT('Ctrl Pts',(105.421264026621,-30.2484090500855,13.));
#5070=CARTESIAN_POINT('Ctrl Pts',(108.0075464403,-30.5952106559632,13.));
#5071=CARTESIAN_POINT('Ctrl Pts',(111.231345010173,-30.8880345685942,13.));
#5072=CARTESIAN_POINT('Ctrl Pts',(114.467121113778,-31.0308243695201,13.));
#5073=CARTESIAN_POINT('Ctrl Pts',(117.756111499087,-31.0106975812818,13.));
#5074=CARTESIAN_POINT('Ctrl Pts',(121.172781395261,-30.8089379798382,13.));
#5075=CARTESIAN_POINT('Ctrl Pts',(124.811657858532,-30.4118840214458,13.));
#5076=CARTESIAN_POINT('Ctrl Pts',(128.752643513371,-29.8324416914828,13.));
#5077=CARTESIAN_POINT('Ctrl Pts',(133.029768084718,-29.1312294818343,13.));
#5078=CARTESIAN_POINT('Ctrl Pts',(137.600395419395,-28.4366640360755,13.));
#5079=CARTESIAN_POINT('Ctrl Pts',(142.301606008653,-27.9753029241642,13.));
#5080=CARTESIAN_POINT('Ctrl Pts',(146.837875922751,-28.0768564159471,13.));
#5081=CARTESIAN_POINT('Ctrl Pts',(150.86078008553,-29.1058841936989,13.));
#5082=CARTESIAN_POINT('Ctrl Pts',(153.396371118533,-30.9465882774962,13.));
#5083=CARTESIAN_POINT('Ctrl Pts',(154.796176436092,-33.0168555697628,13.));
#5084=CARTESIAN_POINT('Ctrl Pts',(155.491214857433,-34.7184671683435,13.));
#5085=CARTESIAN_POINT('Ctrl Pts',(155.779192682873,-35.6496318115997,13.));
#5086=CARTESIAN_POINT('Ctrl Pts',(90.7861528700972,-59.7161771717922,13.));
#5087=CARTESIAN_POINT('Ctrl Pts',(90.8826432683595,-59.5844270765755,13.));
#5088=CARTESIAN_POINT('Ctrl Pts',(91.4772311354532,-58.7563244767948,13.));
#5089=CARTESIAN_POINT('Ctrl Pts',(92.482619251056,-57.1684557229903,13.));
#5090=CARTESIAN_POINT('Ctrl Pts',(93.7187088425386,-54.6943452926297,13.));
#5091=CARTESIAN_POINT('Ctrl Pts',(94.9528925974718,-51.1901755684368,13.));
#5092=CARTESIAN_POINT('Ctrl Pts',(96.0063641852934,-46.8053278988672,13.));
#5093=CARTESIAN_POINT('Ctrl Pts',(96.8384924692489,-42.4274297592342,13.));
#5094=CARTESIAN_POINT('Ctrl Pts',(97.6581608580491,-38.2776150367231,13.));
#5095=CARTESIAN_POINT('Ctrl Pts',(98.6230118095579,-34.6942785153131,13.));
#5096=CARTESIAN_POINT('Ctrl Pts',(99.6339409984924,-32.2879009302935,13.));
#5097=CARTESIAN_POINT('Ctrl Pts',(100.546908341577,-30.7798824818668,13.));
#5098=CARTESIAN_POINT('Ctrl Pts',(101.209259577361,-29.9218204424215,13.));
#5099=CARTESIAN_POINT('Ctrl Pts',(101.522556450573,-29.5589670638601,13.));
#5100=CARTESIAN_POINT('',(95.8365901263902,-26.404397970921,13.));
#5101=CARTESIAN_POINT('',(95.8597666588875,-26.7035837904508,13.));
#5102=CARTESIAN_POINT('Origin',(95.796626446901,-26.557984369908,13.));
#5103=CARTESIAN_POINT('',(88.9623469454874,-26.404397970921,13.));
#5104=CARTESIAN_POINT('',(61.29,-26.404397970921,13.));
#5105=CARTESIAN_POINT('',(58.674397970921,-38.4337401541603,13.));
#5106=CARTESIAN_POINT('Ctrl Pts',(58.674397970921,-38.4337401541603,13.));
#5107=CARTESIAN_POINT('Ctrl Pts',(58.674397970921,-38.0765741210301,13.));
#5108=CARTESIAN_POINT('Ctrl Pts',(58.7989349396134,-37.4302667065959,13.));
#5109=CARTESIAN_POINT('Ctrl Pts',(59.3594283332883,-36.6650610467854,13.));
#5110=CARTESIAN_POINT('Ctrl Pts',(60.7653466141305,-35.9937127076381,13.));
#5111=CARTESIAN_POINT('Ctrl Pts',(63.1840689037089,-35.4879377521012,13.));
#5112=CARTESIAN_POINT('Ctrl Pts',(65.8136531239656,-35.116477582187,13.));
#5113=CARTESIAN_POINT('Ctrl Pts',(68.4287890007868,-34.9653289779433,13.));
#5114=CARTESIAN_POINT('Ctrl Pts',(71.1942852480772,-35.4698072527472,13.));
#5115=CARTESIAN_POINT('Ctrl Pts',(74.0054862753961,-36.3651691540418,13.));
#5116=CARTESIAN_POINT('Ctrl Pts',(76.7155537811124,-37.1835783000369,13.));
#5117=CARTESIAN_POINT('Ctrl Pts',(79.1417151920542,-37.3560883406644,13.));
#5118=CARTESIAN_POINT('Ctrl Pts',(81.1546866385598,-36.4552440459988,13.));
#5119=CARTESIAN_POINT('Ctrl Pts',(82.7457613440019,-34.416368080232,13.));
#5120=CARTESIAN_POINT('Ctrl Pts',(84.0712430322184,-31.6697608949418,13.));
#5121=CARTESIAN_POINT('Ctrl Pts',(85.3659097367934,-28.8859287388941,13.));
#5122=CARTESIAN_POINT('Ctrl Pts',(86.5807604564042,-27.2182917043049,13.));
#5123=CARTESIAN_POINT('Ctrl Pts',(87.6854799847653,-26.5523761498659,13.));
#5124=CARTESIAN_POINT('Ctrl Pts',(88.5203301036801,-26.404397970921,13.));
#5125=CARTESIAN_POINT('Ctrl Pts',(88.9623469454874,-26.404397970921,13.));
#5126=CARTESIAN_POINT('',(58.674397970921,-40.9977287931579,13.));
#5127=CARTESIAN_POINT('',(58.674397970921,-67.35,13.));
#5128=CARTESIAN_POINT('Ctrl Pts',(95.8597666588875,-26.7035837904509,13.));
#5129=CARTESIAN_POINT('Ctrl Pts',(95.6019475330873,-26.7995512591203,13.));
#5130=CARTESIAN_POINT('Ctrl Pts',(94.973427832068,-27.08455011723,13.));
#5131=CARTESIAN_POINT('Ctrl Pts',(94.0743757612849,-27.7091534853068,13.));
#5132=CARTESIAN_POINT('Ctrl Pts',(93.0762434514007,-28.9335215787331,13.));
#5133=CARTESIAN_POINT('Ctrl Pts',(92.1893686919908,-31.0918893710556,13.));
#5134=CARTESIAN_POINT('Ctrl Pts',(91.5783781777975,-33.9950559274214,13.));
#5135=CARTESIAN_POINT('Ctrl Pts',(91.1159921793953,-37.2574338664703,13.));
#5136=CARTESIAN_POINT('Ctrl Pts',(90.5655361353575,-40.6020110472837,13.));
#5137=CARTESIAN_POINT('Ctrl Pts',(89.6855018967373,-43.7348921698357,13.));
#5138=CARTESIAN_POINT('Ctrl Pts',(88.2700127693358,-46.3861210454956,13.));
#5139=CARTESIAN_POINT('Ctrl Pts',(86.1845022577182,-48.3458133145298,13.));
#5140=CARTESIAN_POINT('Ctrl Pts',(83.4151811153696,-49.51302598789,13.));
#5141=CARTESIAN_POINT('Ctrl Pts',(80.0785932000099,-49.9076059879907,13.));
#5142=CARTESIAN_POINT('Ctrl Pts',(76.373019859307,-49.6283008614951,13.));
#5143=CARTESIAN_POINT('Ctrl Pts',(72.5464020202363,-48.8262939795873,13.));
#5144=CARTESIAN_POINT('Ctrl Pts',(68.8580295841587,-47.6735746890007,13.));
#5145=CARTESIAN_POINT('Ctrl Pts',(65.5458593567531,-46.336328760315,13.));
#5146=CARTESIAN_POINT('Ctrl Pts',(62.7854758707418,-44.9426678793036,13.));
#5147=CARTESIAN_POINT('Ctrl Pts',(60.6698814668217,-43.5655414937394,13.));
#5148=CARTESIAN_POINT('Ctrl Pts',(59.5257513277673,-42.5062880158913,13.));
#5149=CARTESIAN_POINT('Ctrl Pts',(58.979336455637,-41.7407854637169,13.));
#5150=CARTESIAN_POINT('Ctrl Pts',(58.7530472016123,-41.2432772457372,13.));
#5151=CARTESIAN_POINT('Ctrl Pts',(58.674397970921,-40.9977287931579,13.));
#5152=CARTESIAN_POINT('',(144.72,-59.47,13.));
#5153=CARTESIAN_POINT('Origin',(146.47,-59.47,13.));
#5154=CARTESIAN_POINT('Origin',(146.47,-59.47,13.));
#5155=CARTESIAN_POINT('Origin',(146.47,-59.47,13.));
#5156=CARTESIAN_POINT('',(144.72,-59.47,10.2));
#5157=CARTESIAN_POINT('Origin',(146.47,-59.47,10.2));
#5158=CARTESIAN_POINT('',(144.72,-59.47,13.));
#5159=CARTESIAN_POINT('Origin',(146.47,-59.47,10.2));
#5160=CARTESIAN_POINT('Origin',(108.995,-48.185,13.));
#5161=CARTESIAN_POINT('Origin',(95.2643755475723,-69.965602029079,13.));
#5162=CARTESIAN_POINT('',(70.3300086938768,-69.965602029079,15.));
#5163=CARTESIAN_POINT('',(70.3300086938768,-69.965602029079,13.));
#5164=CARTESIAN_POINT('',(95.2643755475723,-69.965602029079,15.));
#5165=CARTESIAN_POINT('',(156.7,-69.965602029079,15.));
#5166=CARTESIAN_POINT('',(95.2643755475723,-69.965602029079,13.));
#5167=CARTESIAN_POINT('Ctrl Pts',(84.919950509539,-65.1811327600086,13.));
#5168=CARTESIAN_POINT('Ctrl Pts',(84.919950509539,-65.1811327600086,15.));
#5169=CARTESIAN_POINT('Ctrl Pts',(84.899519160512,-65.3139608508751,13.));
#5170=CARTESIAN_POINT('Ctrl Pts',(84.899519160512,-65.3139608508751,15.));
#5171=CARTESIAN_POINT('Ctrl Pts',(84.8811793158447,-65.5759373292268,13.));
#5172=CARTESIAN_POINT('Ctrl Pts',(84.8811793158447,-65.5759373292268,15.));
#5173=CARTESIAN_POINT('Ctrl Pts',(84.9212286790166,-65.9578644772467,13.));
#5174=CARTESIAN_POINT('Ctrl Pts',(84.9212286790166,-65.9578644772467,15.));
#5175=CARTESIAN_POINT('Ctrl Pts',(85.1120514849107,-66.4446488884515,13.));
#5176=CARTESIAN_POINT('Ctrl Pts',(85.1120514849107,-66.4446488884515,15.));
#5177=CARTESIAN_POINT('Ctrl Pts',(85.5914427941579,-67.0137780977945,13.));
#5178=CARTESIAN_POINT('Ctrl Pts',(85.5914427941579,-67.0137780977945,15.));
#5179=CARTESIAN_POINT('Ctrl Pts',(86.323427674442,-67.541639471324,13.));
#5180=CARTESIAN_POINT('Ctrl Pts',(86.323427674442,-67.541639471324,15.));
#5181=CARTESIAN_POINT('Ctrl Pts',(87.3068494139662,-68.0284219885058,13.));
#5182=CARTESIAN_POINT('Ctrl Pts',(87.3068494139662,-68.0284219885058,15.));
#5183=CARTESIAN_POINT('Ctrl Pts',(88.5218011878175,-68.4773779553278,13.));
#5184=CARTESIAN_POINT('Ctrl Pts',(88.5218011878175,-68.4773779553278,15.));
#5185=CARTESIAN_POINT('Ctrl Pts',(89.9431710162751,-68.892610077378,13.));
#5186=CARTESIAN_POINT('Ctrl Pts',(89.9431710162751,-68.892610077378,15.));
#5187=CARTESIAN_POINT('Ctrl Pts',(91.5462532395879,-69.2781546771323,13.));
#5188=CARTESIAN_POINT('Ctrl Pts',(91.5462532395879,-69.2781546771323,15.));
#5189=CARTESIAN_POINT('Ctrl Pts',(92.9586091307883,-69.5653693740926,13.));
#5190=CARTESIAN_POINT('Ctrl Pts',(92.9586091307883,-69.5653693740926,15.));
#5191=CARTESIAN_POINT('Ctrl Pts',(94.0855875505078,-69.7697179334733,13.));
#5192=CARTESIAN_POINT('Ctrl Pts',(94.0855875505078,-69.7697179334733,15.));
#5193=CARTESIAN_POINT('Ctrl Pts',(94.8665119162976,-69.9011134786848,13.));
#5194=CARTESIAN_POINT('Ctrl Pts',(94.8665119162976,-69.9011134786848,15.));
#5195=CARTESIAN_POINT('Ctrl Pts',(95.2643755475723,-69.965602029079,13.));
#5196=CARTESIAN_POINT('Ctrl Pts',(95.2643755475723,-69.965602029079,15.));
#5197=CARTESIAN_POINT('',(84.919950509539,-65.1811327600086,15.));
#5198=CARTESIAN_POINT('Ctrl Pts',(84.919950509539,-65.1811327600086,15.));
#5199=CARTESIAN_POINT('Ctrl Pts',(84.899519160512,-65.3139608508751,15.));
#5200=CARTESIAN_POINT('Ctrl Pts',(84.8811793158447,-65.5759373292268,15.));
#5201=CARTESIAN_POINT('Ctrl Pts',(84.9212286790166,-65.9578644772467,15.));
#5202=CARTESIAN_POINT('Ctrl Pts',(85.1120514849107,-66.4446488884515,15.));
#5203=CARTESIAN_POINT('Ctrl Pts',(85.5914427941579,-67.0137780977945,15.));
#5204=CARTESIAN_POINT('Ctrl Pts',(86.323427674442,-67.541639471324,15.));
#5205=CARTESIAN_POINT('Ctrl Pts',(87.3068494139662,-68.0284219885058,15.));
#5206=CARTESIAN_POINT('Ctrl Pts',(88.5218011878175,-68.4773779553278,15.));
#5207=CARTESIAN_POINT('Ctrl Pts',(89.9431710162751,-68.892610077378,15.));
#5208=CARTESIAN_POINT('Ctrl Pts',(91.5462532395879,-69.2781546771323,15.));
#5209=CARTESIAN_POINT('Ctrl Pts',(92.9586091307883,-69.5653693740926,15.));
#5210=CARTESIAN_POINT('Ctrl Pts',(94.0855875505078,-69.7697179334733,15.));
#5211=CARTESIAN_POINT('Ctrl Pts',(94.8665119162976,-69.9011134786848,15.));
#5212=CARTESIAN_POINT('Ctrl Pts',(95.2643755475723,-69.965602029079,15.));
#5213=CARTESIAN_POINT('',(84.919950509539,-65.1811327600086,13.));
#5214=CARTESIAN_POINT('Ctrl Pts',(70.3300086938768,-69.965602029079,13.));
#5215=CARTESIAN_POINT('Ctrl Pts',(70.3300086938768,-69.965602029079,15.));
#5216=CARTESIAN_POINT('Ctrl Pts',(71.5254318672001,-69.809664398358,13.));
#5217=CARTESIAN_POINT('Ctrl Pts',(71.5254318672001,-69.809664398358,15.));
#5218=CARTESIAN_POINT('Ctrl Pts',(73.845677979257,-69.4420284259181,13.));
#5219=CARTESIAN_POINT('Ctrl Pts',(73.845677979257,-69.4420284259181,15.));
#5220=CARTESIAN_POINT('Ctrl Pts',(77.0767164309334,-68.7315478462797,13.));
#5221=CARTESIAN_POINT('Ctrl Pts',(77.0767164309334,-68.7315478462797,15.));
#5222=CARTESIAN_POINT('Ctrl Pts',(79.9950381909369,-67.7740795082277,13.));
#5223=CARTESIAN_POINT('Ctrl Pts',(79.9950381909369,-67.7740795082277,15.));
#5224=CARTESIAN_POINT('Ctrl Pts',(82.5947587538382,-66.5659278852859,13.));
#5225=CARTESIAN_POINT('Ctrl Pts',(82.5947587538382,-66.5659278852859,15.));
#5226=CARTESIAN_POINT('Ctrl Pts',(84.1768127658548,-65.6550283303918,13.));
#5227=CARTESIAN_POINT('Ctrl Pts',(84.1768127658548,-65.6550283303918,15.));
#5228=CARTESIAN_POINT('Ctrl Pts',(84.919950509539,-65.1811327600086,13.));
#5229=CARTESIAN_POINT('Ctrl Pts',(84.919950509539,-65.1811327600086,15.));
#5230=CARTESIAN_POINT('Ctrl Pts',(70.3300086938768,-69.965602029079,15.));
#5231=CARTESIAN_POINT('Ctrl Pts',(71.5254318672001,-69.809664398358,15.));
#5232=CARTESIAN_POINT('Ctrl Pts',(73.845677979257,-69.4420284259181,15.));
#5233=CARTESIAN_POINT('Ctrl Pts',(77.0767164309334,-68.7315478462796,15.));
#5234=CARTESIAN_POINT('Ctrl Pts',(79.9950381909369,-67.7740795082277,15.));
#5235=CARTESIAN_POINT('Ctrl Pts',(82.5947587538382,-66.565927885286,15.));
#5236=CARTESIAN_POINT('Ctrl Pts',(84.1768127658548,-65.6550283303918,15.));
#5237=CARTESIAN_POINT('Ctrl Pts',(84.919950509539,-65.1811327600086,15.));
#5238=CARTESIAN_POINT('Ctrl Pts',(155.779192682874,-35.6496318116025,13.));
#5239=CARTESIAN_POINT('Ctrl Pts',(155.779192682874,-35.6496318116025,15.));
#5240=CARTESIAN_POINT('Ctrl Pts',(155.910409270457,-35.983983024569,13.));
#5241=CARTESIAN_POINT('Ctrl Pts',(155.910409270457,-35.983983024569,15.));
#5242=CARTESIAN_POINT('Ctrl Pts',(156.271588266163,-36.9718411179462,13.));
#5243=CARTESIAN_POINT('Ctrl Pts',(156.271588266163,-36.9718411179462,15.));
#5244=CARTESIAN_POINT('Ctrl Pts',(156.738191094109,-38.6212912631509,13.));
#5245=CARTESIAN_POINT('Ctrl Pts',(156.738191094109,-38.6212912631509,15.));
#5246=CARTESIAN_POINT('Ctrl Pts',(157.00521155334,-40.8747483701653,13.));
#5247=CARTESIAN_POINT('Ctrl Pts',(157.00521155334,-40.8747483701653,15.));
#5248=CARTESIAN_POINT('Ctrl Pts',(156.467589075301,-43.4713610128097,13.));
#5249=CARTESIAN_POINT('Ctrl Pts',(156.467589075301,-43.4713610128097,15.));
#5250=CARTESIAN_POINT('Ctrl Pts',(154.636211581871,-45.7529752282059,13.));
#5251=CARTESIAN_POINT('Ctrl Pts',(154.636211581871,-45.7529752282059,15.));
#5252=CARTESIAN_POINT('Ctrl Pts',(151.707269259828,-47.383161517178,13.));
#5253=CARTESIAN_POINT('Ctrl Pts',(151.707269259828,-47.383161517178,15.));
#5254=CARTESIAN_POINT('Ctrl Pts',(148.115716960353,-48.4978113069458,13.));
#5255=CARTESIAN_POINT('Ctrl Pts',(148.115716960353,-48.4978113069458,15.));
#5256=CARTESIAN_POINT('Ctrl Pts',(144.411446961303,-49.3521172332367,13.));
#5257=CARTESIAN_POINT('Ctrl Pts',(144.411446961303,-49.3521172332367,15.));
#5258=CARTESIAN_POINT('Ctrl Pts',(141.133044717913,-50.2678454971103,13.));
#5259=CARTESIAN_POINT('Ctrl Pts',(141.133044717913,-50.2678454971103,15.));
#5260=CARTESIAN_POINT('Ctrl Pts',(138.635308635812,-51.576835207557,13.));
#5261=CARTESIAN_POINT('Ctrl Pts',(138.635308635812,-51.576835207557,15.));
#5262=CARTESIAN_POINT('Ctrl Pts',(136.992108258354,-53.5595856327548,13.));
#5263=CARTESIAN_POINT('Ctrl Pts',(136.992108258354,-53.5595856327548,15.));
#5264=CARTESIAN_POINT('Ctrl Pts',(135.70165558434,-56.4082092176118,13.));
#5265=CARTESIAN_POINT('Ctrl Pts',(135.70165558434,-56.4082092176118,15.));
#5266=CARTESIAN_POINT('Ctrl Pts',(134.672316551744,-59.8843525908751,13.));
#5267=CARTESIAN_POINT('Ctrl Pts',(134.672316551744,-59.8843525908751,15.));
#5268=CARTESIAN_POINT('Ctrl Pts',(134.019122107198,-63.5374590503193,13.));
#5269=CARTESIAN_POINT('Ctrl Pts',(134.019122107198,-63.5374590503193,15.));
#5270=CARTESIAN_POINT('Ctrl Pts',(133.985209722388,-66.179448870438,13.));
#5271=CARTESIAN_POINT('Ctrl Pts',(133.985209722388,-66.179448870438,15.));
#5272=CARTESIAN_POINT('Ctrl Pts',(134.337942246523,-67.8049835391901,13.));
#5273=CARTESIAN_POINT('Ctrl Pts',(134.337942246523,-67.8049835391901,15.));
#5274=CARTESIAN_POINT('Ctrl Pts',(134.756674631994,-68.7036638895603,13.));
#5275=CARTESIAN_POINT('Ctrl Pts',(134.756674631994,-68.7036638895603,15.));
#5276=CARTESIAN_POINT('Ctrl Pts',(135.011929648067,-69.1067555989056,13.));
#5277=CARTESIAN_POINT('Ctrl Pts',(135.011929648067,-69.1067555989056,15.));
#5278=CARTESIAN_POINT('',(135.011929648067,-69.1067555989056,15.));
#5279=CARTESIAN_POINT('',(135.011929648067,-69.1067555989056,13.));
#5280=CARTESIAN_POINT('',(155.779192682873,-35.6496318115997,15.));
#5281=CARTESIAN_POINT('Ctrl Pts',(155.779192682874,-35.6496318116025,15.));
#5282=CARTESIAN_POINT('Ctrl Pts',(155.910409270457,-35.983983024569,15.));
#5283=CARTESIAN_POINT('Ctrl Pts',(156.271588266163,-36.9718411179462,15.));
#5284=CARTESIAN_POINT('Ctrl Pts',(156.738191094109,-38.6212912631509,15.));
#5285=CARTESIAN_POINT('Ctrl Pts',(157.00521155334,-40.8747483701653,15.));
#5286=CARTESIAN_POINT('Ctrl Pts',(156.467589075301,-43.4713610128097,15.));
#5287=CARTESIAN_POINT('Ctrl Pts',(154.636211581871,-45.7529752282059,15.));
#5288=CARTESIAN_POINT('Ctrl Pts',(151.707269259828,-47.383161517178,15.));
#5289=CARTESIAN_POINT('Ctrl Pts',(148.115716960353,-48.4978113069458,15.));
#5290=CARTESIAN_POINT('Ctrl Pts',(144.411446961303,-49.3521172332367,15.));
#5291=CARTESIAN_POINT('Ctrl Pts',(141.133044717913,-50.2678454971103,15.));
#5292=CARTESIAN_POINT('Ctrl Pts',(138.635308635812,-51.576835207557,15.));
#5293=CARTESIAN_POINT('Ctrl Pts',(136.992108258354,-53.5595856327548,15.));
#5294=CARTESIAN_POINT('Ctrl Pts',(135.70165558434,-56.4082092176118,15.));
#5295=CARTESIAN_POINT('Ctrl Pts',(134.672316551744,-59.8843525908751,15.));
#5296=CARTESIAN_POINT('Ctrl Pts',(134.019122107198,-63.5374590503193,15.));
#5297=CARTESIAN_POINT('Ctrl Pts',(133.985209722388,-66.179448870438,15.));
#5298=CARTESIAN_POINT('Ctrl Pts',(134.337942246523,-67.8049835391901,15.));
#5299=CARTESIAN_POINT('Ctrl Pts',(134.756674631994,-68.7036638895603,15.));
#5300=CARTESIAN_POINT('Ctrl Pts',(135.011929648067,-69.1067555989056,15.));
#5301=CARTESIAN_POINT('',(155.779192682873,-35.6496318115997,13.));
#5302=CARTESIAN_POINT('Ctrl Pts',(101.522556450573,-29.5589670638601,13.));
#5303=CARTESIAN_POINT('Ctrl Pts',(101.522556450573,-29.5589670638601,15.));
#5304=CARTESIAN_POINT('Ctrl Pts',(102.173753063605,-29.6862175831016,13.));
#5305=CARTESIAN_POINT('Ctrl Pts',(102.173753063605,-29.6862175831016,15.));
#5306=CARTESIAN_POINT('Ctrl Pts',(103.474607073191,-29.9272523482449,13.));
#5307=CARTESIAN_POINT('Ctrl Pts',(103.474607073191,-29.9272523482449,15.));
#5308=CARTESIAN_POINT('Ctrl Pts',(105.421264026621,-30.2484090500855,13.));
#5309=CARTESIAN_POINT('Ctrl Pts',(105.421264026621,-30.2484090500855,15.));
#5310=CARTESIAN_POINT('Ctrl Pts',(108.0075464403,-30.5952106559632,13.));
#5311=CARTESIAN_POINT('Ctrl Pts',(108.0075464403,-30.5952106559632,15.));
#5312=CARTESIAN_POINT('Ctrl Pts',(111.231345010173,-30.8880345685942,13.));
#5313=CARTESIAN_POINT('Ctrl Pts',(111.231345010173,-30.8880345685942,15.));
#5314=CARTESIAN_POINT('Ctrl Pts',(114.467121113778,-31.0308243695201,13.));
#5315=CARTESIAN_POINT('Ctrl Pts',(114.467121113778,-31.0308243695201,15.));
#5316=CARTESIAN_POINT('Ctrl Pts',(117.756111499087,-31.0106975812818,13.));
#5317=CARTESIAN_POINT('Ctrl Pts',(117.756111499087,-31.0106975812818,15.));
#5318=CARTESIAN_POINT('Ctrl Pts',(121.172781395261,-30.8089379798382,13.));
#5319=CARTESIAN_POINT('Ctrl Pts',(121.172781395261,-30.8089379798382,15.));
#5320=CARTESIAN_POINT('Ctrl Pts',(124.811657858532,-30.4118840214458,13.));
#5321=CARTESIAN_POINT('Ctrl Pts',(124.811657858532,-30.4118840214458,15.));
#5322=CARTESIAN_POINT('Ctrl Pts',(128.752643513371,-29.8324416914828,13.));
#5323=CARTESIAN_POINT('Ctrl Pts',(128.752643513371,-29.8324416914828,15.));
#5324=CARTESIAN_POINT('Ctrl Pts',(133.029768084718,-29.1312294818343,13.));
#5325=CARTESIAN_POINT('Ctrl Pts',(133.029768084718,-29.1312294818343,15.));
#5326=CARTESIAN_POINT('Ctrl Pts',(137.600395419395,-28.4366640360755,13.));
#5327=CARTESIAN_POINT('Ctrl Pts',(137.600395419395,-28.4366640360755,15.));
#5328=CARTESIAN_POINT('Ctrl Pts',(142.301606008653,-27.9753029241642,13.));
#5329=CARTESIAN_POINT('Ctrl Pts',(142.301606008653,-27.9753029241642,15.));
#5330=CARTESIAN_POINT('Ctrl Pts',(146.837875922751,-28.0768564159471,13.));
#5331=CARTESIAN_POINT('Ctrl Pts',(146.837875922751,-28.0768564159471,15.));
#5332=CARTESIAN_POINT('Ctrl Pts',(150.86078008553,-29.1058841936989,13.));
#5333=CARTESIAN_POINT('Ctrl Pts',(150.86078008553,-29.1058841936989,15.));
#5334=CARTESIAN_POINT('Ctrl Pts',(153.396371118533,-30.9465882774962,13.));
#5335=CARTESIAN_POINT('Ctrl Pts',(153.396371118533,-30.9465882774962,15.));
#5336=CARTESIAN_POINT('Ctrl Pts',(154.796176436092,-33.0168555697628,13.));
#5337=CARTESIAN_POINT('Ctrl Pts',(154.796176436092,-33.0168555697628,15.));
#5338=CARTESIAN_POINT('Ctrl Pts',(155.491214857433,-34.7184671683435,13.));
#5339=CARTESIAN_POINT('Ctrl Pts',(155.491214857433,-34.7184671683435,15.));
#5340=CARTESIAN_POINT('Ctrl Pts',(155.779192682873,-35.6496318115997,13.));
#5341=CARTESIAN_POINT('Ctrl Pts',(155.779192682873,-35.6496318115997,15.));
#5342=CARTESIAN_POINT('',(101.522556450573,-29.5589670638601,15.));
#5343=CARTESIAN_POINT('Ctrl Pts',(101.522556450573,-29.5589670638601,15.));
#5344=CARTESIAN_POINT('Ctrl Pts',(102.173753063605,-29.6862175831016,15.));
#5345=CARTESIAN_POINT('Ctrl Pts',(103.474607073191,-29.9272523482449,15.));
#5346=CARTESIAN_POINT('Ctrl Pts',(105.421264026621,-30.2484090500855,15.));
#5347=CARTESIAN_POINT('Ctrl Pts',(108.0075464403,-30.5952106559632,15.));
#5348=CARTESIAN_POINT('Ctrl Pts',(111.231345010173,-30.8880345685942,15.));
#5349=CARTESIAN_POINT('Ctrl Pts',(114.467121113778,-31.0308243695201,15.));
#5350=CARTESIAN_POINT('Ctrl Pts',(117.756111499087,-31.0106975812818,15.));
#5351=CARTESIAN_POINT('Ctrl Pts',(121.172781395261,-30.8089379798382,15.));
#5352=CARTESIAN_POINT('Ctrl Pts',(124.811657858532,-30.4118840214458,15.));
#5353=CARTESIAN_POINT('Ctrl Pts',(128.752643513371,-29.8324416914828,15.));
#5354=CARTESIAN_POINT('Ctrl Pts',(133.029768084718,-29.1312294818343,15.));
#5355=CARTESIAN_POINT('Ctrl Pts',(137.600395419395,-28.4366640360755,15.));
#5356=CARTESIAN_POINT('Ctrl Pts',(142.301606008653,-27.9753029241642,15.));
#5357=CARTESIAN_POINT('Ctrl Pts',(146.837875922751,-28.0768564159471,15.));
#5358=CARTESIAN_POINT('Ctrl Pts',(150.86078008553,-29.1058841936989,15.));
#5359=CARTESIAN_POINT('Ctrl Pts',(153.396371118533,-30.9465882774962,15.));
#5360=CARTESIAN_POINT('Ctrl Pts',(154.796176436092,-33.0168555697628,15.));
#5361=CARTESIAN_POINT('Ctrl Pts',(155.491214857433,-34.7184671683435,15.));
#5362=CARTESIAN_POINT('Ctrl Pts',(155.779192682873,-35.6496318115997,15.));
#5363=CARTESIAN_POINT('',(101.522556450573,-29.5589670638601,13.));
#5364=CARTESIAN_POINT('Ctrl Pts',(90.7861528700972,-59.7161771717922,13.));
#5365=CARTESIAN_POINT('Ctrl Pts',(90.7861528700972,-59.7161771717922,15.));
#5366=CARTESIAN_POINT('Ctrl Pts',(90.8826432683595,-59.5844270765755,13.));
#5367=CARTESIAN_POINT('Ctrl Pts',(90.8826432683595,-59.5844270765755,15.));
#5368=CARTESIAN_POINT('Ctrl Pts',(91.4772311354532,-58.7563244767948,13.));
#5369=CARTESIAN_POINT('Ctrl Pts',(91.4772311354532,-58.7563244767948,15.));
#5370=CARTESIAN_POINT('Ctrl Pts',(92.482619251056,-57.1684557229903,13.));
#5371=CARTESIAN_POINT('Ctrl Pts',(92.482619251056,-57.1684557229903,15.));
#5372=CARTESIAN_POINT('Ctrl Pts',(93.7187088425386,-54.6943452926297,13.));
#5373=CARTESIAN_POINT('Ctrl Pts',(93.7187088425386,-54.6943452926297,15.));
#5374=CARTESIAN_POINT('Ctrl Pts',(94.9528925974718,-51.1901755684368,13.));
#5375=CARTESIAN_POINT('Ctrl Pts',(94.9528925974718,-51.1901755684368,15.));
#5376=CARTESIAN_POINT('Ctrl Pts',(96.0063641852934,-46.8053278988672,13.));
#5377=CARTESIAN_POINT('Ctrl Pts',(96.0063641852934,-46.8053278988672,15.));
#5378=CARTESIAN_POINT('Ctrl Pts',(96.8384924692489,-42.4274297592342,13.));
#5379=CARTESIAN_POINT('Ctrl Pts',(96.8384924692489,-42.4274297592342,15.));
#5380=CARTESIAN_POINT('Ctrl Pts',(97.6581608580491,-38.2776150367231,13.));
#5381=CARTESIAN_POINT('Ctrl Pts',(97.6581608580491,-38.2776150367231,15.));
#5382=CARTESIAN_POINT('Ctrl Pts',(98.6230118095579,-34.6942785153131,13.));
#5383=CARTESIAN_POINT('Ctrl Pts',(98.6230118095579,-34.6942785153131,15.));
#5384=CARTESIAN_POINT('Ctrl Pts',(99.6339409984924,-32.2879009302935,13.));
#5385=CARTESIAN_POINT('Ctrl Pts',(99.6339409984924,-32.2879009302935,15.));
#5386=CARTESIAN_POINT('Ctrl Pts',(100.546908341577,-30.7798824818668,13.));
#5387=CARTESIAN_POINT('Ctrl Pts',(100.546908341577,-30.7798824818668,15.));
#5388=CARTESIAN_POINT('Ctrl Pts',(101.209259577361,-29.9218204424214,13.));
#5389=CARTESIAN_POINT('Ctrl Pts',(101.209259577361,-29.9218204424214,15.));
#5390=CARTESIAN_POINT('Ctrl Pts',(101.522556450573,-29.5589670638601,13.));
#5391=CARTESIAN_POINT('Ctrl Pts',(101.522556450573,-29.5589670638601,15.));
#5392=CARTESIAN_POINT('',(90.7861528700972,-59.7161771717922,15.));
#5393=CARTESIAN_POINT('Ctrl Pts',(90.7861528700972,-59.7161771717922,15.));
#5394=CARTESIAN_POINT('Ctrl Pts',(90.8826432683595,-59.5844270765755,15.));
#5395=CARTESIAN_POINT('Ctrl Pts',(91.4772311354532,-58.7563244767948,15.));
#5396=CARTESIAN_POINT('Ctrl Pts',(92.482619251056,-57.1684557229903,15.));
#5397=CARTESIAN_POINT('Ctrl Pts',(93.7187088425386,-54.6943452926297,15.));
#5398=CARTESIAN_POINT('Ctrl Pts',(94.9528925974718,-51.1901755684368,15.));
#5399=CARTESIAN_POINT('Ctrl Pts',(96.0063641852934,-46.8053278988672,15.));
#5400=CARTESIAN_POINT('Ctrl Pts',(96.8384924692489,-42.4274297592342,15.));
#5401=CARTESIAN_POINT('Ctrl Pts',(97.6581608580491,-38.2776150367231,15.));
#5402=CARTESIAN_POINT('Ctrl Pts',(98.6230118095579,-34.6942785153131,15.));
#5403=CARTESIAN_POINT('Ctrl Pts',(99.6339409984924,-32.2879009302935,15.));
#5404=CARTESIAN_POINT('Ctrl Pts',(100.546908341577,-30.7798824818668,15.));
#5405=CARTESIAN_POINT('Ctrl Pts',(101.209259577361,-29.9218204424215,15.));
#5406=CARTESIAN_POINT('Ctrl Pts',(101.522556450573,-29.5589670638601,15.));
#5407=CARTESIAN_POINT('',(90.7861528700972,-59.7161771717922,13.));
#5408=CARTESIAN_POINT('Ctrl Pts',(135.011929648067,-69.1067555989056,13.));
#5409=CARTESIAN_POINT('Ctrl Pts',(135.011929648067,-69.1067555989056,15.));
#5410=CARTESIAN_POINT('Ctrl Pts',(134.84541612734,-68.9882745643835,13.));
#5411=CARTESIAN_POINT('Ctrl Pts',(134.84541612734,-68.9882745643835,15.));
#5412=CARTESIAN_POINT('Ctrl Pts',(134.28093562075,-68.5996535436588,13.));
#5413=CARTESIAN_POINT('Ctrl Pts',(134.28093562075,-68.5996535436588,15.));
#5414=CARTESIAN_POINT('Ctrl Pts',(133.292104344177,-67.9928409680141,13.));
#5415=CARTESIAN_POINT('Ctrl Pts',(133.292104344177,-67.9928409680141,15.));
#5416=CARTESIAN_POINT('Ctrl Pts',(131.828151826461,-67.267761650133,13.));
#5417=CARTESIAN_POINT('Ctrl Pts',(131.828151826461,-67.267761650133,15.));
#5418=CARTESIAN_POINT('Ctrl Pts',(129.813537104495,-66.5726794888539,13.));
#5419=CARTESIAN_POINT('Ctrl Pts',(129.813537104495,-66.5726794888539,15.));
#5420=CARTESIAN_POINT('Ctrl Pts',(127.375302803283,-66.1014360374322,13.));
#5421=CARTESIAN_POINT('Ctrl Pts',(127.375302803283,-66.1014360374322,15.));
#5422=CARTESIAN_POINT('Ctrl Pts',(124.781968869759,-65.9285286079775,13.));
#5423=CARTESIAN_POINT('Ctrl Pts',(124.781968869759,-65.9285286079775,15.));
#5424=CARTESIAN_POINT('Ctrl Pts',(122.046779335287,-66.0206431629891,13.));
#5425=CARTESIAN_POINT('Ctrl Pts',(122.046779335287,-66.0206431629891,15.));
#5426=CARTESIAN_POINT('Ctrl Pts',(119.192645392633,-66.3220001141003,13.));
#5427=CARTESIAN_POINT('Ctrl Pts',(119.192645392633,-66.3220001141003,15.));
#5428=CARTESIAN_POINT('Ctrl Pts',(116.250555108612,-66.7619032133971,13.));
#5429=CARTESIAN_POINT('Ctrl Pts',(116.250555108612,-66.7619032133971,15.));
#5430=CARTESIAN_POINT('Ctrl Pts',(113.2584821778,-67.2608688940887,13.));
#5431=CARTESIAN_POINT('Ctrl Pts',(113.2584821778,-67.2608688940887,15.));
#5432=CARTESIAN_POINT('Ctrl Pts',(110.260367499203,-67.7370620369353,13.));
#5433=CARTESIAN_POINT('Ctrl Pts',(110.260367499203,-67.7370620369353,15.));
#5434=CARTESIAN_POINT('Ctrl Pts',(107.305161811406,-68.1121822588591,13.));
#5435=CARTESIAN_POINT('Ctrl Pts',(107.305161811406,-68.1121822588591,15.));
#5436=CARTESIAN_POINT('Ctrl Pts',(104.446156950008,-68.318221925,13.));
#5437=CARTESIAN_POINT('Ctrl Pts',(104.446156950008,-68.318221925,15.));
#5438=CARTESIAN_POINT('Ctrl Pts',(101.739620559009,-68.3021958744013,13.));
#5439=CARTESIAN_POINT('Ctrl Pts',(101.739620559009,-68.3021958744013,15.));
#5440=CARTESIAN_POINT('Ctrl Pts',(99.2409500533716,-68.0233806874528,13.));
#5441=CARTESIAN_POINT('Ctrl Pts',(99.2409500533716,-68.0233806874528,15.));
#5442=CARTESIAN_POINT('Ctrl Pts',(97.0009821905218,-67.4521586830329,13.));
#5443=CARTESIAN_POINT('Ctrl Pts',(97.0009821905218,-67.4521586830329,15.));
#5444=CARTESIAN_POINT('Ctrl Pts',(95.062196965785,-66.568629315226,13.));
#5445=CARTESIAN_POINT('Ctrl Pts',(95.062196965785,-66.568629315226,15.));
#5446=CARTESIAN_POINT('Ctrl Pts',(93.4540443280413,-65.3619729811798,13.));
#5447=CARTESIAN_POINT('Ctrl Pts',(93.4540443280413,-65.3619729811798,15.));
#5448=CARTESIAN_POINT('Ctrl Pts',(92.1896909330639,-63.8295113346418,13.));
#5449=CARTESIAN_POINT('Ctrl Pts',(92.1896909330639,-63.8295113346418,15.));
#5450=CARTESIAN_POINT('Ctrl Pts',(91.4558672332277,-62.3443419866292,13.));
#5451=CARTESIAN_POINT('Ctrl Pts',(91.4558672332277,-62.3443419866292,15.));
#5452=CARTESIAN_POINT('Ctrl Pts',(91.0608423152043,-61.0861531087483,13.));
#5453=CARTESIAN_POINT('Ctrl Pts',(91.0608423152043,-61.0861531087483,15.));
#5454=CARTESIAN_POINT('Ctrl Pts',(90.8662555811081,-60.1834821916941,13.));
#5455=CARTESIAN_POINT('Ctrl Pts',(90.8662555811081,-60.1834821916941,15.));
#5456=CARTESIAN_POINT('Ctrl Pts',(90.7861528700972,-59.7161771717922,13.));
#5457=CARTESIAN_POINT('Ctrl Pts',(90.7861528700972,-59.7161771717922,15.));
#5458=CARTESIAN_POINT('Ctrl Pts',(135.011929648067,-69.1067555989056,15.));
#5459=CARTESIAN_POINT('Ctrl Pts',(134.84541612734,-68.9882745643835,15.));
#5460=CARTESIAN_POINT('Ctrl Pts',(134.28093562075,-68.5996535436588,15.));
#5461=CARTESIAN_POINT('Ctrl Pts',(133.292104344177,-67.992840968014,15.));
#5462=CARTESIAN_POINT('Ctrl Pts',(131.828151826461,-67.267761650133,15.));
#5463=CARTESIAN_POINT('Ctrl Pts',(129.813537104495,-66.5726794888539,15.));
#5464=CARTESIAN_POINT('Ctrl Pts',(127.375302803283,-66.1014360374322,15.));
#5465=CARTESIAN_POINT('Ctrl Pts',(124.781968869759,-65.9285286079775,15.));
#5466=CARTESIAN_POINT('Ctrl Pts',(122.046779335287,-66.0206431629891,15.));
#5467=CARTESIAN_POINT('Ctrl Pts',(119.192645392633,-66.3220001141003,15.));
#5468=CARTESIAN_POINT('Ctrl Pts',(116.250555108612,-66.7619032133971,15.));
#5469=CARTESIAN_POINT('Ctrl Pts',(113.2584821778,-67.2608688940887,15.));
#5470=CARTESIAN_POINT('Ctrl Pts',(110.260367499203,-67.7370620369353,15.));
#5471=CARTESIAN_POINT('Ctrl Pts',(107.305161811406,-68.1121822588591,15.));
#5472=CARTESIAN_POINT('Ctrl Pts',(104.446156950008,-68.318221925,15.));
#5473=CARTESIAN_POINT('Ctrl Pts',(101.739620559009,-68.3021958744013,15.));
#5474=CARTESIAN_POINT('Ctrl Pts',(99.2409500533716,-68.0233806874528,15.));
#5475=CARTESIAN_POINT('Ctrl Pts',(97.0009821905218,-67.4521586830329,15.));
#5476=CARTESIAN_POINT('Ctrl Pts',(95.062196965785,-66.568629315226,15.));
#5477=CARTESIAN_POINT('Ctrl Pts',(93.4540443280413,-65.3619729811798,15.));
#5478=CARTESIAN_POINT('Ctrl Pts',(92.1896909330639,-63.8295113346418,15.));
#5479=CARTESIAN_POINT('Ctrl Pts',(91.4558672332277,-62.3443419866292,15.));
#5480=CARTESIAN_POINT('Ctrl Pts',(91.0608423152043,-61.0861531087483,15.));
#5481=CARTESIAN_POINT('Ctrl Pts',(90.8662555811081,-60.1834821916941,15.));
#5482=CARTESIAN_POINT('Ctrl Pts',(90.7861528700972,-59.7161771717922,15.));
#5483=CARTESIAN_POINT('Origin',(88.9623469454874,-26.404397970921,13.));
#5484=CARTESIAN_POINT('',(95.8365901263902,-26.404397970921,15.));
#5485=CARTESIAN_POINT('',(95.8365901263902,-26.404397970921,13.));
#5486=CARTESIAN_POINT('',(88.9623469454874,-26.404397970921,15.));
#5487=CARTESIAN_POINT('',(61.29,-26.404397970921,15.));
#5488=CARTESIAN_POINT('',(88.9623469454874,-26.404397970921,13.));
#5489=CARTESIAN_POINT('Ctrl Pts',(58.674397970921,-38.4337401541603,13.));
#5490=CARTESIAN_POINT('Ctrl Pts',(58.674397970921,-38.4337401541603,15.));
#5491=CARTESIAN_POINT('Ctrl Pts',(58.674397970921,-38.0765741210301,13.));
#5492=CARTESIAN_POINT('Ctrl Pts',(58.674397970921,-38.0765741210301,15.));
#5493=CARTESIAN_POINT('Ctrl Pts',(58.7989349396134,-37.4302667065959,13.));
#5494=CARTESIAN_POINT('Ctrl Pts',(58.7989349396134,-37.4302667065959,15.));
#5495=CARTESIAN_POINT('Ctrl Pts',(59.3594283332883,-36.6650610467854,13.));
#5496=CARTESIAN_POINT('Ctrl Pts',(59.3594283332883,-36.6650610467854,15.));
#5497=CARTESIAN_POINT('Ctrl Pts',(60.7653466141305,-35.9937127076381,13.));
#5498=CARTESIAN_POINT('Ctrl Pts',(60.7653466141305,-35.9937127076381,15.));
#5499=CARTESIAN_POINT('Ctrl Pts',(63.1840689037089,-35.4879377521012,13.));
#5500=CARTESIAN_POINT('Ctrl Pts',(63.1840689037089,-35.4879377521012,15.));
#5501=CARTESIAN_POINT('Ctrl Pts',(65.8136531239656,-35.116477582187,13.));
#5502=CARTESIAN_POINT('Ctrl Pts',(65.8136531239656,-35.116477582187,15.));
#5503=CARTESIAN_POINT('Ctrl Pts',(68.4287890007868,-34.9653289779433,13.));
#5504=CARTESIAN_POINT('Ctrl Pts',(68.4287890007868,-34.9653289779433,15.));
#5505=CARTESIAN_POINT('Ctrl Pts',(71.1942852480772,-35.4698072527472,13.));
#5506=CARTESIAN_POINT('Ctrl Pts',(71.1942852480772,-35.4698072527472,15.));
#5507=CARTESIAN_POINT('Ctrl Pts',(74.0054862753961,-36.3651691540418,13.));
#5508=CARTESIAN_POINT('Ctrl Pts',(74.0054862753961,-36.3651691540418,15.));
#5509=CARTESIAN_POINT('Ctrl Pts',(76.7155537811124,-37.1835783000369,13.));
#5510=CARTESIAN_POINT('Ctrl Pts',(76.7155537811124,-37.1835783000369,15.));
#5511=CARTESIAN_POINT('Ctrl Pts',(79.1417151920542,-37.3560883406644,13.));
#5512=CARTESIAN_POINT('Ctrl Pts',(79.1417151920542,-37.3560883406644,15.));
#5513=CARTESIAN_POINT('Ctrl Pts',(81.1546866385598,-36.4552440459988,13.));
#5514=CARTESIAN_POINT('Ctrl Pts',(81.1546866385598,-36.4552440459988,15.));
#5515=CARTESIAN_POINT('Ctrl Pts',(82.7457613440019,-34.416368080232,13.));
#5516=CARTESIAN_POINT('Ctrl Pts',(82.7457613440019,-34.416368080232,15.));
#5517=CARTESIAN_POINT('Ctrl Pts',(84.0712430322184,-31.6697608949418,13.));
#5518=CARTESIAN_POINT('Ctrl Pts',(84.0712430322184,-31.6697608949418,15.));
#5519=CARTESIAN_POINT('Ctrl Pts',(85.3659097367934,-28.8859287388941,13.));
#5520=CARTESIAN_POINT('Ctrl Pts',(85.3659097367934,-28.8859287388941,15.));
#5521=CARTESIAN_POINT('Ctrl Pts',(86.5807604564042,-27.2182917043049,13.));
#5522=CARTESIAN_POINT('Ctrl Pts',(86.5807604564042,-27.2182917043049,15.));
#5523=CARTESIAN_POINT('Ctrl Pts',(87.6854799847653,-26.5523761498659,13.));
#5524=CARTESIAN_POINT('Ctrl Pts',(87.6854799847653,-26.5523761498659,15.));
#5525=CARTESIAN_POINT('Ctrl Pts',(88.5203301036801,-26.404397970921,13.));
#5526=CARTESIAN_POINT('Ctrl Pts',(88.5203301036801,-26.404397970921,15.));
#5527=CARTESIAN_POINT('Ctrl Pts',(88.9623469454874,-26.404397970921,13.));
#5528=CARTESIAN_POINT('Ctrl Pts',(88.9623469454874,-26.404397970921,15.));
#5529=CARTESIAN_POINT('',(58.674397970921,-38.4337401541603,15.));
#5530=CARTESIAN_POINT('Ctrl Pts',(58.674397970921,-38.4337401541603,15.));
#5531=CARTESIAN_POINT('Ctrl Pts',(58.674397970921,-38.0765741210301,15.));
#5532=CARTESIAN_POINT('Ctrl Pts',(58.7989349396134,-37.4302667065959,15.));
#5533=CARTESIAN_POINT('Ctrl Pts',(59.3594283332883,-36.6650610467854,15.));
#5534=CARTESIAN_POINT('Ctrl Pts',(60.7653466141305,-35.9937127076381,15.));
#5535=CARTESIAN_POINT('Ctrl Pts',(63.1840689037089,-35.4879377521012,15.));
#5536=CARTESIAN_POINT('Ctrl Pts',(65.8136531239656,-35.116477582187,15.));
#5537=CARTESIAN_POINT('Ctrl Pts',(68.4287890007868,-34.9653289779433,15.));
#5538=CARTESIAN_POINT('Ctrl Pts',(71.1942852480772,-35.4698072527472,15.));
#5539=CARTESIAN_POINT('Ctrl Pts',(74.0054862753961,-36.3651691540418,15.));
#5540=CARTESIAN_POINT('Ctrl Pts',(76.7155537811124,-37.1835783000369,15.));
#5541=CARTESIAN_POINT('Ctrl Pts',(79.1417151920542,-37.3560883406644,15.));
#5542=CARTESIAN_POINT('Ctrl Pts',(81.1546866385598,-36.4552440459988,15.));
#5543=CARTESIAN_POINT('Ctrl Pts',(82.7457613440019,-34.416368080232,15.));
#5544=CARTESIAN_POINT('Ctrl Pts',(84.0712430322184,-31.6697608949418,15.));
#5545=CARTESIAN_POINT('Ctrl Pts',(85.3659097367934,-28.8859287388941,15.));
#5546=CARTESIAN_POINT('Ctrl Pts',(86.5807604564042,-27.2182917043049,15.));
#5547=CARTESIAN_POINT('Ctrl Pts',(87.6854799847653,-26.5523761498659,15.));
#5548=CARTESIAN_POINT('Ctrl Pts',(88.5203301036801,-26.404397970921,15.));
#5549=CARTESIAN_POINT('Ctrl Pts',(88.9623469454874,-26.404397970921,15.));
#5550=CARTESIAN_POINT('',(58.674397970921,-38.4337401541603,13.));
#5551=CARTESIAN_POINT('Origin',(58.674397970921,-40.9977287931579,13.));
#5552=CARTESIAN_POINT('',(58.674397970921,-40.9977287931579,15.));
#5553=CARTESIAN_POINT('',(58.674397970921,-67.35,15.));
#5554=CARTESIAN_POINT('',(58.674397970921,-40.9977287931579,13.));
#5555=CARTESIAN_POINT('Ctrl Pts',(95.8597666588875,-26.7035837904509,13.));
#5556=CARTESIAN_POINT('Ctrl Pts',(95.8597666588875,-26.7035837904509,15.));
#5557=CARTESIAN_POINT('Ctrl Pts',(95.6019475330872,-26.7995512591203,13.));
#5558=CARTESIAN_POINT('Ctrl Pts',(95.6019475330872,-26.7995512591203,15.));
#5559=CARTESIAN_POINT('Ctrl Pts',(94.973427832068,-27.08455011723,13.));
#5560=CARTESIAN_POINT('Ctrl Pts',(94.973427832068,-27.08455011723,15.));
#5561=CARTESIAN_POINT('Ctrl Pts',(94.0743757612849,-27.7091534853068,13.));
#5562=CARTESIAN_POINT('Ctrl Pts',(94.0743757612849,-27.7091534853068,15.));
#5563=CARTESIAN_POINT('Ctrl Pts',(93.0762434514006,-28.9335215787331,13.));
#5564=CARTESIAN_POINT('Ctrl Pts',(93.0762434514006,-28.9335215787331,15.));
#5565=CARTESIAN_POINT('Ctrl Pts',(92.1893686919908,-31.0918893710556,13.));
#5566=CARTESIAN_POINT('Ctrl Pts',(92.1893686919908,-31.0918893710556,15.));
#5567=CARTESIAN_POINT('Ctrl Pts',(91.5783781777975,-33.9950559274214,13.));
#5568=CARTESIAN_POINT('Ctrl Pts',(91.5783781777975,-33.9950559274214,15.));
#5569=CARTESIAN_POINT('Ctrl Pts',(91.1159921793953,-37.2574338664703,13.));
#5570=CARTESIAN_POINT('Ctrl Pts',(91.1159921793953,-37.2574338664703,15.));
#5571=CARTESIAN_POINT('Ctrl Pts',(90.5655361353575,-40.6020110472837,13.));
#5572=CARTESIAN_POINT('Ctrl Pts',(90.5655361353575,-40.6020110472837,15.));
#5573=CARTESIAN_POINT('Ctrl Pts',(89.6855018967373,-43.7348921698357,13.));
#5574=CARTESIAN_POINT('Ctrl Pts',(89.6855018967373,-43.7348921698357,15.));
#5575=CARTESIAN_POINT('Ctrl Pts',(88.2700127693358,-46.3861210454956,13.));
#5576=CARTESIAN_POINT('Ctrl Pts',(88.2700127693358,-46.3861210454956,15.));
#5577=CARTESIAN_POINT('Ctrl Pts',(86.1845022577182,-48.3458133145298,13.));
#5578=CARTESIAN_POINT('Ctrl Pts',(86.1845022577182,-48.3458133145298,15.));
#5579=CARTESIAN_POINT('Ctrl Pts',(83.4151811153696,-49.51302598789,13.));
#5580=CARTESIAN_POINT('Ctrl Pts',(83.4151811153696,-49.51302598789,15.));
#5581=CARTESIAN_POINT('Ctrl Pts',(80.0785932000099,-49.9076059879907,13.));
#5582=CARTESIAN_POINT('Ctrl Pts',(80.0785932000099,-49.9076059879907,15.));
#5583=CARTESIAN_POINT('Ctrl Pts',(76.373019859307,-49.6283008614951,13.));
#5584=CARTESIAN_POINT('Ctrl Pts',(76.373019859307,-49.6283008614951,15.));
#5585=CARTESIAN_POINT('Ctrl Pts',(72.5464020202363,-48.8262939795873,13.));
#5586=CARTESIAN_POINT('Ctrl Pts',(72.5464020202363,-48.8262939795873,15.));
#5587=CARTESIAN_POINT('Ctrl Pts',(68.8580295841587,-47.6735746890007,13.));
#5588=CARTESIAN_POINT('Ctrl Pts',(68.8580295841587,-47.6735746890007,15.));
#5589=CARTESIAN_POINT('Ctrl Pts',(65.5458593567531,-46.336328760315,13.));
#5590=CARTESIAN_POINT('Ctrl Pts',(65.5458593567531,-46.336328760315,15.));
#5591=CARTESIAN_POINT('Ctrl Pts',(62.7854758707418,-44.9426678793036,13.));
#5592=CARTESIAN_POINT('Ctrl Pts',(62.7854758707418,-44.9426678793036,15.));
#5593=CARTESIAN_POINT('Ctrl Pts',(60.6698814668217,-43.5655414937394,13.));
#5594=CARTESIAN_POINT('Ctrl Pts',(60.6698814668217,-43.5655414937394,15.));
#5595=CARTESIAN_POINT('Ctrl Pts',(59.5257513277673,-42.5062880158913,13.));
#5596=CARTESIAN_POINT('Ctrl Pts',(59.5257513277673,-42.5062880158913,15.));
#5597=CARTESIAN_POINT('Ctrl Pts',(58.979336455637,-41.7407854637169,13.));
#5598=CARTESIAN_POINT('Ctrl Pts',(58.979336455637,-41.7407854637169,15.));
#5599=CARTESIAN_POINT('Ctrl Pts',(58.7530472016123,-41.2432772457372,13.));
#5600=CARTESIAN_POINT('Ctrl Pts',(58.7530472016123,-41.2432772457372,15.));
#5601=CARTESIAN_POINT('Ctrl Pts',(58.674397970921,-40.9977287931579,13.));
#5602=CARTESIAN_POINT('Ctrl Pts',(58.674397970921,-40.9977287931579,15.));
#5603=CARTESIAN_POINT('',(95.8597666588875,-26.7035837904508,15.));
#5604=CARTESIAN_POINT('Ctrl Pts',(95.8597666588875,-26.7035837904509,15.));
#5605=CARTESIAN_POINT('Ctrl Pts',(95.6019475330873,-26.7995512591203,15.));
#5606=CARTESIAN_POINT('Ctrl Pts',(94.973427832068,-27.08455011723,15.));
#5607=CARTESIAN_POINT('Ctrl Pts',(94.0743757612849,-27.7091534853068,15.));
#5608=CARTESIAN_POINT('Ctrl Pts',(93.0762434514007,-28.9335215787331,15.));
#5609=CARTESIAN_POINT('Ctrl Pts',(92.1893686919908,-31.0918893710556,15.));
#5610=CARTESIAN_POINT('Ctrl Pts',(91.5783781777975,-33.9950559274214,15.));
#5611=CARTESIAN_POINT('Ctrl Pts',(91.1159921793953,-37.2574338664703,15.));
#5612=CARTESIAN_POINT('Ctrl Pts',(90.5655361353575,-40.6020110472837,15.));
#5613=CARTESIAN_POINT('Ctrl Pts',(89.6855018967373,-43.7348921698357,15.));
#5614=CARTESIAN_POINT('Ctrl Pts',(88.2700127693358,-46.3861210454956,15.));
#5615=CARTESIAN_POINT('Ctrl Pts',(86.1845022577182,-48.3458133145298,15.));
#5616=CARTESIAN_POINT('Ctrl Pts',(83.4151811153696,-49.51302598789,15.));
#5617=CARTESIAN_POINT('Ctrl Pts',(80.0785932000099,-49.9076059879907,15.));
#5618=CARTESIAN_POINT('Ctrl Pts',(76.373019859307,-49.6283008614951,15.));
#5619=CARTESIAN_POINT('Ctrl Pts',(72.5464020202363,-48.8262939795873,15.));
#5620=CARTESIAN_POINT('Ctrl Pts',(68.8580295841587,-47.6735746890007,15.));
#5621=CARTESIAN_POINT('Ctrl Pts',(65.5458593567531,-46.336328760315,15.));
#5622=CARTESIAN_POINT('Ctrl Pts',(62.7854758707418,-44.9426678793036,15.));
#5623=CARTESIAN_POINT('Ctrl Pts',(60.6698814668217,-43.5655414937394,15.));
#5624=CARTESIAN_POINT('Ctrl Pts',(59.5257513277673,-42.5062880158913,15.));
#5625=CARTESIAN_POINT('Ctrl Pts',(58.979336455637,-41.7407854637169,15.));
#5626=CARTESIAN_POINT('Ctrl Pts',(58.7530472016123,-41.2432772457372,15.));
#5627=CARTESIAN_POINT('Ctrl Pts',(58.674397970921,-40.9977287931579,15.));
#5628=CARTESIAN_POINT('',(95.8597666588875,-26.7035837904508,13.));
#5629=CARTESIAN_POINT('Origin',(95.796626446901,-26.557984369908,13.));
#5630=CARTESIAN_POINT('Origin',(95.796626446901,-26.557984369908,15.));
#5631=CARTESIAN_POINT('Origin',(54.0149814370233,-29.02,13.));
#5632=CARTESIAN_POINT('',(54.0149814370233,-67.35,15.));
#5633=CARTESIAN_POINT('',(54.0149814370233,-67.35,13.));
#5634=CARTESIAN_POINT('',(54.0149814370233,-29.02,15.));
#5635=CARTESIAN_POINT('',(54.0149814370233,-29.02,15.));
#5636=CARTESIAN_POINT('',(54.0149814370233,-29.02,13.));
#5637=CARTESIAN_POINT('Origin',(61.29,-29.02,13.));
#5638=CARTESIAN_POINT('',(61.29,-21.7449814370233,15.));
#5639=CARTESIAN_POINT('Origin',(61.29,-29.02,15.));
#5640=CARTESIAN_POINT('',(61.29,-21.7449814370233,13.));
#5641=CARTESIAN_POINT('Origin',(156.7,-21.7449814370234,13.));
#5642=CARTESIAN_POINT('',(156.7,-21.7449814370234,15.));
#5643=CARTESIAN_POINT('',(156.7,-21.7449814370234,15.));
#5644=CARTESIAN_POINT('',(156.7,-21.7449814370234,13.));
#5645=CARTESIAN_POINT('Origin',(156.7,-29.02,13.));
#5646=CARTESIAN_POINT('',(163.975018562977,-29.02,15.));
#5647=CARTESIAN_POINT('Origin',(156.7,-29.02,15.));
#5648=CARTESIAN_POINT('',(163.975018562977,-29.02,13.));
#5649=CARTESIAN_POINT('Origin',(163.975018562977,-67.35,13.));
#5650=CARTESIAN_POINT('',(163.975018562977,-67.35,15.));
#5651=CARTESIAN_POINT('',(163.975018562977,-67.35,15.));
#5652=CARTESIAN_POINT('',(163.975018562977,-67.35,13.));
#5653=CARTESIAN_POINT('Origin',(156.7,-67.35,13.));
#5654=CARTESIAN_POINT('',(156.7,-74.6250185629766,15.));
#5655=CARTESIAN_POINT('Origin',(156.7,-67.35,15.));
#5656=CARTESIAN_POINT('',(156.7,-74.6250185629766,13.));
#5657=CARTESIAN_POINT('Origin',(61.29,-74.6250185629766,13.));
#5658=CARTESIAN_POINT('',(61.29,-74.6250185629766,15.));
#5659=CARTESIAN_POINT('',(61.29,-74.6250185629766,15.));
#5660=CARTESIAN_POINT('',(61.29,-74.6250185629766,13.));
#5661=CARTESIAN_POINT('Origin',(61.29,-67.35,13.));
#5662=CARTESIAN_POINT('Origin',(61.29,-67.35,15.));
#5663=CARTESIAN_POINT('Origin',(108.995,-48.185,15.));
#5664=CARTESIAN_POINT('Origin',(108.995,-48.185,13.));
#5665=UNCERTAINTY_MEASURE_WITH_UNIT(LENGTH_MEASURE(0.01),#5669,
'DISTANCE_ACCURACY_VALUE',
'Maximum model space distance between geometric entities at asserted c
onnectivities');
#5666=UNCERTAINTY_MEASURE_WITH_UNIT(LENGTH_MEASURE(0.01),#5669,
'DISTANCE_ACCURACY_VALUE',
'Maximum model space distance between geometric entities at asserted c
onnectivities');
#5667=(
GEOMETRIC_REPRESENTATION_CONTEXT(3)
GLOBAL_UNCERTAINTY_ASSIGNED_CONTEXT((#5665))
GLOBAL_UNIT_ASSIGNED_CONTEXT((#5669,#5670,#5671))
REPRESENTATION_CONTEXT('','3D')
);
#5668=(
GEOMETRIC_REPRESENTATION_CONTEXT(3)
GLOBAL_UNCERTAINTY_ASSIGNED_CONTEXT((#5666))
GLOBAL_UNIT_ASSIGNED_CONTEXT((#5669,#5670,#5671))
REPRESENTATION_CONTEXT('','3D')
);
#5669=(
LENGTH_UNIT()
NAMED_UNIT(*)
SI_UNIT(.MILLI.,.METRE.)
);
#5670=(
NAMED_UNIT(*)
PLANE_ANGLE_UNIT()
SI_UNIT($,.RADIAN.)
);
#5671=(
NAMED_UNIT(*)
SI_UNIT($,.STERADIAN.)
SOLID_ANGLE_UNIT()
);
#5672=SHAPE_DEFINITION_REPRESENTATION(#5673,#5674);
#5673=PRODUCT_DEFINITION_SHAPE('',$,#5676);
#5674=SHAPE_REPRESENTATION('',(#1366),#5667);
#5675=PRODUCT_DEFINITION_CONTEXT('part definition',#5680,'design');
#5676=PRODUCT_DEFINITION('Coding_pad 1','Coding_pad',#5677,#5675);
#5677=PRODUCT_DEFINITION_FORMATION('',$,#5682);
#5678=PRODUCT_RELATED_PRODUCT_CATEGORY('Coding_pad','Coding_pad',(#5682));
#5679=APPLICATION_PROTOCOL_DEFINITION('international standard',
'automotive_design',2009,#5680);
#5680=APPLICATION_CONTEXT(
'Core Data for Automotive Mechanical Design Process');
#5681=PRODUCT_CONTEXT('part definition',#5680,'mechanical');
#5682=PRODUCT('Coding_pad 1','Coding_pad','KiCad electronic assembly',(#5681));
#5683=PRESENTATION_STYLE_ASSIGNMENT((#5684));
#5684=SURFACE_STYLE_USAGE(.BOTH.,#5685);
#5685=SURFACE_SIDE_STYLE('',(#5686));
#5686=SURFACE_STYLE_FILL_AREA(#5687);
#5687=FILL_AREA_STYLE('Acier - Satin\X\E9',(#5688));
#5688=FILL_AREA_STYLE_COLOUR('Acier - Satin\X\E9',#5689);
#5689=COLOUR_RGB('Acier - Satin\X\E9',0.627450980392157,0.627450980392157,
0.627450980392157);
ENDSEC;
END-ISO-10303-21;
